dataset_id,permutation_id,rule,selected_config_id,selected_configuration,optimizer_label,final_120_split_estimate
0,0,total_order,0,C00,optimizer-A,0.547472222222222
0,0,first_encountered,1,C01,optimizer-A,0.5628333333333335
0,1,total_order,0,C00,optimizer-A,0.547472222222222
0,1,first_encountered,0,C00,optimizer-A,0.547472222222222
0,2,total_order,0,C00,optimizer-A,0.547472222222222
0,2,first_encountered,0,C00,optimizer-A,0.547472222222222
0,3,total_order,0,C00,optimizer-A,0.547472222222222
0,3,first_encountered,0,C00,optimizer-A,0.547472222222222
0,4,total_order,0,C00,optimizer-A,0.547472222222222
0,4,first_encountered,7,C07,optimizer-B,0.621222222222222
0,5,total_order,0,C00,optimizer-A,0.547472222222222
0,5,first_encountered,0,C00,optimizer-A,0.547472222222222
0,6,total_order,0,C00,optimizer-A,0.547472222222222
0,6,first_encountered,6,C06,optimizer-B,0.610027777777778
0,7,total_order,0,C00,optimizer-A,0.547472222222222
0,7,first_encountered,1,C01,optimizer-A,0.5628333333333335
0,8,total_order,0,C00,optimizer-A,0.547472222222222
0,8,first_encountered,1,C01,optimizer-A,0.5628333333333335
0,9,total_order,0,C00,optimizer-A,0.547472222222222
0,9,first_encountered,0,C00,optimizer-A,0.547472222222222
0,10,total_order,0,C00,optimizer-A,0.547472222222222
0,10,first_encountered,7,C07,optimizer-B,0.621222222222222
0,11,total_order,0,C00,optimizer-A,0.547472222222222
0,11,first_encountered,1,C01,optimizer-A,0.5628333333333335
0,12,total_order,0,C00,optimizer-A,0.547472222222222
0,12,first_encountered,6,C06,optimizer-B,0.610027777777778
0,13,total_order,0,C00,optimizer-A,0.547472222222222
0,13,first_encountered,1,C01,optimizer-A,0.5628333333333335
0,14,total_order,0,C00,optimizer-A,0.547472222222222
0,14,first_encountered,1,C01,optimizer-A,0.5628333333333335
0,15,total_order,0,C00,optimizer-A,0.547472222222222
0,15,first_encountered,0,C00,optimizer-A,0.547472222222222
0,16,total_order,0,C00,optimizer-A,0.547472222222222
0,16,first_encountered,7,C07,optimizer-B,0.621222222222222
0,17,total_order,0,C00,optimizer-A,0.547472222222222
0,17,first_encountered,7,C07,optimizer-B,0.621222222222222
0,18,total_order,0,C00,optimizer-A,0.547472222222222
0,18,first_encountered,1,C01,optimizer-A,0.5628333333333335
0,19,total_order,0,C00,optimizer-A,0.547472222222222
0,19,first_encountered,7,C07,optimizer-B,0.621222222222222
0,20,total_order,0,C00,optimizer-A,0.547472222222222
0,20,first_encountered,6,C06,optimizer-B,0.610027777777778
0,21,total_order,0,C00,optimizer-A,0.547472222222222
0,21,first_encountered,0,C00,optimizer-A,0.547472222222222
0,22,total_order,0,C00,optimizer-A,0.547472222222222
0,22,first_encountered,1,C01,optimizer-A,0.5628333333333335
0,23,total_order,0,C00,optimizer-A,0.547472222222222
0,23,first_encountered,7,C07,optimizer-B,0.621222222222222
0,24,total_order,0,C00,optimizer-A,0.547472222222222
0,24,first_encountered,7,C07,optimizer-B,0.621222222222222
1,0,total_order,1,C01,optimizer-A,0.6069722222222221
1,0,first_encountered,2,C02,optimizer-A,0.6186388888888886
1,1,total_order,1,C01,optimizer-A,0.6069722222222221
1,1,first_encountered,2,C02,optimizer-A,0.6186388888888886
1,2,total_order,1,C01,optimizer-A,0.6069722222222221
1,2,first_encountered,2,C02,optimizer-A,0.6186388888888886
1,3,total_order,1,C01,optimizer-A,0.6069722222222221
1,3,first_encountered,8,C08,optimizer-B,0.5600555555555555
1,4,total_order,1,C01,optimizer-A,0.6069722222222221
1,4,first_encountered,7,C07,optimizer-B,0.5556666666666668
1,5,total_order,1,C01,optimizer-A,0.6069722222222221
1,5,first_encountered,1,C01,optimizer-A,0.6069722222222221
1,6,total_order,1,C01,optimizer-A,0.6069722222222221
1,6,first_encountered,7,C07,optimizer-B,0.5556666666666668
1,7,total_order,1,C01,optimizer-A,0.6069722222222221
1,7,first_encountered,1,C01,optimizer-A,0.6069722222222221
1,8,total_order,1,C01,optimizer-A,0.6069722222222221
1,8,first_encountered,2,C02,optimizer-A,0.6186388888888886
1,9,total_order,1,C01,optimizer-A,0.6069722222222221
1,9,first_encountered,2,C02,optimizer-A,0.6186388888888886
1,10,total_order,1,C01,optimizer-A,0.6069722222222221
1,10,first_encountered,7,C07,optimizer-B,0.5556666666666668
1,11,total_order,1,C01,optimizer-A,0.6069722222222221
1,11,first_encountered,8,C08,optimizer-B,0.5600555555555555
1,12,total_order,1,C01,optimizer-A,0.6069722222222221
1,12,first_encountered,8,C08,optimizer-B,0.5600555555555555
1,13,total_order,1,C01,optimizer-A,0.6069722222222221
1,13,first_encountered,1,C01,optimizer-A,0.6069722222222221
1,14,total_order,1,C01,optimizer-A,0.6069722222222221
1,14,first_encountered,8,C08,optimizer-B,0.5600555555555555
1,15,total_order,1,C01,optimizer-A,0.6069722222222221
1,15,first_encountered,8,C08,optimizer-B,0.5600555555555555
1,16,total_order,1,C01,optimizer-A,0.6069722222222221
1,16,first_encountered,8,C08,optimizer-B,0.5600555555555555
1,17,total_order,1,C01,optimizer-A,0.6069722222222221
1,17,first_encountered,7,C07,optimizer-B,0.5556666666666668
1,18,total_order,1,C01,optimizer-A,0.6069722222222221
1,18,first_encountered,8,C08,optimizer-B,0.5600555555555555
1,19,total_order,1,C01,optimizer-A,0.6069722222222221
1,19,first_encountered,8,C08,optimizer-B,0.5600555555555555
1,20,total_order,1,C01,optimizer-A,0.6069722222222221
1,20,first_encountered,1,C01,optimizer-A,0.6069722222222221
1,21,total_order,1,C01,optimizer-A,0.6069722222222221
1,21,first_encountered,8,C08,optimizer-B,0.5600555555555555
1,22,total_order,1,C01,optimizer-A,0.6069722222222221
1,22,first_encountered,1,C01,optimizer-A,0.6069722222222221
1,23,total_order,1,C01,optimizer-A,0.6069722222222221
1,23,first_encountered,8,C08,optimizer-B,0.5600555555555555
1,24,total_order,1,C01,optimizer-A,0.6069722222222221
1,24,first_encountered,7,C07,optimizer-B,0.5556666666666668
2,0,total_order,2,C02,optimizer-A,0.5489444444444445
2,0,first_encountered,2,C02,optimizer-A,0.5489444444444445
2,1,total_order,2,C02,optimizer-A,0.5489444444444445
2,1,first_encountered,3,C03,optimizer-A,0.5624444444444444
2,2,total_order,2,C02,optimizer-A,0.5489444444444445
2,2,first_encountered,2,C02,optimizer-A,0.5489444444444445
2,3,total_order,2,C02,optimizer-A,0.5489444444444445
2,3,first_encountered,8,C08,optimizer-B,0.6072499999999995
2,4,total_order,2,C02,optimizer-A,0.5489444444444445
2,4,first_encountered,9,C09,optimizer-B,0.6198333333333335
2,5,total_order,2,C02,optimizer-A,0.5489444444444445
2,5,first_encountered,8,C08,optimizer-B,0.6072499999999995
2,6,total_order,2,C02,optimizer-A,0.5489444444444445
2,6,first_encountered,9,C09,optimizer-B,0.6198333333333335
2,7,total_order,2,C02,optimizer-A,0.5489444444444445
2,7,first_encountered,3,C03,optimizer-A,0.5624444444444444
2,8,total_order,2,C02,optimizer-A,0.5489444444444445
2,8,first_encountered,2,C02,optimizer-A,0.5489444444444445
2,9,total_order,2,C02,optimizer-A,0.5489444444444445
2,9,first_encountered,2,C02,optimizer-A,0.5489444444444445
2,10,total_order,2,C02,optimizer-A,0.5489444444444445
2,10,first_encountered,3,C03,optimizer-A,0.5624444444444444
2,11,total_order,2,C02,optimizer-A,0.5489444444444445
2,11,first_encountered,3,C03,optimizer-A,0.5624444444444444
2,12,total_order,2,C02,optimizer-A,0.5489444444444445
2,12,first_encountered,8,C08,optimizer-B,0.6072499999999995
2,13,total_order,2,C02,optimizer-A,0.5489444444444445
2,13,first_encountered,8,C08,optimizer-B,0.6072499999999995
2,14,total_order,2,C02,optimizer-A,0.5489444444444445
2,14,first_encountered,8,C08,optimizer-B,0.6072499999999995
2,15,total_order,2,C02,optimizer-A,0.5489444444444445
2,15,first_encountered,8,C08,optimizer-B,0.6072499999999995
2,16,total_order,2,C02,optimizer-A,0.5489444444444445
2,16,first_encountered,8,C08,optimizer-B,0.6072499999999995
2,17,total_order,2,C02,optimizer-A,0.5489444444444445
2,17,first_encountered,9,C09,optimizer-B,0.6198333333333335
2,18,total_order,2,C02,optimizer-A,0.5489444444444445
2,18,first_encountered,3,C03,optimizer-A,0.5624444444444444
2,19,total_order,2,C02,optimizer-A,0.5489444444444445
2,19,first_encountered,9,C09,optimizer-B,0.6198333333333335
2,20,total_order,2,C02,optimizer-A,0.5489444444444445
2,20,first_encountered,3,C03,optimizer-A,0.5624444444444444
2,21,total_order,2,C02,optimizer-A,0.5489444444444445
2,21,first_encountered,8,C08,optimizer-B,0.6072499999999995
2,22,total_order,2,C02,optimizer-A,0.5489444444444445
2,22,first_encountered,9,C09,optimizer-B,0.6198333333333335
2,23,total_order,2,C02,optimizer-A,0.5489444444444445
2,23,first_encountered,8,C08,optimizer-B,0.6072499999999995
2,24,total_order,2,C02,optimizer-A,0.5489444444444445
2,24,first_encountered,8,C08,optimizer-B,0.6072499999999995
3,0,total_order,3,C03,optimizer-A,0.6101666666666665
3,0,first_encountered,3,C03,optimizer-A,0.6101666666666665
3,1,total_order,3,C03,optimizer-A,0.6101666666666665
3,1,first_encountered,3,C03,optimizer-A,0.6101666666666665
3,2,total_order,3,C03,optimizer-A,0.6101666666666665
3,2,first_encountered,4,C04,optimizer-A,0.6202777777777776
3,3,total_order,3,C03,optimizer-A,0.6101666666666665
3,3,first_encountered,4,C04,optimizer-A,0.6202777777777776
3,4,total_order,3,C03,optimizer-A,0.6101666666666665
3,4,first_encountered,4,C04,optimizer-A,0.6202777777777776
3,5,total_order,3,C03,optimizer-A,0.6101666666666665
3,5,first_encountered,10,C10,optimizer-B,0.5625000000000002
3,6,total_order,3,C03,optimizer-A,0.6101666666666665
3,6,first_encountered,9,C09,optimizer-B,0.5555277777777777
3,7,total_order,3,C03,optimizer-A,0.6101666666666665
3,7,first_encountered,3,C03,optimizer-A,0.6101666666666665
3,8,total_order,3,C03,optimizer-A,0.6101666666666665
3,8,first_encountered,9,C09,optimizer-B,0.5555277777777777
3,9,total_order,3,C03,optimizer-A,0.6101666666666665
3,9,first_encountered,10,C10,optimizer-B,0.5625000000000002
3,10,total_order,3,C03,optimizer-A,0.6101666666666665
3,10,first_encountered,3,C03,optimizer-A,0.6101666666666665
3,11,total_order,3,C03,optimizer-A,0.6101666666666665
3,11,first_encountered,3,C03,optimizer-A,0.6101666666666665
3,12,total_order,3,C03,optimizer-A,0.6101666666666665
3,12,first_encountered,4,C04,optimizer-A,0.6202777777777776
3,13,total_order,3,C03,optimizer-A,0.6101666666666665
3,13,first_encountered,10,C10,optimizer-B,0.5625000000000002
3,14,total_order,3,C03,optimizer-A,0.6101666666666665
3,14,first_encountered,10,C10,optimizer-B,0.5625000000000002
3,15,total_order,3,C03,optimizer-A,0.6101666666666665
3,15,first_encountered,9,C09,optimizer-B,0.5555277777777777
3,16,total_order,3,C03,optimizer-A,0.6101666666666665
3,16,first_encountered,9,C09,optimizer-B,0.5555277777777777
3,17,total_order,3,C03,optimizer-A,0.6101666666666665
3,17,first_encountered,4,C04,optimizer-A,0.6202777777777776
3,18,total_order,3,C03,optimizer-A,0.6101666666666665
3,18,first_encountered,10,C10,optimizer-B,0.5625000000000002
3,19,total_order,3,C03,optimizer-A,0.6101666666666665
3,19,first_encountered,9,C09,optimizer-B,0.5555277777777777
3,20,total_order,3,C03,optimizer-A,0.6101666666666665
3,20,first_encountered,10,C10,optimizer-B,0.5625000000000002
3,21,total_order,3,C03,optimizer-A,0.6101666666666665
3,21,first_encountered,3,C03,optimizer-A,0.6101666666666665
3,22,total_order,3,C03,optimizer-A,0.6101666666666665
3,22,first_encountered,10,C10,optimizer-B,0.5625000000000002
3,23,total_order,3,C03,optimizer-A,0.6101666666666665
3,23,first_encountered,4,C04,optimizer-A,0.6202777777777776
3,24,total_order,3,C03,optimizer-A,0.6101666666666665
3,24,first_encountered,9,C09,optimizer-B,0.5555277777777777
4,0,total_order,4,C04,optimizer-A,0.5519166666666669
4,0,first_encountered,10,C10,optimizer-B,0.6111388888888892
4,1,total_order,4,C04,optimizer-A,0.5519166666666669
4,1,first_encountered,5,C05,optimizer-A,0.5598055555555559
4,2,total_order,4,C04,optimizer-A,0.5519166666666669
4,2,first_encountered,11,C11,optimizer-B,0.6200277777777775
4,3,total_order,4,C04,optimizer-A,0.5519166666666669
4,3,first_encountered,4,C04,optimizer-A,0.5519166666666669
4,4,total_order,4,C04,optimizer-A,0.5519166666666669
4,4,first_encountered,4,C04,optimizer-A,0.5519166666666669
4,5,total_order,4,C04,optimizer-A,0.5519166666666669
4,5,first_encountered,10,C10,optimizer-B,0.6111388888888892
4,6,total_order,4,C04,optimizer-A,0.5519166666666669
4,6,first_encountered,10,C10,optimizer-B,0.6111388888888892
4,7,total_order,4,C04,optimizer-A,0.5519166666666669
4,7,first_encountered,10,C10,optimizer-B,0.6111388888888892
4,8,total_order,4,C04,optimizer-A,0.5519166666666669
4,8,first_encountered,5,C05,optimizer-A,0.5598055555555559
4,9,total_order,4,C04,optimizer-A,0.5519166666666669
4,9,first_encountered,10,C10,optimizer-B,0.6111388888888892
4,10,total_order,4,C04,optimizer-A,0.5519166666666669
4,10,first_encountered,11,C11,optimizer-B,0.6200277777777775
4,11,total_order,4,C04,optimizer-A,0.5519166666666669
4,11,first_encountered,5,C05,optimizer-A,0.5598055555555559
4,12,total_order,4,C04,optimizer-A,0.5519166666666669
4,12,first_encountered,4,C04,optimizer-A,0.5519166666666669
4,13,total_order,4,C04,optimizer-A,0.5519166666666669
4,13,first_encountered,5,C05,optimizer-A,0.5598055555555559
4,14,total_order,4,C04,optimizer-A,0.5519166666666669
4,14,first_encountered,10,C10,optimizer-B,0.6111388888888892
4,15,total_order,4,C04,optimizer-A,0.5519166666666669
4,15,first_encountered,11,C11,optimizer-B,0.6200277777777775
4,16,total_order,4,C04,optimizer-A,0.5519166666666669
4,16,first_encountered,10,C10,optimizer-B,0.6111388888888892
4,17,total_order,4,C04,optimizer-A,0.5519166666666669
4,17,first_encountered,4,C04,optimizer-A,0.5519166666666669
4,18,total_order,4,C04,optimizer-A,0.5519166666666669
4,18,first_encountered,10,C10,optimizer-B,0.6111388888888892
4,19,total_order,4,C04,optimizer-A,0.5519166666666669
4,19,first_encountered,5,C05,optimizer-A,0.5598055555555559
4,20,total_order,4,C04,optimizer-A,0.5519166666666669
4,20,first_encountered,10,C10,optimizer-B,0.6111388888888892
4,21,total_order,4,C04,optimizer-A,0.5519166666666669
4,21,first_encountered,5,C05,optimizer-A,0.5598055555555559
4,22,total_order,4,C04,optimizer-A,0.5519166666666669
4,22,first_encountered,10,C10,optimizer-B,0.6111388888888892
4,23,total_order,4,C04,optimizer-A,0.5519166666666669
4,23,first_encountered,4,C04,optimizer-A,0.5519166666666669
4,24,total_order,4,C04,optimizer-A,0.5519166666666669
4,24,first_encountered,11,C11,optimizer-B,0.6200277777777775
5,0,total_order,0,C00,optimizer-A,0.5611944444444447
5,0,first_encountered,6,C06,optimizer-B,0.6192777777777778
5,1,total_order,0,C00,optimizer-A,0.5611944444444447
5,1,first_encountered,0,C00,optimizer-A,0.5611944444444447
5,2,total_order,0,C00,optimizer-A,0.5611944444444447
5,2,first_encountered,11,C11,optimizer-B,0.5529722222222222
5,3,total_order,0,C00,optimizer-A,0.5611944444444447
5,3,first_encountered,0,C00,optimizer-A,0.5611944444444447
5,4,total_order,0,C00,optimizer-A,0.5611944444444447
5,4,first_encountered,6,C06,optimizer-B,0.6192777777777778
5,5,total_order,0,C00,optimizer-A,0.5611944444444447
5,5,first_encountered,0,C00,optimizer-A,0.5611944444444447
5,6,total_order,0,C00,optimizer-A,0.5611944444444447
5,6,first_encountered,6,C06,optimizer-B,0.6192777777777778
5,7,total_order,0,C00,optimizer-A,0.5611944444444447
5,7,first_encountered,6,C06,optimizer-B,0.6192777777777778
5,8,total_order,0,C00,optimizer-A,0.5611944444444447
5,8,first_encountered,5,C05,optimizer-A,0.611666666666667
5,9,total_order,0,C00,optimizer-A,0.5611944444444447
5,9,first_encountered,0,C00,optimizer-A,0.5611944444444447
5,10,total_order,0,C00,optimizer-A,0.5611944444444447
5,10,first_encountered,11,C11,optimizer-B,0.5529722222222222
5,11,total_order,0,C00,optimizer-A,0.5611944444444447
5,11,first_encountered,5,C05,optimizer-A,0.611666666666667
5,12,total_order,0,C00,optimizer-A,0.5611944444444447
5,12,first_encountered,6,C06,optimizer-B,0.6192777777777778
5,13,total_order,0,C00,optimizer-A,0.5611944444444447
5,13,first_encountered,5,C05,optimizer-A,0.611666666666667
5,14,total_order,0,C00,optimizer-A,0.5611944444444447
5,14,first_encountered,5,C05,optimizer-A,0.611666666666667
5,15,total_order,0,C00,optimizer-A,0.5611944444444447
5,15,first_encountered,0,C00,optimizer-A,0.5611944444444447
5,16,total_order,0,C00,optimizer-A,0.5611944444444447
5,16,first_encountered,6,C06,optimizer-B,0.6192777777777778
5,17,total_order,0,C00,optimizer-A,0.5611944444444447
5,17,first_encountered,6,C06,optimizer-B,0.6192777777777778
5,18,total_order,0,C00,optimizer-A,0.5611944444444447
5,18,first_encountered,5,C05,optimizer-A,0.611666666666667
5,19,total_order,0,C00,optimizer-A,0.5611944444444447
5,19,first_encountered,5,C05,optimizer-A,0.611666666666667
5,20,total_order,0,C00,optimizer-A,0.5611944444444447
5,20,first_encountered,6,C06,optimizer-B,0.6192777777777778
5,21,total_order,0,C00,optimizer-A,0.5611944444444447
5,21,first_encountered,0,C00,optimizer-A,0.5611944444444447
5,22,total_order,0,C00,optimizer-A,0.5611944444444447
5,22,first_encountered,5,C05,optimizer-A,0.611666666666667
5,23,total_order,0,C00,optimizer-A,0.5611944444444447
5,23,first_encountered,6,C06,optimizer-B,0.6192777777777778
5,24,total_order,0,C00,optimizer-A,0.5611944444444447
5,24,first_encountered,6,C06,optimizer-B,0.6192777777777778
6,0,total_order,0,C00,optimizer-A,0.6101388888888891
6,0,first_encountered,1,C01,optimizer-A,0.6173888888888889
6,1,total_order,0,C00,optimizer-A,0.6101388888888891
6,1,first_encountered,0,C00,optimizer-A,0.6101388888888891
6,2,total_order,0,C00,optimizer-A,0.6101388888888891
6,2,first_encountered,0,C00,optimizer-A,0.6101388888888891
6,3,total_order,0,C00,optimizer-A,0.6101388888888891
6,3,first_encountered,0,C00,optimizer-A,0.6101388888888891
6,4,total_order,0,C00,optimizer-A,0.6101388888888891
6,4,first_encountered,7,C07,optimizer-B,0.5601944444444446
6,5,total_order,0,C00,optimizer-A,0.6101388888888891
6,5,first_encountered,0,C00,optimizer-A,0.6101388888888891
6,6,total_order,0,C00,optimizer-A,0.6101388888888891
6,6,first_encountered,6,C06,optimizer-B,0.5456666666666667
6,7,total_order,0,C00,optimizer-A,0.6101388888888891
6,7,first_encountered,1,C01,optimizer-A,0.6173888888888889
6,8,total_order,0,C00,optimizer-A,0.6101388888888891
6,8,first_encountered,1,C01,optimizer-A,0.6173888888888889
6,9,total_order,0,C00,optimizer-A,0.6101388888888891
6,9,first_encountered,0,C00,optimizer-A,0.6101388888888891
6,10,total_order,0,C00,optimizer-A,0.6101388888888891
6,10,first_encountered,7,C07,optimizer-B,0.5601944444444446
6,11,total_order,0,C00,optimizer-A,0.6101388888888891
6,11,first_encountered,1,C01,optimizer-A,0.6173888888888889
6,12,total_order,0,C00,optimizer-A,0.6101388888888891
6,12,first_encountered,6,C06,optimizer-B,0.5456666666666667
6,13,total_order,0,C00,optimizer-A,0.6101388888888891
6,13,first_encountered,1,C01,optimizer-A,0.6173888888888889
6,14,total_order,0,C00,optimizer-A,0.6101388888888891
6,14,first_encountered,1,C01,optimizer-A,0.6173888888888889
6,15,total_order,0,C00,optimizer-A,0.6101388888888891
6,15,first_encountered,0,C00,optimizer-A,0.6101388888888891
6,16,total_order,0,C00,optimizer-A,0.6101388888888891
6,16,first_encountered,7,C07,optimizer-B,0.5601944444444446
6,17,total_order,0,C00,optimizer-A,0.6101388888888891
6,17,first_encountered,7,C07,optimizer-B,0.5601944444444446
6,18,total_order,0,C00,optimizer-A,0.6101388888888891
6,18,first_encountered,1,C01,optimizer-A,0.6173888888888889
6,19,total_order,0,C00,optimizer-A,0.6101388888888891
6,19,first_encountered,7,C07,optimizer-B,0.5601944444444446
6,20,total_order,0,C00,optimizer-A,0.6101388888888891
6,20,first_encountered,6,C06,optimizer-B,0.5456666666666667
6,21,total_order,0,C00,optimizer-A,0.6101388888888891
6,21,first_encountered,0,C00,optimizer-A,0.6101388888888891
6,22,total_order,0,C00,optimizer-A,0.6101388888888891
6,22,first_encountered,1,C01,optimizer-A,0.6173888888888889
6,23,total_order,0,C00,optimizer-A,0.6101388888888891
6,23,first_encountered,7,C07,optimizer-B,0.5601944444444446
6,24,total_order,0,C00,optimizer-A,0.6101388888888891
6,24,first_encountered,7,C07,optimizer-B,0.5601944444444446
7,0,total_order,1,C01,optimizer-A,0.5515833333333333
7,0,first_encountered,2,C02,optimizer-A,0.5600833333333333
7,1,total_order,1,C01,optimizer-A,0.5515833333333333
7,1,first_encountered,2,C02,optimizer-A,0.5600833333333333
7,2,total_order,1,C01,optimizer-A,0.5515833333333333
7,2,first_encountered,2,C02,optimizer-A,0.5600833333333333
7,3,total_order,1,C01,optimizer-A,0.5515833333333333
7,3,first_encountered,8,C08,optimizer-B,0.6188611111111114
7,4,total_order,1,C01,optimizer-A,0.5515833333333333
7,4,first_encountered,7,C07,optimizer-B,0.6097500000000003
7,5,total_order,1,C01,optimizer-A,0.5515833333333333
7,5,first_encountered,1,C01,optimizer-A,0.5515833333333333
7,6,total_order,1,C01,optimizer-A,0.5515833333333333
7,6,first_encountered,7,C07,optimizer-B,0.6097500000000003
7,7,total_order,1,C01,optimizer-A,0.5515833333333333
7,7,first_encountered,1,C01,optimizer-A,0.5515833333333333
7,8,total_order,1,C01,optimizer-A,0.5515833333333333
7,8,first_encountered,2,C02,optimizer-A,0.5600833333333333
7,9,total_order,1,C01,optimizer-A,0.5515833333333333
7,9,first_encountered,2,C02,optimizer-A,0.5600833333333333
7,10,total_order,1,C01,optimizer-A,0.5515833333333333
7,10,first_encountered,7,C07,optimizer-B,0.6097500000000003
7,11,total_order,1,C01,optimizer-A,0.5515833333333333
7,11,first_encountered,8,C08,optimizer-B,0.6188611111111114
7,12,total_order,1,C01,optimizer-A,0.5515833333333333
7,12,first_encountered,8,C08,optimizer-B,0.6188611111111114
7,13,total_order,1,C01,optimizer-A,0.5515833333333333
7,13,first_encountered,1,C01,optimizer-A,0.5515833333333333
7,14,total_order,1,C01,optimizer-A,0.5515833333333333
7,14,first_encountered,8,C08,optimizer-B,0.6188611111111114
7,15,total_order,1,C01,optimizer-A,0.5515833333333333
7,15,first_encountered,8,C08,optimizer-B,0.6188611111111114
7,16,total_order,1,C01,optimizer-A,0.5515833333333333
7,16,first_encountered,8,C08,optimizer-B,0.6188611111111114
7,17,total_order,1,C01,optimizer-A,0.5515833333333333
7,17,first_encountered,7,C07,optimizer-B,0.6097500000000003
7,18,total_order,1,C01,optimizer-A,0.5515833333333333
7,18,first_encountered,8,C08,optimizer-B,0.6188611111111114
7,19,total_order,1,C01,optimizer-A,0.5515833333333333
7,19,first_encountered,8,C08,optimizer-B,0.6188611111111114
7,20,total_order,1,C01,optimizer-A,0.5515833333333333
7,20,first_encountered,1,C01,optimizer-A,0.5515833333333333
7,21,total_order,1,C01,optimizer-A,0.5515833333333333
7,21,first_encountered,8,C08,optimizer-B,0.6188611111111114
7,22,total_order,1,C01,optimizer-A,0.5515833333333333
7,22,first_encountered,1,C01,optimizer-A,0.5515833333333333
7,23,total_order,1,C01,optimizer-A,0.5515833333333333
7,23,first_encountered,8,C08,optimizer-B,0.6188611111111114
7,24,total_order,1,C01,optimizer-A,0.5515833333333333
7,24,first_encountered,7,C07,optimizer-B,0.6097500000000003
8,0,total_order,2,C02,optimizer-A,0.6055555555555557
8,0,first_encountered,2,C02,optimizer-A,0.6055555555555557
8,1,total_order,2,C02,optimizer-A,0.6055555555555557
8,1,first_encountered,3,C03,optimizer-A,0.620611111111111
8,2,total_order,2,C02,optimizer-A,0.6055555555555557
8,2,first_encountered,2,C02,optimizer-A,0.6055555555555557
8,3,total_order,2,C02,optimizer-A,0.6055555555555557
8,3,first_encountered,8,C08,optimizer-B,0.5487500000000003
8,4,total_order,2,C02,optimizer-A,0.6055555555555557
8,4,first_encountered,9,C09,optimizer-B,0.5588888888888892
8,5,total_order,2,C02,optimizer-A,0.6055555555555557
8,5,first_encountered,8,C08,optimizer-B,0.5487500000000003
8,6,total_order,2,C02,optimizer-A,0.6055555555555557
8,6,first_encountered,9,C09,optimizer-B,0.5588888888888892
8,7,total_order,2,C02,optimizer-A,0.6055555555555557
8,7,first_encountered,3,C03,optimizer-A,0.620611111111111
8,8,total_order,2,C02,optimizer-A,0.6055555555555557
8,8,first_encountered,2,C02,optimizer-A,0.6055555555555557
8,9,total_order,2,C02,optimizer-A,0.6055555555555557
8,9,first_encountered,2,C02,optimizer-A,0.6055555555555557
8,10,total_order,2,C02,optimizer-A,0.6055555555555557
8,10,first_encountered,3,C03,optimizer-A,0.620611111111111
8,11,total_order,2,C02,optimizer-A,0.6055555555555557
8,11,first_encountered,3,C03,optimizer-A,0.620611111111111
8,12,total_order,2,C02,optimizer-A,0.6055555555555557
8,12,first_encountered,8,C08,optimizer-B,0.5487500000000003
8,13,total_order,2,C02,optimizer-A,0.6055555555555557
8,13,first_encountered,8,C08,optimizer-B,0.5487500000000003
8,14,total_order,2,C02,optimizer-A,0.6055555555555557
8,14,first_encountered,8,C08,optimizer-B,0.5487500000000003
8,15,total_order,2,C02,optimizer-A,0.6055555555555557
8,15,first_encountered,8,C08,optimizer-B,0.5487500000000003
8,16,total_order,2,C02,optimizer-A,0.6055555555555557
8,16,first_encountered,8,C08,optimizer-B,0.5487500000000003
8,17,total_order,2,C02,optimizer-A,0.6055555555555557
8,17,first_encountered,9,C09,optimizer-B,0.5588888888888892
8,18,total_order,2,C02,optimizer-A,0.6055555555555557
8,18,first_encountered,3,C03,optimizer-A,0.620611111111111
8,19,total_order,2,C02,optimizer-A,0.6055555555555557
8,19,first_encountered,9,C09,optimizer-B,0.5588888888888892
8,20,total_order,2,C02,optimizer-A,0.6055555555555557
8,20,first_encountered,3,C03,optimizer-A,0.620611111111111
8,21,total_order,2,C02,optimizer-A,0.6055555555555557
8,21,first_encountered,8,C08,optimizer-B,0.5487500000000003
8,22,total_order,2,C02,optimizer-A,0.6055555555555557
8,22,first_encountered,9,C09,optimizer-B,0.5588888888888892
8,23,total_order,2,C02,optimizer-A,0.6055555555555557
8,23,first_encountered,8,C08,optimizer-B,0.5487500000000003
8,24,total_order,2,C02,optimizer-A,0.6055555555555557
8,24,first_encountered,8,C08,optimizer-B,0.5487500000000003
9,0,total_order,3,C03,optimizer-A,0.5506666666666667
9,0,first_encountered,3,C03,optimizer-A,0.5506666666666667
9,1,total_order,3,C03,optimizer-A,0.5506666666666667
9,1,first_encountered,3,C03,optimizer-A,0.5506666666666667
9,2,total_order,3,C03,optimizer-A,0.5506666666666667
9,2,first_encountered,4,C04,optimizer-A,0.5620833333333335
9,3,total_order,3,C03,optimizer-A,0.5506666666666667
9,3,first_encountered,4,C04,optimizer-A,0.5620833333333335
9,4,total_order,3,C03,optimizer-A,0.5506666666666667
9,4,first_encountered,4,C04,optimizer-A,0.5620833333333335
9,5,total_order,3,C03,optimizer-A,0.5506666666666667
9,5,first_encountered,10,C10,optimizer-B,0.620416666666667
9,6,total_order,3,C03,optimizer-A,0.5506666666666667
9,6,first_encountered,9,C09,optimizer-B,0.6140555555555556
9,7,total_order,3,C03,optimizer-A,0.5506666666666667
9,7,first_encountered,3,C03,optimizer-A,0.5506666666666667
9,8,total_order,3,C03,optimizer-A,0.5506666666666667
9,8,first_encountered,9,C09,optimizer-B,0.6140555555555556
9,9,total_order,3,C03,optimizer-A,0.5506666666666667
9,9,first_encountered,10,C10,optimizer-B,0.620416666666667
9,10,total_order,3,C03,optimizer-A,0.5506666666666667
9,10,first_encountered,3,C03,optimizer-A,0.5506666666666667
9,11,total_order,3,C03,optimizer-A,0.5506666666666667
9,11,first_encountered,3,C03,optimizer-A,0.5506666666666667
9,12,total_order,3,C03,optimizer-A,0.5506666666666667
9,12,first_encountered,4,C04,optimizer-A,0.5620833333333335
9,13,total_order,3,C03,optimizer-A,0.5506666666666667
9,13,first_encountered,10,C10,optimizer-B,0.620416666666667
9,14,total_order,3,C03,optimizer-A,0.5506666666666667
9,14,first_encountered,10,C10,optimizer-B,0.620416666666667
9,15,total_order,3,C03,optimizer-A,0.5506666666666667
9,15,first_encountered,9,C09,optimizer-B,0.6140555555555556
9,16,total_order,3,C03,optimizer-A,0.5506666666666667
9,16,first_encountered,9,C09,optimizer-B,0.6140555555555556
9,17,total_order,3,C03,optimizer-A,0.5506666666666667
9,17,first_encountered,4,C04,optimizer-A,0.5620833333333335
9,18,total_order,3,C03,optimizer-A,0.5506666666666667
9,18,first_encountered,10,C10,optimizer-B,0.620416666666667
9,19,total_order,3,C03,optimizer-A,0.5506666666666667
9,19,first_encountered,9,C09,optimizer-B,0.6140555555555556
9,20,total_order,3,C03,optimizer-A,0.5506666666666667
9,20,first_encountered,10,C10,optimizer-B,0.620416666666667
9,21,total_order,3,C03,optimizer-A,0.5506666666666667
9,21,first_encountered,3,C03,optimizer-A,0.5506666666666667
9,22,total_order,3,C03,optimizer-A,0.5506666666666667
9,22,first_encountered,10,C10,optimizer-B,0.620416666666667
9,23,total_order,3,C03,optimizer-A,0.5506666666666667
9,23,first_encountered,4,C04,optimizer-A,0.5620833333333335
9,24,total_order,3,C03,optimizer-A,0.5506666666666667
9,24,first_encountered,9,C09,optimizer-B,0.6140555555555556
10,0,total_order,4,C04,optimizer-A,0.6108611111111115
10,0,first_encountered,10,C10,optimizer-B,0.5515833333333336
10,1,total_order,4,C04,optimizer-A,0.6108611111111115
10,1,first_encountered,5,C05,optimizer-A,0.6246111111111115
10,2,total_order,4,C04,optimizer-A,0.6108611111111115
10,2,first_encountered,11,C11,optimizer-B,0.5585555555555556
10,3,total_order,4,C04,optimizer-A,0.6108611111111115
10,3,first_encountered,4,C04,optimizer-A,0.6108611111111115
10,4,total_order,4,C04,optimizer-A,0.6108611111111115
10,4,first_encountered,4,C04,optimizer-A,0.6108611111111115
10,5,total_order,4,C04,optimizer-A,0.6108611111111115
10,5,first_encountered,10,C10,optimizer-B,0.5515833333333336
10,6,total_order,4,C04,optimizer-A,0.6108611111111115
10,6,first_encountered,10,C10,optimizer-B,0.5515833333333336
10,7,total_order,4,C04,optimizer-A,0.6108611111111115
10,7,first_encountered,10,C10,optimizer-B,0.5515833333333336
10,8,total_order,4,C04,optimizer-A,0.6108611111111115
10,8,first_encountered,5,C05,optimizer-A,0.6246111111111115
10,9,total_order,4,C04,optimizer-A,0.6108611111111115
10,9,first_encountered,10,C10,optimizer-B,0.5515833333333336
10,10,total_order,4,C04,optimizer-A,0.6108611111111115
10,10,first_encountered,11,C11,optimizer-B,0.5585555555555556
10,11,total_order,4,C04,optimizer-A,0.6108611111111115
10,11,first_encountered,5,C05,optimizer-A,0.6246111111111115
10,12,total_order,4,C04,optimizer-A,0.6108611111111115
10,12,first_encountered,4,C04,optimizer-A,0.6108611111111115
10,13,total_order,4,C04,optimizer-A,0.6108611111111115
10,13,first_encountered,5,C05,optimizer-A,0.6246111111111115
10,14,total_order,4,C04,optimizer-A,0.6108611111111115
10,14,first_encountered,10,C10,optimizer-B,0.5515833333333336
10,15,total_order,4,C04,optimizer-A,0.6108611111111115
10,15,first_encountered,11,C11,optimizer-B,0.5585555555555556
10,16,total_order,4,C04,optimizer-A,0.6108611111111115
10,16,first_encountered,10,C10,optimizer-B,0.5515833333333336
10,17,total_order,4,C04,optimizer-A,0.6108611111111115
10,17,first_encountered,4,C04,optimizer-A,0.6108611111111115
10,18,total_order,4,C04,optimizer-A,0.6108611111111115
10,18,first_encountered,10,C10,optimizer-B,0.5515833333333336
10,19,total_order,4,C04,optimizer-A,0.6108611111111115
10,19,first_encountered,5,C05,optimizer-A,0.6246111111111115
10,20,total_order,4,C04,optimizer-A,0.6108611111111115
10,20,first_encountered,10,C10,optimizer-B,0.5515833333333336
10,21,total_order,4,C04,optimizer-A,0.6108611111111115
10,21,first_encountered,5,C05,optimizer-A,0.6246111111111115
10,22,total_order,4,C04,optimizer-A,0.6108611111111115
10,22,first_encountered,10,C10,optimizer-B,0.5515833333333336
10,23,total_order,4,C04,optimizer-A,0.6108611111111115
10,23,first_encountered,4,C04,optimizer-A,0.6108611111111115
10,24,total_order,4,C04,optimizer-A,0.6108611111111115
10,24,first_encountered,11,C11,optimizer-B,0.5585555555555556
11,0,total_order,0,C00,optimizer-A,0.62025
11,0,first_encountered,6,C06,optimizer-B,0.5590555555555557
11,1,total_order,0,C00,optimizer-A,0.62025
11,1,first_encountered,0,C00,optimizer-A,0.62025
11,2,total_order,0,C00,optimizer-A,0.62025
11,2,first_encountered,11,C11,optimizer-B,0.6103333333333335
11,3,total_order,0,C00,optimizer-A,0.62025
11,3,first_encountered,0,C00,optimizer-A,0.62025
11,4,total_order,0,C00,optimizer-A,0.62025
11,4,first_encountered,6,C06,optimizer-B,0.5590555555555557
11,5,total_order,0,C00,optimizer-A,0.62025
11,5,first_encountered,0,C00,optimizer-A,0.62025
11,6,total_order,0,C00,optimizer-A,0.62025
11,6,first_encountered,6,C06,optimizer-B,0.5590555555555557
11,7,total_order,0,C00,optimizer-A,0.62025
11,7,first_encountered,6,C06,optimizer-B,0.5590555555555557
11,8,total_order,0,C00,optimizer-A,0.62025
11,8,first_encountered,5,C05,optimizer-A,0.5479444444444445
11,9,total_order,0,C00,optimizer-A,0.62025
11,9,first_encountered,0,C00,optimizer-A,0.62025
11,10,total_order,0,C00,optimizer-A,0.62025
11,10,first_encountered,11,C11,optimizer-B,0.6103333333333335
11,11,total_order,0,C00,optimizer-A,0.62025
11,11,first_encountered,5,C05,optimizer-A,0.5479444444444445
11,12,total_order,0,C00,optimizer-A,0.62025
11,12,first_encountered,6,C06,optimizer-B,0.5590555555555557
11,13,total_order,0,C00,optimizer-A,0.62025
11,13,first_encountered,5,C05,optimizer-A,0.5479444444444445
11,14,total_order,0,C00,optimizer-A,0.62025
11,14,first_encountered,5,C05,optimizer-A,0.5479444444444445
11,15,total_order,0,C00,optimizer-A,0.62025
11,15,first_encountered,0,C00,optimizer-A,0.62025
11,16,total_order,0,C00,optimizer-A,0.62025
11,16,first_encountered,6,C06,optimizer-B,0.5590555555555557
11,17,total_order,0,C00,optimizer-A,0.62025
11,17,first_encountered,6,C06,optimizer-B,0.5590555555555557
11,18,total_order,0,C00,optimizer-A,0.62025
11,18,first_encountered,5,C05,optimizer-A,0.5479444444444445
11,19,total_order,0,C00,optimizer-A,0.62025
11,19,first_encountered,5,C05,optimizer-A,0.5479444444444445
11,20,total_order,0,C00,optimizer-A,0.62025
11,20,first_encountered,6,C06,optimizer-B,0.5590555555555557
11,21,total_order,0,C00,optimizer-A,0.62025
11,21,first_encountered,0,C00,optimizer-A,0.62025
11,22,total_order,0,C00,optimizer-A,0.62025
11,22,first_encountered,5,C05,optimizer-A,0.5479444444444445
11,23,total_order,0,C00,optimizer-A,0.62025
11,23,first_encountered,6,C06,optimizer-B,0.5590555555555557
11,24,total_order,0,C00,optimizer-A,0.62025
11,24,first_encountered,6,C06,optimizer-B,0.5590555555555557
12,0,total_order,0,C00,optimizer-A,0.5500555555555556
12,0,first_encountered,1,C01,optimizer-A,0.5554722222222224
12,1,total_order,0,C00,optimizer-A,0.5500555555555556
12,1,first_encountered,0,C00,optimizer-A,0.5500555555555556
12,2,total_order,0,C00,optimizer-A,0.5500555555555556
12,2,first_encountered,0,C00,optimizer-A,0.5500555555555556
12,3,total_order,0,C00,optimizer-A,0.5500555555555556
12,3,first_encountered,0,C00,optimizer-A,0.5500555555555556
12,4,total_order,0,C00,optimizer-A,0.5500555555555556
12,4,first_encountered,7,C07,optimizer-B,0.6184999999999994
12,5,total_order,0,C00,optimizer-A,0.5500555555555556
12,5,first_encountered,0,C00,optimizer-A,0.5500555555555556
12,6,total_order,0,C00,optimizer-A,0.5500555555555556
12,6,first_encountered,6,C06,optimizer-B,0.6143055555555555
12,7,total_order,0,C00,optimizer-A,0.5500555555555556
12,7,first_encountered,1,C01,optimizer-A,0.5554722222222224
12,8,total_order,0,C00,optimizer-A,0.5500555555555556
12,8,first_encountered,1,C01,optimizer-A,0.5554722222222224
12,9,total_order,0,C00,optimizer-A,0.5500555555555556
12,9,first_encountered,0,C00,optimizer-A,0.5500555555555556
12,10,total_order,0,C00,optimizer-A,0.5500555555555556
12,10,first_encountered,7,C07,optimizer-B,0.6184999999999994
12,11,total_order,0,C00,optimizer-A,0.5500555555555556
12,11,first_encountered,1,C01,optimizer-A,0.5554722222222224
12,12,total_order,0,C00,optimizer-A,0.5500555555555556
12,12,first_encountered,6,C06,optimizer-B,0.6143055555555555
12,13,total_order,0,C00,optimizer-A,0.5500555555555556
12,13,first_encountered,1,C01,optimizer-A,0.5554722222222224
12,14,total_order,0,C00,optimizer-A,0.5500555555555556
12,14,first_encountered,1,C01,optimizer-A,0.5554722222222224
12,15,total_order,0,C00,optimizer-A,0.5500555555555556
12,15,first_encountered,0,C00,optimizer-A,0.5500555555555556
12,16,total_order,0,C00,optimizer-A,0.5500555555555556
12,16,first_encountered,7,C07,optimizer-B,0.6184999999999994
12,17,total_order,0,C00,optimizer-A,0.5500555555555556
12,17,first_encountered,7,C07,optimizer-B,0.6184999999999994
12,18,total_order,0,C00,optimizer-A,0.5500555555555556
12,18,first_encountered,1,C01,optimizer-A,0.5554722222222224
12,19,total_order,0,C00,optimizer-A,0.5500555555555556
12,19,first_encountered,7,C07,optimizer-B,0.6184999999999994
12,20,total_order,0,C00,optimizer-A,0.5500555555555556
12,20,first_encountered,6,C06,optimizer-B,0.6143055555555555
12,21,total_order,0,C00,optimizer-A,0.5500555555555556
12,21,first_encountered,0,C00,optimizer-A,0.5500555555555556
12,22,total_order,0,C00,optimizer-A,0.5500555555555556
12,22,first_encountered,1,C01,optimizer-A,0.5554722222222224
12,23,total_order,0,C00,optimizer-A,0.5500555555555556
12,23,first_encountered,7,C07,optimizer-B,0.6184999999999994
12,24,total_order,0,C00,optimizer-A,0.5500555555555556
12,24,first_encountered,7,C07,optimizer-B,0.6184999999999994
13,0,total_order,1,C01,optimizer-A,0.6116111111111109
13,0,first_encountered,2,C02,optimizer-A,0.6202500000000001
13,1,total_order,1,C01,optimizer-A,0.6116111111111109
13,1,first_encountered,2,C02,optimizer-A,0.6202500000000001
13,2,total_order,1,C01,optimizer-A,0.6116111111111109
13,2,first_encountered,2,C02,optimizer-A,0.6202500000000001
13,3,total_order,1,C01,optimizer-A,0.6116111111111109
13,3,first_encountered,8,C08,optimizer-B,0.5592499999999999
13,4,total_order,1,C01,optimizer-A,0.6116111111111109
13,4,first_encountered,7,C07,optimizer-B,0.5507777777777779
13,5,total_order,1,C01,optimizer-A,0.6116111111111109
13,5,first_encountered,1,C01,optimizer-A,0.6116111111111109
13,6,total_order,1,C01,optimizer-A,0.6116111111111109
13,6,first_encountered,7,C07,optimizer-B,0.5507777777777779
13,7,total_order,1,C01,optimizer-A,0.6116111111111109
13,7,first_encountered,1,C01,optimizer-A,0.6116111111111109
13,8,total_order,1,C01,optimizer-A,0.6116111111111109
13,8,first_encountered,2,C02,optimizer-A,0.6202500000000001
13,9,total_order,1,C01,optimizer-A,0.6116111111111109
13,9,first_encountered,2,C02,optimizer-A,0.6202500000000001
13,10,total_order,1,C01,optimizer-A,0.6116111111111109
13,10,first_encountered,7,C07,optimizer-B,0.5507777777777779
13,11,total_order,1,C01,optimizer-A,0.6116111111111109
13,11,first_encountered,8,C08,optimizer-B,0.5592499999999999
13,12,total_order,1,C01,optimizer-A,0.6116111111111109
13,12,first_encountered,8,C08,optimizer-B,0.5592499999999999
13,13,total_order,1,C01,optimizer-A,0.6116111111111109
13,13,first_encountered,1,C01,optimizer-A,0.6116111111111109
13,14,total_order,1,C01,optimizer-A,0.6116111111111109
13,14,first_encountered,8,C08,optimizer-B,0.5592499999999999
13,15,total_order,1,C01,optimizer-A,0.6116111111111109
13,15,first_encountered,8,C08,optimizer-B,0.5592499999999999
13,16,total_order,1,C01,optimizer-A,0.6116111111111109
13,16,first_encountered,8,C08,optimizer-B,0.5592499999999999
13,17,total_order,1,C01,optimizer-A,0.6116111111111109
13,17,first_encountered,7,C07,optimizer-B,0.5507777777777779
13,18,total_order,1,C01,optimizer-A,0.6116111111111109
13,18,first_encountered,8,C08,optimizer-B,0.5592499999999999
13,19,total_order,1,C01,optimizer-A,0.6116111111111109
13,19,first_encountered,8,C08,optimizer-B,0.5592499999999999
13,20,total_order,1,C01,optimizer-A,0.6116111111111109
13,20,first_encountered,1,C01,optimizer-A,0.6116111111111109
13,21,total_order,1,C01,optimizer-A,0.6116111111111109
13,21,first_encountered,8,C08,optimizer-B,0.5592499999999999
13,22,total_order,1,C01,optimizer-A,0.6116111111111109
13,22,first_encountered,1,C01,optimizer-A,0.6116111111111109
13,23,total_order,1,C01,optimizer-A,0.6116111111111109
13,23,first_encountered,8,C08,optimizer-B,0.5592499999999999
13,24,total_order,1,C01,optimizer-A,0.6116111111111109
13,24,first_encountered,7,C07,optimizer-B,0.5507777777777779
14,0,total_order,2,C02,optimizer-A,0.5486111111111112
14,0,first_encountered,2,C02,optimizer-A,0.5486111111111112
14,1,total_order,2,C02,optimizer-A,0.5486111111111112
14,1,first_encountered,3,C03,optimizer-A,0.5629999999999998
14,2,total_order,2,C02,optimizer-A,0.5486111111111112
14,2,first_encountered,2,C02,optimizer-A,0.5486111111111112
14,3,total_order,2,C02,optimizer-A,0.5486111111111112
14,3,first_encountered,8,C08,optimizer-B,0.6103333333333335
14,4,total_order,2,C02,optimizer-A,0.5486111111111112
14,4,first_encountered,9,C09,optimizer-B,0.6197499999999998
14,5,total_order,2,C02,optimizer-A,0.5486111111111112
14,5,first_encountered,8,C08,optimizer-B,0.6103333333333335
14,6,total_order,2,C02,optimizer-A,0.5486111111111112
14,6,first_encountered,9,C09,optimizer-B,0.6197499999999998
14,7,total_order,2,C02,optimizer-A,0.5486111111111112
14,7,first_encountered,3,C03,optimizer-A,0.5629999999999998
14,8,total_order,2,C02,optimizer-A,0.5486111111111112
14,8,first_encountered,2,C02,optimizer-A,0.5486111111111112
14,9,total_order,2,C02,optimizer-A,0.5486111111111112
14,9,first_encountered,2,C02,optimizer-A,0.5486111111111112
14,10,total_order,2,C02,optimizer-A,0.5486111111111112
14,10,first_encountered,3,C03,optimizer-A,0.5629999999999998
14,11,total_order,2,C02,optimizer-A,0.5486111111111112
14,11,first_encountered,3,C03,optimizer-A,0.5629999999999998
14,12,total_order,2,C02,optimizer-A,0.5486111111111112
14,12,first_encountered,8,C08,optimizer-B,0.6103333333333335
14,13,total_order,2,C02,optimizer-A,0.5486111111111112
14,13,first_encountered,8,C08,optimizer-B,0.6103333333333335
14,14,total_order,2,C02,optimizer-A,0.5486111111111112
14,14,first_encountered,8,C08,optimizer-B,0.6103333333333335
14,15,total_order,2,C02,optimizer-A,0.5486111111111112
14,15,first_encountered,8,C08,optimizer-B,0.6103333333333335
14,16,total_order,2,C02,optimizer-A,0.5486111111111112
14,16,first_encountered,8,C08,optimizer-B,0.6103333333333335
14,17,total_order,2,C02,optimizer-A,0.5486111111111112
14,17,first_encountered,9,C09,optimizer-B,0.6197499999999998
14,18,total_order,2,C02,optimizer-A,0.5486111111111112
14,18,first_encountered,3,C03,optimizer-A,0.5629999999999998
14,19,total_order,2,C02,optimizer-A,0.5486111111111112
14,19,first_encountered,9,C09,optimizer-B,0.6197499999999998
14,20,total_order,2,C02,optimizer-A,0.5486111111111112
14,20,first_encountered,3,C03,optimizer-A,0.5629999999999998
14,21,total_order,2,C02,optimizer-A,0.5486111111111112
14,21,first_encountered,8,C08,optimizer-B,0.6103333333333335
14,22,total_order,2,C02,optimizer-A,0.5486111111111112
14,22,first_encountered,9,C09,optimizer-B,0.6197499999999998
14,23,total_order,2,C02,optimizer-A,0.5486111111111112
14,23,first_encountered,8,C08,optimizer-B,0.6103333333333335
14,24,total_order,2,C02,optimizer-A,0.5486111111111112
14,24,first_encountered,8,C08,optimizer-B,0.6103333333333335
15,0,total_order,3,C03,optimizer-A,0.609638888888889
15,0,first_encountered,3,C03,optimizer-A,0.609638888888889
15,1,total_order,3,C03,optimizer-A,0.609638888888889
15,1,first_encountered,3,C03,optimizer-A,0.609638888888889
15,2,total_order,3,C03,optimizer-A,0.609638888888889
15,2,first_encountered,4,C04,optimizer-A,0.6196666666666665
15,3,total_order,3,C03,optimizer-A,0.609638888888889
15,3,first_encountered,4,C04,optimizer-A,0.6196666666666665
15,4,total_order,3,C03,optimizer-A,0.609638888888889
15,4,first_encountered,4,C04,optimizer-A,0.6196666666666665
15,5,total_order,3,C03,optimizer-A,0.609638888888889
15,5,first_encountered,10,C10,optimizer-B,0.5591111111111112
15,6,total_order,3,C03,optimizer-A,0.609638888888889
15,6,first_encountered,9,C09,optimizer-B,0.5501944444444447
15,7,total_order,3,C03,optimizer-A,0.609638888888889
15,7,first_encountered,3,C03,optimizer-A,0.609638888888889
15,8,total_order,3,C03,optimizer-A,0.609638888888889
15,8,first_encountered,9,C09,optimizer-B,0.5501944444444447
15,9,total_order,3,C03,optimizer-A,0.609638888888889
15,9,first_encountered,10,C10,optimizer-B,0.5591111111111112
15,10,total_order,3,C03,optimizer-A,0.609638888888889
15,10,first_encountered,3,C03,optimizer-A,0.609638888888889
15,11,total_order,3,C03,optimizer-A,0.609638888888889
15,11,first_encountered,3,C03,optimizer-A,0.609638888888889
15,12,total_order,3,C03,optimizer-A,0.609638888888889
15,12,first_encountered,4,C04,optimizer-A,0.6196666666666665
15,13,total_order,3,C03,optimizer-A,0.609638888888889
15,13,first_encountered,10,C10,optimizer-B,0.5591111111111112
15,14,total_order,3,C03,optimizer-A,0.609638888888889
15,14,first_encountered,10,C10,optimizer-B,0.5591111111111112
15,15,total_order,3,C03,optimizer-A,0.609638888888889
15,15,first_encountered,9,C09,optimizer-B,0.5501944444444447
15,16,total_order,3,C03,optimizer-A,0.609638888888889
15,16,first_encountered,9,C09,optimizer-B,0.5501944444444447
15,17,total_order,3,C03,optimizer-A,0.609638888888889
15,17,first_encountered,4,C04,optimizer-A,0.6196666666666665
15,18,total_order,3,C03,optimizer-A,0.609638888888889
15,18,first_encountered,10,C10,optimizer-B,0.5591111111111112
15,19,total_order,3,C03,optimizer-A,0.609638888888889
15,19,first_encountered,9,C09,optimizer-B,0.5501944444444447
15,20,total_order,3,C03,optimizer-A,0.609638888888889
15,20,first_encountered,10,C10,optimizer-B,0.5591111111111112
15,21,total_order,3,C03,optimizer-A,0.609638888888889
15,21,first_encountered,3,C03,optimizer-A,0.609638888888889
15,22,total_order,3,C03,optimizer-A,0.609638888888889
15,22,first_encountered,10,C10,optimizer-B,0.5591111111111112
15,23,total_order,3,C03,optimizer-A,0.609638888888889
15,23,first_encountered,4,C04,optimizer-A,0.6196666666666665
15,24,total_order,3,C03,optimizer-A,0.609638888888889
15,24,first_encountered,9,C09,optimizer-B,0.5501944444444447
16,0,total_order,4,C04,optimizer-A,0.5511944444444445
16,0,first_encountered,10,C10,optimizer-B,0.6051111111111109
16,1,total_order,4,C04,optimizer-A,0.5511944444444445
16,1,first_encountered,5,C05,optimizer-A,0.5599444444444445
16,2,total_order,4,C04,optimizer-A,0.5511944444444445
16,2,first_encountered,11,C11,optimizer-B,0.6186666666666667
16,3,total_order,4,C04,optimizer-A,0.5511944444444445
16,3,first_encountered,4,C04,optimizer-A,0.5511944444444445
16,4,total_order,4,C04,optimizer-A,0.5511944444444445
16,4,first_encountered,4,C04,optimizer-A,0.5511944444444445
16,5,total_order,4,C04,optimizer-A,0.5511944444444445
16,5,first_encountered,10,C10,optimizer-B,0.6051111111111109
16,6,total_order,4,C04,optimizer-A,0.5511944444444445
16,6,first_encountered,10,C10,optimizer-B,0.6051111111111109
16,7,total_order,4,C04,optimizer-A,0.5511944444444445
16,7,first_encountered,10,C10,optimizer-B,0.6051111111111109
16,8,total_order,4,C04,optimizer-A,0.5511944444444445
16,8,first_encountered,5,C05,optimizer-A,0.5599444444444445
16,9,total_order,4,C04,optimizer-A,0.5511944444444445
16,9,first_encountered,10,C10,optimizer-B,0.6051111111111109
16,10,total_order,4,C04,optimizer-A,0.5511944444444445
16,10,first_encountered,11,C11,optimizer-B,0.6186666666666667
16,11,total_order,4,C04,optimizer-A,0.5511944444444445
16,11,first_encountered,5,C05,optimizer-A,0.5599444444444445
16,12,total_order,4,C04,optimizer-A,0.5511944444444445
16,12,first_encountered,4,C04,optimizer-A,0.5511944444444445
16,13,total_order,4,C04,optimizer-A,0.5511944444444445
16,13,first_encountered,5,C05,optimizer-A,0.5599444444444445
16,14,total_order,4,C04,optimizer-A,0.5511944444444445
16,14,first_encountered,10,C10,optimizer-B,0.6051111111111109
16,15,total_order,4,C04,optimizer-A,0.5511944444444445
16,15,first_encountered,11,C11,optimizer-B,0.6186666666666667
16,16,total_order,4,C04,optimizer-A,0.5511944444444445
16,16,first_encountered,10,C10,optimizer-B,0.6051111111111109
16,17,total_order,4,C04,optimizer-A,0.5511944444444445
16,17,first_encountered,4,C04,optimizer-A,0.5511944444444445
16,18,total_order,4,C04,optimizer-A,0.5511944444444445
16,18,first_encountered,10,C10,optimizer-B,0.6051111111111109
16,19,total_order,4,C04,optimizer-A,0.5511944444444445
16,19,first_encountered,5,C05,optimizer-A,0.5599444444444445
16,20,total_order,4,C04,optimizer-A,0.5511944444444445
16,20,first_encountered,10,C10,optimizer-B,0.6051111111111109
16,21,total_order,4,C04,optimizer-A,0.5511944444444445
16,21,first_encountered,5,C05,optimizer-A,0.5599444444444445
16,22,total_order,4,C04,optimizer-A,0.5511944444444445
16,22,first_encountered,10,C10,optimizer-B,0.6051111111111109
16,23,total_order,4,C04,optimizer-A,0.5511944444444445
16,23,first_encountered,4,C04,optimizer-A,0.5511944444444445
16,24,total_order,4,C04,optimizer-A,0.5511944444444445
16,24,first_encountered,11,C11,optimizer-B,0.6186666666666667
17,0,total_order,0,C00,optimizer-A,0.5538055555555553
17,0,first_encountered,6,C06,optimizer-B,0.6201111111111114
17,1,total_order,0,C00,optimizer-A,0.5538055555555553
17,1,first_encountered,0,C00,optimizer-A,0.5538055555555553
17,2,total_order,0,C00,optimizer-A,0.5538055555555553
17,2,first_encountered,11,C11,optimizer-B,0.5536388888888888
17,3,total_order,0,C00,optimizer-A,0.5538055555555553
17,3,first_encountered,0,C00,optimizer-A,0.5538055555555553
17,4,total_order,0,C00,optimizer-A,0.5538055555555553
17,4,first_encountered,6,C06,optimizer-B,0.6201111111111114
17,5,total_order,0,C00,optimizer-A,0.5538055555555553
17,5,first_encountered,0,C00,optimizer-A,0.5538055555555553
17,6,total_order,0,C00,optimizer-A,0.5538055555555553
17,6,first_encountered,6,C06,optimizer-B,0.6201111111111114
17,7,total_order,0,C00,optimizer-A,0.5538055555555553
17,7,first_encountered,6,C06,optimizer-B,0.6201111111111114
17,8,total_order,0,C00,optimizer-A,0.5538055555555553
17,8,first_encountered,5,C05,optimizer-A,0.6105555555555555
17,9,total_order,0,C00,optimizer-A,0.5538055555555553
17,9,first_encountered,0,C00,optimizer-A,0.5538055555555553
17,10,total_order,0,C00,optimizer-A,0.5538055555555553
17,10,first_encountered,11,C11,optimizer-B,0.5536388888888888
17,11,total_order,0,C00,optimizer-A,0.5538055555555553
17,11,first_encountered,5,C05,optimizer-A,0.6105555555555555
17,12,total_order,0,C00,optimizer-A,0.5538055555555553
17,12,first_encountered,6,C06,optimizer-B,0.6201111111111114
17,13,total_order,0,C00,optimizer-A,0.5538055555555553
17,13,first_encountered,5,C05,optimizer-A,0.6105555555555555
17,14,total_order,0,C00,optimizer-A,0.5538055555555553
17,14,first_encountered,5,C05,optimizer-A,0.6105555555555555
17,15,total_order,0,C00,optimizer-A,0.5538055555555553
17,15,first_encountered,0,C00,optimizer-A,0.5538055555555553
17,16,total_order,0,C00,optimizer-A,0.5538055555555553
17,16,first_encountered,6,C06,optimizer-B,0.6201111111111114
17,17,total_order,0,C00,optimizer-A,0.5538055555555553
17,17,first_encountered,6,C06,optimizer-B,0.6201111111111114
17,18,total_order,0,C00,optimizer-A,0.5538055555555553
17,18,first_encountered,5,C05,optimizer-A,0.6105555555555555
17,19,total_order,0,C00,optimizer-A,0.5538055555555553
17,19,first_encountered,5,C05,optimizer-A,0.6105555555555555
17,20,total_order,0,C00,optimizer-A,0.5538055555555553
17,20,first_encountered,6,C06,optimizer-B,0.6201111111111114
17,21,total_order,0,C00,optimizer-A,0.5538055555555553
17,21,first_encountered,0,C00,optimizer-A,0.5538055555555553
17,22,total_order,0,C00,optimizer-A,0.5538055555555553
17,22,first_encountered,5,C05,optimizer-A,0.6105555555555555
17,23,total_order,0,C00,optimizer-A,0.5538055555555553
17,23,first_encountered,6,C06,optimizer-B,0.6201111111111114
17,24,total_order,0,C00,optimizer-A,0.5538055555555553
17,24,first_encountered,6,C06,optimizer-B,0.6201111111111114
18,0,total_order,0,C00,optimizer-A,0.6119999999999998
18,0,first_encountered,1,C01,optimizer-A,0.6181666666666668
18,1,total_order,0,C00,optimizer-A,0.6119999999999998
18,1,first_encountered,0,C00,optimizer-A,0.6119999999999998
18,2,total_order,0,C00,optimizer-A,0.6119999999999998
18,2,first_encountered,0,C00,optimizer-A,0.6119999999999998
18,3,total_order,0,C00,optimizer-A,0.6119999999999998
18,3,first_encountered,0,C00,optimizer-A,0.6119999999999998
18,4,total_order,0,C00,optimizer-A,0.6119999999999998
18,4,first_encountered,7,C07,optimizer-B,0.5585277777777781
18,5,total_order,0,C00,optimizer-A,0.6119999999999998
18,5,first_encountered,0,C00,optimizer-A,0.6119999999999998
18,6,total_order,0,C00,optimizer-A,0.6119999999999998
18,6,first_encountered,6,C06,optimizer-B,0.5493888888888889
18,7,total_order,0,C00,optimizer-A,0.6119999999999998
18,7,first_encountered,1,C01,optimizer-A,0.6181666666666668
18,8,total_order,0,C00,optimizer-A,0.6119999999999998
18,8,first_encountered,1,C01,optimizer-A,0.6181666666666668
18,9,total_order,0,C00,optimizer-A,0.6119999999999998
18,9,first_encountered,0,C00,optimizer-A,0.6119999999999998
18,10,total_order,0,C00,optimizer-A,0.6119999999999998
18,10,first_encountered,7,C07,optimizer-B,0.5585277777777781
18,11,total_order,0,C00,optimizer-A,0.6119999999999998
18,11,first_encountered,1,C01,optimizer-A,0.6181666666666668
18,12,total_order,0,C00,optimizer-A,0.6119999999999998
18,12,first_encountered,6,C06,optimizer-B,0.5493888888888889
18,13,total_order,0,C00,optimizer-A,0.6119999999999998
18,13,first_encountered,1,C01,optimizer-A,0.6181666666666668
18,14,total_order,0,C00,optimizer-A,0.6119999999999998
18,14,first_encountered,1,C01,optimizer-A,0.6181666666666668
18,15,total_order,0,C00,optimizer-A,0.6119999999999998
18,15,first_encountered,0,C00,optimizer-A,0.6119999999999998
18,16,total_order,0,C00,optimizer-A,0.6119999999999998
18,16,first_encountered,7,C07,optimizer-B,0.5585277777777781
18,17,total_order,0,C00,optimizer-A,0.6119999999999998
18,17,first_encountered,7,C07,optimizer-B,0.5585277777777781
18,18,total_order,0,C00,optimizer-A,0.6119999999999998
18,18,first_encountered,1,C01,optimizer-A,0.6181666666666668
18,19,total_order,0,C00,optimizer-A,0.6119999999999998
18,19,first_encountered,7,C07,optimizer-B,0.5585277777777781
18,20,total_order,0,C00,optimizer-A,0.6119999999999998
18,20,first_encountered,6,C06,optimizer-B,0.5493888888888889
18,21,total_order,0,C00,optimizer-A,0.6119999999999998
18,21,first_encountered,0,C00,optimizer-A,0.6119999999999998
18,22,total_order,0,C00,optimizer-A,0.6119999999999998
18,22,first_encountered,1,C01,optimizer-A,0.6181666666666668
18,23,total_order,0,C00,optimizer-A,0.6119999999999998
18,23,first_encountered,7,C07,optimizer-B,0.5585277777777781
18,24,total_order,0,C00,optimizer-A,0.6119999999999998
18,24,first_encountered,7,C07,optimizer-B,0.5585277777777781
19,0,total_order,1,C01,optimizer-A,0.5498055555555555
19,0,first_encountered,2,C02,optimizer-A,0.5642500000000001
19,1,total_order,1,C01,optimizer-A,0.5498055555555555
19,1,first_encountered,2,C02,optimizer-A,0.5642500000000001
19,2,total_order,1,C01,optimizer-A,0.5498055555555555
19,2,first_encountered,2,C02,optimizer-A,0.5642500000000001
19,3,total_order,1,C01,optimizer-A,0.5498055555555555
19,3,first_encountered,8,C08,optimizer-B,0.6176111111111113
19,4,total_order,1,C01,optimizer-A,0.5498055555555555
19,4,first_encountered,7,C07,optimizer-B,0.6123055555555557
19,5,total_order,1,C01,optimizer-A,0.5498055555555555
19,5,first_encountered,1,C01,optimizer-A,0.5498055555555555
19,6,total_order,1,C01,optimizer-A,0.5498055555555555
19,6,first_encountered,7,C07,optimizer-B,0.6123055555555557
19,7,total_order,1,C01,optimizer-A,0.5498055555555555
19,7,first_encountered,1,C01,optimizer-A,0.5498055555555555
19,8,total_order,1,C01,optimizer-A,0.5498055555555555
19,8,first_encountered,2,C02,optimizer-A,0.5642500000000001
19,9,total_order,1,C01,optimizer-A,0.5498055555555555
19,9,first_encountered,2,C02,optimizer-A,0.5642500000000001
19,10,total_order,1,C01,optimizer-A,0.5498055555555555
19,10,first_encountered,7,C07,optimizer-B,0.6123055555555557
19,11,total_order,1,C01,optimizer-A,0.5498055555555555
19,11,first_encountered,8,C08,optimizer-B,0.6176111111111113
19,12,total_order,1,C01,optimizer-A,0.5498055555555555
19,12,first_encountered,8,C08,optimizer-B,0.6176111111111113
19,13,total_order,1,C01,optimizer-A,0.5498055555555555
19,13,first_encountered,1,C01,optimizer-A,0.5498055555555555
19,14,total_order,1,C01,optimizer-A,0.5498055555555555
19,14,first_encountered,8,C08,optimizer-B,0.6176111111111113
19,15,total_order,1,C01,optimizer-A,0.5498055555555555
19,15,first_encountered,8,C08,optimizer-B,0.6176111111111113
19,16,total_order,1,C01,optimizer-A,0.5498055555555555
19,16,first_encountered,8,C08,optimizer-B,0.6176111111111113
19,17,total_order,1,C01,optimizer-A,0.5498055555555555
19,17,first_encountered,7,C07,optimizer-B,0.6123055555555557
19,18,total_order,1,C01,optimizer-A,0.5498055555555555
19,18,first_encountered,8,C08,optimizer-B,0.6176111111111113
19,19,total_order,1,C01,optimizer-A,0.5498055555555555
19,19,first_encountered,8,C08,optimizer-B,0.6176111111111113
19,20,total_order,1,C01,optimizer-A,0.5498055555555555
19,20,first_encountered,1,C01,optimizer-A,0.5498055555555555
19,21,total_order,1,C01,optimizer-A,0.5498055555555555
19,21,first_encountered,8,C08,optimizer-B,0.6176111111111113
19,22,total_order,1,C01,optimizer-A,0.5498055555555555
19,22,first_encountered,1,C01,optimizer-A,0.5498055555555555
19,23,total_order,1,C01,optimizer-A,0.5498055555555555
19,23,first_encountered,8,C08,optimizer-B,0.6176111111111113
19,24,total_order,1,C01,optimizer-A,0.5498055555555555
19,24,first_encountered,7,C07,optimizer-B,0.6123055555555557
20,0,total_order,2,C02,optimizer-A,0.60875
20,0,first_encountered,2,C02,optimizer-A,0.60875
20,1,total_order,2,C02,optimizer-A,0.60875
20,1,first_encountered,3,C03,optimizer-A,0.6225277777777776
20,2,total_order,2,C02,optimizer-A,0.60875
20,2,first_encountered,2,C02,optimizer-A,0.60875
20,3,total_order,2,C02,optimizer-A,0.60875
20,3,first_encountered,8,C08,optimizer-B,0.554638888888889
20,4,total_order,2,C02,optimizer-A,0.60875
20,4,first_encountered,9,C09,optimizer-B,0.5628055555555558
20,5,total_order,2,C02,optimizer-A,0.60875
20,5,first_encountered,8,C08,optimizer-B,0.554638888888889
20,6,total_order,2,C02,optimizer-A,0.60875
20,6,first_encountered,9,C09,optimizer-B,0.5628055555555558
20,7,total_order,2,C02,optimizer-A,0.60875
20,7,first_encountered,3,C03,optimizer-A,0.6225277777777776
20,8,total_order,2,C02,optimizer-A,0.60875
20,8,first_encountered,2,C02,optimizer-A,0.60875
20,9,total_order,2,C02,optimizer-A,0.60875
20,9,first_encountered,2,C02,optimizer-A,0.60875
20,10,total_order,2,C02,optimizer-A,0.60875
20,10,first_encountered,3,C03,optimizer-A,0.6225277777777776
20,11,total_order,2,C02,optimizer-A,0.60875
20,11,first_encountered,3,C03,optimizer-A,0.6225277777777776
20,12,total_order,2,C02,optimizer-A,0.60875
20,12,first_encountered,8,C08,optimizer-B,0.554638888888889
20,13,total_order,2,C02,optimizer-A,0.60875
20,13,first_encountered,8,C08,optimizer-B,0.554638888888889
20,14,total_order,2,C02,optimizer-A,0.60875
20,14,first_encountered,8,C08,optimizer-B,0.554638888888889
20,15,total_order,2,C02,optimizer-A,0.60875
20,15,first_encountered,8,C08,optimizer-B,0.554638888888889
20,16,total_order,2,C02,optimizer-A,0.60875
20,16,first_encountered,8,C08,optimizer-B,0.554638888888889
20,17,total_order,2,C02,optimizer-A,0.60875
20,17,first_encountered,9,C09,optimizer-B,0.5628055555555558
20,18,total_order,2,C02,optimizer-A,0.60875
20,18,first_encountered,3,C03,optimizer-A,0.6225277777777776
20,19,total_order,2,C02,optimizer-A,0.60875
20,19,first_encountered,9,C09,optimizer-B,0.5628055555555558
20,20,total_order,2,C02,optimizer-A,0.60875
20,20,first_encountered,3,C03,optimizer-A,0.6225277777777776
20,21,total_order,2,C02,optimizer-A,0.60875
20,21,first_encountered,8,C08,optimizer-B,0.554638888888889
20,22,total_order,2,C02,optimizer-A,0.60875
20,22,first_encountered,9,C09,optimizer-B,0.5628055555555558
20,23,total_order,2,C02,optimizer-A,0.60875
20,23,first_encountered,8,C08,optimizer-B,0.554638888888889
20,24,total_order,2,C02,optimizer-A,0.60875
20,24,first_encountered,8,C08,optimizer-B,0.554638888888889
21,0,total_order,3,C03,optimizer-A,0.5516944444444444
21,0,first_encountered,3,C03,optimizer-A,0.5516944444444444
21,1,total_order,3,C03,optimizer-A,0.5516944444444444
21,1,first_encountered,3,C03,optimizer-A,0.5516944444444444
21,2,total_order,3,C03,optimizer-A,0.5516944444444444
21,2,first_encountered,4,C04,optimizer-A,0.561277777777778
21,3,total_order,3,C03,optimizer-A,0.5516944444444444
21,3,first_encountered,4,C04,optimizer-A,0.561277777777778
21,4,total_order,3,C03,optimizer-A,0.5516944444444444
21,4,first_encountered,4,C04,optimizer-A,0.561277777777778
21,5,total_order,3,C03,optimizer-A,0.5516944444444444
21,5,first_encountered,10,C10,optimizer-B,0.6183333333333333
21,6,total_order,3,C03,optimizer-A,0.5516944444444444
21,6,first_encountered,9,C09,optimizer-B,0.6134444444444445
21,7,total_order,3,C03,optimizer-A,0.5516944444444444
21,7,first_encountered,3,C03,optimizer-A,0.5516944444444444
21,8,total_order,3,C03,optimizer-A,0.5516944444444444
21,8,first_encountered,9,C09,optimizer-B,0.6134444444444445
21,9,total_order,3,C03,optimizer-A,0.5516944444444444
21,9,first_encountered,10,C10,optimizer-B,0.6183333333333333
21,10,total_order,3,C03,optimizer-A,0.5516944444444444
21,10,first_encountered,3,C03,optimizer-A,0.5516944444444444
21,11,total_order,3,C03,optimizer-A,0.5516944444444444
21,11,first_encountered,3,C03,optimizer-A,0.5516944444444444
21,12,total_order,3,C03,optimizer-A,0.5516944444444444
21,12,first_encountered,4,C04,optimizer-A,0.561277777777778
21,13,total_order,3,C03,optimizer-A,0.5516944444444444
21,13,first_encountered,10,C10,optimizer-B,0.6183333333333333
21,14,total_order,3,C03,optimizer-A,0.5516944444444444
21,14,first_encountered,10,C10,optimizer-B,0.6183333333333333
21,15,total_order,3,C03,optimizer-A,0.5516944444444444
21,15,first_encountered,9,C09,optimizer-B,0.6134444444444445
21,16,total_order,3,C03,optimizer-A,0.5516944444444444
21,16,first_encountered,9,C09,optimizer-B,0.6134444444444445
21,17,total_order,3,C03,optimizer-A,0.5516944444444444
21,17,first_encountered,4,C04,optimizer-A,0.561277777777778
21,18,total_order,3,C03,optimizer-A,0.5516944444444444
21,18,first_encountered,10,C10,optimizer-B,0.6183333333333333
21,19,total_order,3,C03,optimizer-A,0.5516944444444444
21,19,first_encountered,9,C09,optimizer-B,0.6134444444444445
21,20,total_order,3,C03,optimizer-A,0.5516944444444444
21,20,first_encountered,10,C10,optimizer-B,0.6183333333333333
21,21,total_order,3,C03,optimizer-A,0.5516944444444444
21,21,first_encountered,3,C03,optimizer-A,0.5516944444444444
21,22,total_order,3,C03,optimizer-A,0.5516944444444444
21,22,first_encountered,10,C10,optimizer-B,0.6183333333333333
21,23,total_order,3,C03,optimizer-A,0.5516944444444444
21,23,first_encountered,4,C04,optimizer-A,0.561277777777778
21,24,total_order,3,C03,optimizer-A,0.5516944444444444
21,24,first_encountered,9,C09,optimizer-B,0.6134444444444445
22,0,total_order,4,C04,optimizer-A,0.6063611111111117
22,0,first_encountered,10,C10,optimizer-B,0.5508055555555557
22,1,total_order,4,C04,optimizer-A,0.6063611111111117
22,1,first_encountered,5,C05,optimizer-A,0.6210277777777777
22,2,total_order,4,C04,optimizer-A,0.6063611111111117
22,2,first_encountered,11,C11,optimizer-B,0.5575833333333333
22,3,total_order,4,C04,optimizer-A,0.6063611111111117
22,3,first_encountered,4,C04,optimizer-A,0.6063611111111117
22,4,total_order,4,C04,optimizer-A,0.6063611111111117
22,4,first_encountered,4,C04,optimizer-A,0.6063611111111117
22,5,total_order,4,C04,optimizer-A,0.6063611111111117
22,5,first_encountered,10,C10,optimizer-B,0.5508055555555557
22,6,total_order,4,C04,optimizer-A,0.6063611111111117
22,6,first_encountered,10,C10,optimizer-B,0.5508055555555557
22,7,total_order,4,C04,optimizer-A,0.6063611111111117
22,7,first_encountered,10,C10,optimizer-B,0.5508055555555557
22,8,total_order,4,C04,optimizer-A,0.6063611111111117
22,8,first_encountered,5,C05,optimizer-A,0.6210277777777777
22,9,total_order,4,C04,optimizer-A,0.6063611111111117
22,9,first_encountered,10,C10,optimizer-B,0.5508055555555557
22,10,total_order,4,C04,optimizer-A,0.6063611111111117
22,10,first_encountered,11,C11,optimizer-B,0.5575833333333333
22,11,total_order,4,C04,optimizer-A,0.6063611111111117
22,11,first_encountered,5,C05,optimizer-A,0.6210277777777777
22,12,total_order,4,C04,optimizer-A,0.6063611111111117
22,12,first_encountered,4,C04,optimizer-A,0.6063611111111117
22,13,total_order,4,C04,optimizer-A,0.6063611111111117
22,13,first_encountered,5,C05,optimizer-A,0.6210277777777777
22,14,total_order,4,C04,optimizer-A,0.6063611111111117
22,14,first_encountered,10,C10,optimizer-B,0.5508055555555557
22,15,total_order,4,C04,optimizer-A,0.6063611111111117
22,15,first_encountered,11,C11,optimizer-B,0.5575833333333333
22,16,total_order,4,C04,optimizer-A,0.6063611111111117
22,16,first_encountered,10,C10,optimizer-B,0.5508055555555557
22,17,total_order,4,C04,optimizer-A,0.6063611111111117
22,17,first_encountered,4,C04,optimizer-A,0.6063611111111117
22,18,total_order,4,C04,optimizer-A,0.6063611111111117
22,18,first_encountered,10,C10,optimizer-B,0.5508055555555557
22,19,total_order,4,C04,optimizer-A,0.6063611111111117
22,19,first_encountered,5,C05,optimizer-A,0.6210277777777777
22,20,total_order,4,C04,optimizer-A,0.6063611111111117
22,20,first_encountered,10,C10,optimizer-B,0.5508055555555557
22,21,total_order,4,C04,optimizer-A,0.6063611111111117
22,21,first_encountered,5,C05,optimizer-A,0.6210277777777777
22,22,total_order,4,C04,optimizer-A,0.6063611111111117
22,22,first_encountered,10,C10,optimizer-B,0.5508055555555557
22,23,total_order,4,C04,optimizer-A,0.6063611111111117
22,23,first_encountered,4,C04,optimizer-A,0.6063611111111117
22,24,total_order,4,C04,optimizer-A,0.6063611111111117
22,24,first_encountered,11,C11,optimizer-B,0.5575833333333333
23,0,total_order,0,C00,optimizer-A,0.6192777777777777
23,0,first_encountered,6,C06,optimizer-B,0.5610555555555558
23,1,total_order,0,C00,optimizer-A,0.6192777777777777
23,1,first_encountered,0,C00,optimizer-A,0.6192777777777777
23,2,total_order,0,C00,optimizer-A,0.6192777777777777
23,2,first_encountered,11,C11,optimizer-B,0.6098611111111111
23,3,total_order,0,C00,optimizer-A,0.6192777777777777
23,3,first_encountered,0,C00,optimizer-A,0.6192777777777777
23,4,total_order,0,C00,optimizer-A,0.6192777777777777
23,4,first_encountered,6,C06,optimizer-B,0.5610555555555558
23,5,total_order,0,C00,optimizer-A,0.6192777777777777
23,5,first_encountered,0,C00,optimizer-A,0.6192777777777777
23,6,total_order,0,C00,optimizer-A,0.6192777777777777
23,6,first_encountered,6,C06,optimizer-B,0.5610555555555558
23,7,total_order,0,C00,optimizer-A,0.6192777777777777
23,7,first_encountered,6,C06,optimizer-B,0.5610555555555558
23,8,total_order,0,C00,optimizer-A,0.6192777777777777
23,8,first_encountered,5,C05,optimizer-A,0.5511388888888891
23,9,total_order,0,C00,optimizer-A,0.6192777777777777
23,9,first_encountered,0,C00,optimizer-A,0.6192777777777777
23,10,total_order,0,C00,optimizer-A,0.6192777777777777
23,10,first_encountered,11,C11,optimizer-B,0.6098611111111111
23,11,total_order,0,C00,optimizer-A,0.6192777777777777
23,11,first_encountered,5,C05,optimizer-A,0.5511388888888891
23,12,total_order,0,C00,optimizer-A,0.6192777777777777
23,12,first_encountered,6,C06,optimizer-B,0.5610555555555558
23,13,total_order,0,C00,optimizer-A,0.6192777777777777
23,13,first_encountered,5,C05,optimizer-A,0.5511388888888891
23,14,total_order,0,C00,optimizer-A,0.6192777777777777
23,14,first_encountered,5,C05,optimizer-A,0.5511388888888891
23,15,total_order,0,C00,optimizer-A,0.6192777777777777
23,15,first_encountered,0,C00,optimizer-A,0.6192777777777777
23,16,total_order,0,C00,optimizer-A,0.6192777777777777
23,16,first_encountered,6,C06,optimizer-B,0.5610555555555558
23,17,total_order,0,C00,optimizer-A,0.6192777777777777
23,17,first_encountered,6,C06,optimizer-B,0.5610555555555558
23,18,total_order,0,C00,optimizer-A,0.6192777777777777
23,18,first_encountered,5,C05,optimizer-A,0.5511388888888891
23,19,total_order,0,C00,optimizer-A,0.6192777777777777
23,19,first_encountered,5,C05,optimizer-A,0.5511388888888891
23,20,total_order,0,C00,optimizer-A,0.6192777777777777
23,20,first_encountered,6,C06,optimizer-B,0.5610555555555558
23,21,total_order,0,C00,optimizer-A,0.6192777777777777
23,21,first_encountered,0,C00,optimizer-A,0.6192777777777777
23,22,total_order,0,C00,optimizer-A,0.6192777777777777
23,22,first_encountered,5,C05,optimizer-A,0.5511388888888891
23,23,total_order,0,C00,optimizer-A,0.6192777777777777
23,23,first_encountered,6,C06,optimizer-B,0.5610555555555558
23,24,total_order,0,C00,optimizer-A,0.6192777777777777
23,24,first_encountered,6,C06,optimizer-B,0.5610555555555558
24,0,total_order,0,C00,optimizer-A,0.5473333333333333
24,0,first_encountered,1,C01,optimizer-A,0.5613611111111112
24,1,total_order,0,C00,optimizer-A,0.5473333333333333
24,1,first_encountered,0,C00,optimizer-A,0.5473333333333333
24,2,total_order,0,C00,optimizer-A,0.5473333333333333
24,2,first_encountered,0,C00,optimizer-A,0.5473333333333333
24,3,total_order,0,C00,optimizer-A,0.5473333333333333
24,3,first_encountered,0,C00,optimizer-A,0.5473333333333333
24,4,total_order,0,C00,optimizer-A,0.5473333333333333
24,4,first_encountered,7,C07,optimizer-B,0.6205833333333335
24,5,total_order,0,C00,optimizer-A,0.5473333333333333
24,5,first_encountered,0,C00,optimizer-A,0.5473333333333333
24,6,total_order,0,C00,optimizer-A,0.5473333333333333
24,6,first_encountered,6,C06,optimizer-B,0.6078055555555554
24,7,total_order,0,C00,optimizer-A,0.5473333333333333
24,7,first_encountered,1,C01,optimizer-A,0.5613611111111112
24,8,total_order,0,C00,optimizer-A,0.5473333333333333
24,8,first_encountered,1,C01,optimizer-A,0.5613611111111112
24,9,total_order,0,C00,optimizer-A,0.5473333333333333
24,9,first_encountered,0,C00,optimizer-A,0.5473333333333333
24,10,total_order,0,C00,optimizer-A,0.5473333333333333
24,10,first_encountered,7,C07,optimizer-B,0.6205833333333335
24,11,total_order,0,C00,optimizer-A,0.5473333333333333
24,11,first_encountered,1,C01,optimizer-A,0.5613611111111112
24,12,total_order,0,C00,optimizer-A,0.5473333333333333
24,12,first_encountered,6,C06,optimizer-B,0.6078055555555554
24,13,total_order,0,C00,optimizer-A,0.5473333333333333
24,13,first_encountered,1,C01,optimizer-A,0.5613611111111112
24,14,total_order,0,C00,optimizer-A,0.5473333333333333
24,14,first_encountered,1,C01,optimizer-A,0.5613611111111112
24,15,total_order,0,C00,optimizer-A,0.5473333333333333
24,15,first_encountered,0,C00,optimizer-A,0.5473333333333333
24,16,total_order,0,C00,optimizer-A,0.5473333333333333
24,16,first_encountered,7,C07,optimizer-B,0.6205833333333335
24,17,total_order,0,C00,optimizer-A,0.5473333333333333
24,17,first_encountered,7,C07,optimizer-B,0.6205833333333335
24,18,total_order,0,C00,optimizer-A,0.5473333333333333
24,18,first_encountered,1,C01,optimizer-A,0.5613611111111112
24,19,total_order,0,C00,optimizer-A,0.5473333333333333
24,19,first_encountered,7,C07,optimizer-B,0.6205833333333335
24,20,total_order,0,C00,optimizer-A,0.5473333333333333
24,20,first_encountered,6,C06,optimizer-B,0.6078055555555554
24,21,total_order,0,C00,optimizer-A,0.5473333333333333
24,21,first_encountered,0,C00,optimizer-A,0.5473333333333333
24,22,total_order,0,C00,optimizer-A,0.5473333333333333
24,22,first_encountered,1,C01,optimizer-A,0.5613611111111112
24,23,total_order,0,C00,optimizer-A,0.5473333333333333
24,23,first_encountered,7,C07,optimizer-B,0.6205833333333335
24,24,total_order,0,C00,optimizer-A,0.5473333333333333
24,24,first_encountered,7,C07,optimizer-B,0.6205833333333335
25,0,total_order,1,C01,optimizer-A,0.6097777777777774
25,0,first_encountered,2,C02,optimizer-A,0.6147777777777779
25,1,total_order,1,C01,optimizer-A,0.6097777777777774
25,1,first_encountered,2,C02,optimizer-A,0.6147777777777779
25,2,total_order,1,C01,optimizer-A,0.6097777777777774
25,2,first_encountered,2,C02,optimizer-A,0.6147777777777779
25,3,total_order,1,C01,optimizer-A,0.6097777777777774
25,3,first_encountered,8,C08,optimizer-B,0.5618333333333335
25,4,total_order,1,C01,optimizer-A,0.6097777777777774
25,4,first_encountered,7,C07,optimizer-B,0.5497777777777778
25,5,total_order,1,C01,optimizer-A,0.6097777777777774
25,5,first_encountered,1,C01,optimizer-A,0.6097777777777774
25,6,total_order,1,C01,optimizer-A,0.6097777777777774
25,6,first_encountered,7,C07,optimizer-B,0.5497777777777778
25,7,total_order,1,C01,optimizer-A,0.6097777777777774
25,7,first_encountered,1,C01,optimizer-A,0.6097777777777774
25,8,total_order,1,C01,optimizer-A,0.6097777777777774
25,8,first_encountered,2,C02,optimizer-A,0.6147777777777779
25,9,total_order,1,C01,optimizer-A,0.6097777777777774
25,9,first_encountered,2,C02,optimizer-A,0.6147777777777779
25,10,total_order,1,C01,optimizer-A,0.6097777777777774
25,10,first_encountered,7,C07,optimizer-B,0.5497777777777778
25,11,total_order,1,C01,optimizer-A,0.6097777777777774
25,11,first_encountered,8,C08,optimizer-B,0.5618333333333335
25,12,total_order,1,C01,optimizer-A,0.6097777777777774
25,12,first_encountered,8,C08,optimizer-B,0.5618333333333335
25,13,total_order,1,C01,optimizer-A,0.6097777777777774
25,13,first_encountered,1,C01,optimizer-A,0.6097777777777774
25,14,total_order,1,C01,optimizer-A,0.6097777777777774
25,14,first_encountered,8,C08,optimizer-B,0.5618333333333335
25,15,total_order,1,C01,optimizer-A,0.6097777777777774
25,15,first_encountered,8,C08,optimizer-B,0.5618333333333335
25,16,total_order,1,C01,optimizer-A,0.6097777777777774
25,16,first_encountered,8,C08,optimizer-B,0.5618333333333335
25,17,total_order,1,C01,optimizer-A,0.6097777777777774
25,17,first_encountered,7,C07,optimizer-B,0.5497777777777778
25,18,total_order,1,C01,optimizer-A,0.6097777777777774
25,18,first_encountered,8,C08,optimizer-B,0.5618333333333335
25,19,total_order,1,C01,optimizer-A,0.6097777777777774
25,19,first_encountered,8,C08,optimizer-B,0.5618333333333335
25,20,total_order,1,C01,optimizer-A,0.6097777777777774
25,20,first_encountered,1,C01,optimizer-A,0.6097777777777774
25,21,total_order,1,C01,optimizer-A,0.6097777777777774
25,21,first_encountered,8,C08,optimizer-B,0.5618333333333335
25,22,total_order,1,C01,optimizer-A,0.6097777777777774
25,22,first_encountered,1,C01,optimizer-A,0.6097777777777774
25,23,total_order,1,C01,optimizer-A,0.6097777777777774
25,23,first_encountered,8,C08,optimizer-B,0.5618333333333335
25,24,total_order,1,C01,optimizer-A,0.6097777777777774
25,24,first_encountered,7,C07,optimizer-B,0.5497777777777778
26,0,total_order,2,C02,optimizer-A,0.5493888888888888
26,0,first_encountered,2,C02,optimizer-A,0.5493888888888888
26,1,total_order,2,C02,optimizer-A,0.5493888888888888
26,1,first_encountered,3,C03,optimizer-A,0.5582500000000002
26,2,total_order,2,C02,optimizer-A,0.5493888888888888
26,2,first_encountered,2,C02,optimizer-A,0.5493888888888888
26,3,total_order,2,C02,optimizer-A,0.5493888888888888
26,3,first_encountered,8,C08,optimizer-B,0.6083888888888891
26,4,total_order,2,C02,optimizer-A,0.5493888888888888
26,4,first_encountered,9,C09,optimizer-B,0.6169444444444443
26,5,total_order,2,C02,optimizer-A,0.5493888888888888
26,5,first_encountered,8,C08,optimizer-B,0.6083888888888891
26,6,total_order,2,C02,optimizer-A,0.5493888888888888
26,6,first_encountered,9,C09,optimizer-B,0.6169444444444443
26,7,total_order,2,C02,optimizer-A,0.5493888888888888
26,7,first_encountered,3,C03,optimizer-A,0.5582500000000002
26,8,total_order,2,C02,optimizer-A,0.5493888888888888
26,8,first_encountered,2,C02,optimizer-A,0.5493888888888888
26,9,total_order,2,C02,optimizer-A,0.5493888888888888
26,9,first_encountered,2,C02,optimizer-A,0.5493888888888888
26,10,total_order,2,C02,optimizer-A,0.5493888888888888
26,10,first_encountered,3,C03,optimizer-A,0.5582500000000002
26,11,total_order,2,C02,optimizer-A,0.5493888888888888
26,11,first_encountered,3,C03,optimizer-A,0.5582500000000002
26,12,total_order,2,C02,optimizer-A,0.5493888888888888
26,12,first_encountered,8,C08,optimizer-B,0.6083888888888891
26,13,total_order,2,C02,optimizer-A,0.5493888888888888
26,13,first_encountered,8,C08,optimizer-B,0.6083888888888891
26,14,total_order,2,C02,optimizer-A,0.5493888888888888
26,14,first_encountered,8,C08,optimizer-B,0.6083888888888891
26,15,total_order,2,C02,optimizer-A,0.5493888888888888
26,15,first_encountered,8,C08,optimizer-B,0.6083888888888891
26,16,total_order,2,C02,optimizer-A,0.5493888888888888
26,16,first_encountered,8,C08,optimizer-B,0.6083888888888891
26,17,total_order,2,C02,optimizer-A,0.5493888888888888
26,17,first_encountered,9,C09,optimizer-B,0.6169444444444443
26,18,total_order,2,C02,optimizer-A,0.5493888888888888
26,18,first_encountered,3,C03,optimizer-A,0.5582500000000002
26,19,total_order,2,C02,optimizer-A,0.5493888888888888
26,19,first_encountered,9,C09,optimizer-B,0.6169444444444443
26,20,total_order,2,C02,optimizer-A,0.5493888888888888
26,20,first_encountered,3,C03,optimizer-A,0.5582500000000002
26,21,total_order,2,C02,optimizer-A,0.5493888888888888
26,21,first_encountered,8,C08,optimizer-B,0.6083888888888891
26,22,total_order,2,C02,optimizer-A,0.5493888888888888
26,22,first_encountered,9,C09,optimizer-B,0.6169444444444443
26,23,total_order,2,C02,optimizer-A,0.5493888888888888
26,23,first_encountered,8,C08,optimizer-B,0.6083888888888891
26,24,total_order,2,C02,optimizer-A,0.5493888888888888
26,24,first_encountered,8,C08,optimizer-B,0.6083888888888891
27,0,total_order,3,C03,optimizer-A,0.6122222222222222
27,0,first_encountered,3,C03,optimizer-A,0.6122222222222222
27,1,total_order,3,C03,optimizer-A,0.6122222222222222
27,1,first_encountered,3,C03,optimizer-A,0.6122222222222222
27,2,total_order,3,C03,optimizer-A,0.6122222222222222
27,2,first_encountered,4,C04,optimizer-A,0.6235833333333335
27,3,total_order,3,C03,optimizer-A,0.6122222222222222
27,3,first_encountered,4,C04,optimizer-A,0.6235833333333335
27,4,total_order,3,C03,optimizer-A,0.6122222222222222
27,4,first_encountered,4,C04,optimizer-A,0.6235833333333335
27,5,total_order,3,C03,optimizer-A,0.6122222222222222
27,5,first_encountered,10,C10,optimizer-B,0.5591944444444448
27,6,total_order,3,C03,optimizer-A,0.6122222222222222
27,6,first_encountered,9,C09,optimizer-B,0.5507222222222222
27,7,total_order,3,C03,optimizer-A,0.6122222222222222
27,7,first_encountered,3,C03,optimizer-A,0.6122222222222222
27,8,total_order,3,C03,optimizer-A,0.6122222222222222
27,8,first_encountered,9,C09,optimizer-B,0.5507222222222222
27,9,total_order,3,C03,optimizer-A,0.6122222222222222
27,9,first_encountered,10,C10,optimizer-B,0.5591944444444448
27,10,total_order,3,C03,optimizer-A,0.6122222222222222
27,10,first_encountered,3,C03,optimizer-A,0.6122222222222222
27,11,total_order,3,C03,optimizer-A,0.6122222222222222
27,11,first_encountered,3,C03,optimizer-A,0.6122222222222222
27,12,total_order,3,C03,optimizer-A,0.6122222222222222
27,12,first_encountered,4,C04,optimizer-A,0.6235833333333335
27,13,total_order,3,C03,optimizer-A,0.6122222222222222
27,13,first_encountered,10,C10,optimizer-B,0.5591944444444448
27,14,total_order,3,C03,optimizer-A,0.6122222222222222
27,14,first_encountered,10,C10,optimizer-B,0.5591944444444448
27,15,total_order,3,C03,optimizer-A,0.6122222222222222
27,15,first_encountered,9,C09,optimizer-B,0.5507222222222222
27,16,total_order,3,C03,optimizer-A,0.6122222222222222
27,16,first_encountered,9,C09,optimizer-B,0.5507222222222222
27,17,total_order,3,C03,optimizer-A,0.6122222222222222
27,17,first_encountered,4,C04,optimizer-A,0.6235833333333335
27,18,total_order,3,C03,optimizer-A,0.6122222222222222
27,18,first_encountered,10,C10,optimizer-B,0.5591944444444448
27,19,total_order,3,C03,optimizer-A,0.6122222222222222
27,19,first_encountered,9,C09,optimizer-B,0.5507222222222222
27,20,total_order,3,C03,optimizer-A,0.6122222222222222
27,20,first_encountered,10,C10,optimizer-B,0.5591944444444448
27,21,total_order,3,C03,optimizer-A,0.6122222222222222
27,21,first_encountered,3,C03,optimizer-A,0.6122222222222222
27,22,total_order,3,C03,optimizer-A,0.6122222222222222
27,22,first_encountered,10,C10,optimizer-B,0.5591944444444448
27,23,total_order,3,C03,optimizer-A,0.6122222222222222
27,23,first_encountered,4,C04,optimizer-A,0.6235833333333335
27,24,total_order,3,C03,optimizer-A,0.6122222222222222
27,24,first_encountered,9,C09,optimizer-B,0.5507222222222222
28,0,total_order,4,C04,optimizer-A,0.552138888888889
28,0,first_encountered,10,C10,optimizer-B,0.6109999999999999
28,1,total_order,4,C04,optimizer-A,0.552138888888889
28,1,first_encountered,5,C05,optimizer-A,0.5591666666666669
28,2,total_order,4,C04,optimizer-A,0.552138888888889
28,2,first_encountered,11,C11,optimizer-B,0.621361111111111
28,3,total_order,4,C04,optimizer-A,0.552138888888889
28,3,first_encountered,4,C04,optimizer-A,0.552138888888889
28,4,total_order,4,C04,optimizer-A,0.552138888888889
28,4,first_encountered,4,C04,optimizer-A,0.552138888888889
28,5,total_order,4,C04,optimizer-A,0.552138888888889
28,5,first_encountered,10,C10,optimizer-B,0.6109999999999999
28,6,total_order,4,C04,optimizer-A,0.552138888888889
28,6,first_encountered,10,C10,optimizer-B,0.6109999999999999
28,7,total_order,4,C04,optimizer-A,0.552138888888889
28,7,first_encountered,10,C10,optimizer-B,0.6109999999999999
28,8,total_order,4,C04,optimizer-A,0.552138888888889
28,8,first_encountered,5,C05,optimizer-A,0.5591666666666669
28,9,total_order,4,C04,optimizer-A,0.552138888888889
28,9,first_encountered,10,C10,optimizer-B,0.6109999999999999
28,10,total_order,4,C04,optimizer-A,0.552138888888889
28,10,first_encountered,11,C11,optimizer-B,0.621361111111111
28,11,total_order,4,C04,optimizer-A,0.552138888888889
28,11,first_encountered,5,C05,optimizer-A,0.5591666666666669
28,12,total_order,4,C04,optimizer-A,0.552138888888889
28,12,first_encountered,4,C04,optimizer-A,0.552138888888889
28,13,total_order,4,C04,optimizer-A,0.552138888888889
28,13,first_encountered,5,C05,optimizer-A,0.5591666666666669
28,14,total_order,4,C04,optimizer-A,0.552138888888889
28,14,first_encountered,10,C10,optimizer-B,0.6109999999999999
28,15,total_order,4,C04,optimizer-A,0.552138888888889
28,15,first_encountered,11,C11,optimizer-B,0.621361111111111
28,16,total_order,4,C04,optimizer-A,0.552138888888889
28,16,first_encountered,10,C10,optimizer-B,0.6109999999999999
28,17,total_order,4,C04,optimizer-A,0.552138888888889
28,17,first_encountered,4,C04,optimizer-A,0.552138888888889
28,18,total_order,4,C04,optimizer-A,0.552138888888889
28,18,first_encountered,10,C10,optimizer-B,0.6109999999999999
28,19,total_order,4,C04,optimizer-A,0.552138888888889
28,19,first_encountered,5,C05,optimizer-A,0.5591666666666669
28,20,total_order,4,C04,optimizer-A,0.552138888888889
28,20,first_encountered,10,C10,optimizer-B,0.6109999999999999
28,21,total_order,4,C04,optimizer-A,0.552138888888889
28,21,first_encountered,5,C05,optimizer-A,0.5591666666666669
28,22,total_order,4,C04,optimizer-A,0.552138888888889
28,22,first_encountered,10,C10,optimizer-B,0.6109999999999999
28,23,total_order,4,C04,optimizer-A,0.552138888888889
28,23,first_encountered,4,C04,optimizer-A,0.552138888888889
28,24,total_order,4,C04,optimizer-A,0.552138888888889
28,24,first_encountered,11,C11,optimizer-B,0.621361111111111
29,0,total_order,0,C00,optimizer-A,0.5619722222222221
29,0,first_encountered,6,C06,optimizer-B,0.6215277777777781
29,1,total_order,0,C00,optimizer-A,0.5619722222222221
29,1,first_encountered,0,C00,optimizer-A,0.5619722222222221
29,2,total_order,0,C00,optimizer-A,0.5619722222222221
29,2,first_encountered,11,C11,optimizer-B,0.5488333333333333
29,3,total_order,0,C00,optimizer-A,0.5619722222222221
29,3,first_encountered,0,C00,optimizer-A,0.5619722222222221
29,4,total_order,0,C00,optimizer-A,0.5619722222222221
29,4,first_encountered,6,C06,optimizer-B,0.6215277777777781
29,5,total_order,0,C00,optimizer-A,0.5619722222222221
29,5,first_encountered,0,C00,optimizer-A,0.5619722222222221
29,6,total_order,0,C00,optimizer-A,0.5619722222222221
29,6,first_encountered,6,C06,optimizer-B,0.6215277777777781
29,7,total_order,0,C00,optimizer-A,0.5619722222222221
29,7,first_encountered,6,C06,optimizer-B,0.6215277777777781
29,8,total_order,0,C00,optimizer-A,0.5619722222222221
29,8,first_encountered,5,C05,optimizer-A,0.6070555555555558
29,9,total_order,0,C00,optimizer-A,0.5619722222222221
29,9,first_encountered,0,C00,optimizer-A,0.5619722222222221
29,10,total_order,0,C00,optimizer-A,0.5619722222222221
29,10,first_encountered,11,C11,optimizer-B,0.5488333333333333
29,11,total_order,0,C00,optimizer-A,0.5619722222222221
29,11,first_encountered,5,C05,optimizer-A,0.6070555555555558
29,12,total_order,0,C00,optimizer-A,0.5619722222222221
29,12,first_encountered,6,C06,optimizer-B,0.6215277777777781
29,13,total_order,0,C00,optimizer-A,0.5619722222222221
29,13,first_encountered,5,C05,optimizer-A,0.6070555555555558
29,14,total_order,0,C00,optimizer-A,0.5619722222222221
29,14,first_encountered,5,C05,optimizer-A,0.6070555555555558
29,15,total_order,0,C00,optimizer-A,0.5619722222222221
29,15,first_encountered,0,C00,optimizer-A,0.5619722222222221
29,16,total_order,0,C00,optimizer-A,0.5619722222222221
29,16,first_encountered,6,C06,optimizer-B,0.6215277777777781
29,17,total_order,0,C00,optimizer-A,0.5619722222222221
29,17,first_encountered,6,C06,optimizer-B,0.6215277777777781
29,18,total_order,0,C00,optimizer-A,0.5619722222222221
29,18,first_encountered,5,C05,optimizer-A,0.6070555555555558
29,19,total_order,0,C00,optimizer-A,0.5619722222222221
29,19,first_encountered,5,C05,optimizer-A,0.6070555555555558
29,20,total_order,0,C00,optimizer-A,0.5619722222222221
29,20,first_encountered,6,C06,optimizer-B,0.6215277777777781
29,21,total_order,0,C00,optimizer-A,0.5619722222222221
29,21,first_encountered,0,C00,optimizer-A,0.5619722222222221
29,22,total_order,0,C00,optimizer-A,0.5619722222222221
29,22,first_encountered,5,C05,optimizer-A,0.6070555555555558
29,23,total_order,0,C00,optimizer-A,0.5619722222222221
29,23,first_encountered,6,C06,optimizer-B,0.6215277777777781
29,24,total_order,0,C00,optimizer-A,0.5619722222222221
29,24,first_encountered,6,C06,optimizer-B,0.6215277777777781
30,0,total_order,0,C00,optimizer-A,0.6095833333333335
30,0,first_encountered,1,C01,optimizer-A,0.6187499999999998
30,1,total_order,0,C00,optimizer-A,0.6095833333333335
30,1,first_encountered,0,C00,optimizer-A,0.6095833333333335
30,2,total_order,0,C00,optimizer-A,0.6095833333333335
30,2,first_encountered,0,C00,optimizer-A,0.6095833333333335
30,3,total_order,0,C00,optimizer-A,0.6095833333333335
30,3,first_encountered,0,C00,optimizer-A,0.6095833333333335
30,4,total_order,0,C00,optimizer-A,0.6095833333333335
30,4,first_encountered,7,C07,optimizer-B,0.5620833333333333
30,5,total_order,0,C00,optimizer-A,0.6095833333333335
30,5,first_encountered,0,C00,optimizer-A,0.6095833333333335
30,6,total_order,0,C00,optimizer-A,0.6095833333333335
30,6,first_encountered,6,C06,optimizer-B,0.5492500000000002
30,7,total_order,0,C00,optimizer-A,0.6095833333333335
30,7,first_encountered,1,C01,optimizer-A,0.6187499999999998
30,8,total_order,0,C00,optimizer-A,0.6095833333333335
30,8,first_encountered,1,C01,optimizer-A,0.6187499999999998
30,9,total_order,0,C00,optimizer-A,0.6095833333333335
30,9,first_encountered,0,C00,optimizer-A,0.6095833333333335
30,10,total_order,0,C00,optimizer-A,0.6095833333333335
30,10,first_encountered,7,C07,optimizer-B,0.5620833333333333
30,11,total_order,0,C00,optimizer-A,0.6095833333333335
30,11,first_encountered,1,C01,optimizer-A,0.6187499999999998
30,12,total_order,0,C00,optimizer-A,0.6095833333333335
30,12,first_encountered,6,C06,optimizer-B,0.5492500000000002
30,13,total_order,0,C00,optimizer-A,0.6095833333333335
30,13,first_encountered,1,C01,optimizer-A,0.6187499999999998
30,14,total_order,0,C00,optimizer-A,0.6095833333333335
30,14,first_encountered,1,C01,optimizer-A,0.6187499999999998
30,15,total_order,0,C00,optimizer-A,0.6095833333333335
30,15,first_encountered,0,C00,optimizer-A,0.6095833333333335
30,16,total_order,0,C00,optimizer-A,0.6095833333333335
30,16,first_encountered,7,C07,optimizer-B,0.5620833333333333
30,17,total_order,0,C00,optimizer-A,0.6095833333333335
30,17,first_encountered,7,C07,optimizer-B,0.5620833333333333
30,18,total_order,0,C00,optimizer-A,0.6095833333333335
30,18,first_encountered,1,C01,optimizer-A,0.6187499999999998
30,19,total_order,0,C00,optimizer-A,0.6095833333333335
30,19,first_encountered,7,C07,optimizer-B,0.5620833333333333
30,20,total_order,0,C00,optimizer-A,0.6095833333333335
30,20,first_encountered,6,C06,optimizer-B,0.5492500000000002
30,21,total_order,0,C00,optimizer-A,0.6095833333333335
30,21,first_encountered,0,C00,optimizer-A,0.6095833333333335
30,22,total_order,0,C00,optimizer-A,0.6095833333333335
30,22,first_encountered,1,C01,optimizer-A,0.6187499999999998
30,23,total_order,0,C00,optimizer-A,0.6095833333333335
30,23,first_encountered,7,C07,optimizer-B,0.5620833333333333
30,24,total_order,0,C00,optimizer-A,0.6095833333333335
30,24,first_encountered,7,C07,optimizer-B,0.5620833333333333
31,0,total_order,1,C01,optimizer-A,0.5495555555555556
31,0,first_encountered,2,C02,optimizer-A,0.5558055555555559
31,1,total_order,1,C01,optimizer-A,0.5495555555555556
31,1,first_encountered,2,C02,optimizer-A,0.5558055555555559
31,2,total_order,1,C01,optimizer-A,0.5495555555555556
31,2,first_encountered,2,C02,optimizer-A,0.5558055555555559
31,3,total_order,1,C01,optimizer-A,0.5495555555555556
31,3,first_encountered,8,C08,optimizer-B,0.6214999999999996
31,4,total_order,1,C01,optimizer-A,0.5495555555555556
31,4,first_encountered,7,C07,optimizer-B,0.6123055555555557
31,5,total_order,1,C01,optimizer-A,0.5495555555555556
31,5,first_encountered,1,C01,optimizer-A,0.5495555555555556
31,6,total_order,1,C01,optimizer-A,0.5495555555555556
31,6,first_encountered,7,C07,optimizer-B,0.6123055555555557
31,7,total_order,1,C01,optimizer-A,0.5495555555555556
31,7,first_encountered,1,C01,optimizer-A,0.5495555555555556
31,8,total_order,1,C01,optimizer-A,0.5495555555555556
31,8,first_encountered,2,C02,optimizer-A,0.5558055555555559
31,9,total_order,1,C01,optimizer-A,0.5495555555555556
31,9,first_encountered,2,C02,optimizer-A,0.5558055555555559
31,10,total_order,1,C01,optimizer-A,0.5495555555555556
31,10,first_encountered,7,C07,optimizer-B,0.6123055555555557
31,11,total_order,1,C01,optimizer-A,0.5495555555555556
31,11,first_encountered,8,C08,optimizer-B,0.6214999999999996
31,12,total_order,1,C01,optimizer-A,0.5495555555555556
31,12,first_encountered,8,C08,optimizer-B,0.6214999999999996
31,13,total_order,1,C01,optimizer-A,0.5495555555555556
31,13,first_encountered,1,C01,optimizer-A,0.5495555555555556
31,14,total_order,1,C01,optimizer-A,0.5495555555555556
31,14,first_encountered,8,C08,optimizer-B,0.6214999999999996
31,15,total_order,1,C01,optimizer-A,0.5495555555555556
31,15,first_encountered,8,C08,optimizer-B,0.6214999999999996
31,16,total_order,1,C01,optimizer-A,0.5495555555555556
31,16,first_encountered,8,C08,optimizer-B,0.6214999999999996
31,17,total_order,1,C01,optimizer-A,0.5495555555555556
31,17,first_encountered,7,C07,optimizer-B,0.6123055555555557
31,18,total_order,1,C01,optimizer-A,0.5495555555555556
31,18,first_encountered,8,C08,optimizer-B,0.6214999999999996
31,19,total_order,1,C01,optimizer-A,0.5495555555555556
31,19,first_encountered,8,C08,optimizer-B,0.6214999999999996
31,20,total_order,1,C01,optimizer-A,0.5495555555555556
31,20,first_encountered,1,C01,optimizer-A,0.5495555555555556
31,21,total_order,1,C01,optimizer-A,0.5495555555555556
31,21,first_encountered,8,C08,optimizer-B,0.6214999999999996
31,22,total_order,1,C01,optimizer-A,0.5495555555555556
31,22,first_encountered,1,C01,optimizer-A,0.5495555555555556
31,23,total_order,1,C01,optimizer-A,0.5495555555555556
31,23,first_encountered,8,C08,optimizer-B,0.6214999999999996
31,24,total_order,1,C01,optimizer-A,0.5495555555555556
31,24,first_encountered,7,C07,optimizer-B,0.6123055555555557
32,0,total_order,2,C02,optimizer-A,0.6079166666666663
32,0,first_encountered,2,C02,optimizer-A,0.6079166666666663
32,1,total_order,2,C02,optimizer-A,0.6079166666666663
32,1,first_encountered,3,C03,optimizer-A,0.6214166666666667
32,2,total_order,2,C02,optimizer-A,0.6079166666666663
32,2,first_encountered,2,C02,optimizer-A,0.6079166666666663
32,3,total_order,2,C02,optimizer-A,0.6079166666666663
32,3,first_encountered,8,C08,optimizer-B,0.5495555555555557
32,4,total_order,2,C02,optimizer-A,0.6079166666666663
32,4,first_encountered,9,C09,optimizer-B,0.560527777777778
32,5,total_order,2,C02,optimizer-A,0.6079166666666663
32,5,first_encountered,8,C08,optimizer-B,0.5495555555555557
32,6,total_order,2,C02,optimizer-A,0.6079166666666663
32,6,first_encountered,9,C09,optimizer-B,0.560527777777778
32,7,total_order,2,C02,optimizer-A,0.6079166666666663
32,7,first_encountered,3,C03,optimizer-A,0.6214166666666667
32,8,total_order,2,C02,optimizer-A,0.6079166666666663
32,8,first_encountered,2,C02,optimizer-A,0.6079166666666663
32,9,total_order,2,C02,optimizer-A,0.6079166666666663
32,9,first_encountered,2,C02,optimizer-A,0.6079166666666663
32,10,total_order,2,C02,optimizer-A,0.6079166666666663
32,10,first_encountered,3,C03,optimizer-A,0.6214166666666667
32,11,total_order,2,C02,optimizer-A,0.6079166666666663
32,11,first_encountered,3,C03,optimizer-A,0.6214166666666667
32,12,total_order,2,C02,optimizer-A,0.6079166666666663
32,12,first_encountered,8,C08,optimizer-B,0.5495555555555557
32,13,total_order,2,C02,optimizer-A,0.6079166666666663
32,13,first_encountered,8,C08,optimizer-B,0.5495555555555557
32,14,total_order,2,C02,optimizer-A,0.6079166666666663
32,14,first_encountered,8,C08,optimizer-B,0.5495555555555557
32,15,total_order,2,C02,optimizer-A,0.6079166666666663
32,15,first_encountered,8,C08,optimizer-B,0.5495555555555557
32,16,total_order,2,C02,optimizer-A,0.6079166666666663
32,16,first_encountered,8,C08,optimizer-B,0.5495555555555557
32,17,total_order,2,C02,optimizer-A,0.6079166666666663
32,17,first_encountered,9,C09,optimizer-B,0.560527777777778
32,18,total_order,2,C02,optimizer-A,0.6079166666666663
32,18,first_encountered,3,C03,optimizer-A,0.6214166666666667
32,19,total_order,2,C02,optimizer-A,0.6079166666666663
32,19,first_encountered,9,C09,optimizer-B,0.560527777777778
32,20,total_order,2,C02,optimizer-A,0.6079166666666663
32,20,first_encountered,3,C03,optimizer-A,0.6214166666666667
32,21,total_order,2,C02,optimizer-A,0.6079166666666663
32,21,first_encountered,8,C08,optimizer-B,0.5495555555555557
32,22,total_order,2,C02,optimizer-A,0.6079166666666663
32,22,first_encountered,9,C09,optimizer-B,0.560527777777778
32,23,total_order,2,C02,optimizer-A,0.6079166666666663
32,23,first_encountered,8,C08,optimizer-B,0.5495555555555557
32,24,total_order,2,C02,optimizer-A,0.6079166666666663
32,24,first_encountered,8,C08,optimizer-B,0.5495555555555557
33,0,total_order,3,C03,optimizer-A,0.5505555555555558
33,0,first_encountered,3,C03,optimizer-A,0.5505555555555558
33,1,total_order,3,C03,optimizer-A,0.5505555555555558
33,1,first_encountered,3,C03,optimizer-A,0.5505555555555558
33,2,total_order,3,C03,optimizer-A,0.5505555555555558
33,2,first_encountered,4,C04,optimizer-A,0.5586666666666666
33,3,total_order,3,C03,optimizer-A,0.5505555555555558
33,3,first_encountered,4,C04,optimizer-A,0.5586666666666666
33,4,total_order,3,C03,optimizer-A,0.5505555555555558
33,4,first_encountered,4,C04,optimizer-A,0.5586666666666666
33,5,total_order,3,C03,optimizer-A,0.5505555555555558
33,5,first_encountered,10,C10,optimizer-B,0.6184999999999997
33,6,total_order,3,C03,optimizer-A,0.5505555555555558
33,6,first_encountered,9,C09,optimizer-B,0.6078333333333337
33,7,total_order,3,C03,optimizer-A,0.5505555555555558
33,7,first_encountered,3,C03,optimizer-A,0.5505555555555558
33,8,total_order,3,C03,optimizer-A,0.5505555555555558
33,8,first_encountered,9,C09,optimizer-B,0.6078333333333337
33,9,total_order,3,C03,optimizer-A,0.5505555555555558
33,9,first_encountered,10,C10,optimizer-B,0.6184999999999997
33,10,total_order,3,C03,optimizer-A,0.5505555555555558
33,10,first_encountered,3,C03,optimizer-A,0.5505555555555558
33,11,total_order,3,C03,optimizer-A,0.5505555555555558
33,11,first_encountered,3,C03,optimizer-A,0.5505555555555558
33,12,total_order,3,C03,optimizer-A,0.5505555555555558
33,12,first_encountered,4,C04,optimizer-A,0.5586666666666666
33,13,total_order,3,C03,optimizer-A,0.5505555555555558
33,13,first_encountered,10,C10,optimizer-B,0.6184999999999997
33,14,total_order,3,C03,optimizer-A,0.5505555555555558
33,14,first_encountered,10,C10,optimizer-B,0.6184999999999997
33,15,total_order,3,C03,optimizer-A,0.5505555555555558
33,15,first_encountered,9,C09,optimizer-B,0.6078333333333337
33,16,total_order,3,C03,optimizer-A,0.5505555555555558
33,16,first_encountered,9,C09,optimizer-B,0.6078333333333337
33,17,total_order,3,C03,optimizer-A,0.5505555555555558
33,17,first_encountered,4,C04,optimizer-A,0.5586666666666666
33,18,total_order,3,C03,optimizer-A,0.5505555555555558
33,18,first_encountered,10,C10,optimizer-B,0.6184999999999997
33,19,total_order,3,C03,optimizer-A,0.5505555555555558
33,19,first_encountered,9,C09,optimizer-B,0.6078333333333337
33,20,total_order,3,C03,optimizer-A,0.5505555555555558
33,20,first_encountered,10,C10,optimizer-B,0.6184999999999997
33,21,total_order,3,C03,optimizer-A,0.5505555555555558
33,21,first_encountered,3,C03,optimizer-A,0.5505555555555558
33,22,total_order,3,C03,optimizer-A,0.5505555555555558
33,22,first_encountered,10,C10,optimizer-B,0.6184999999999997
33,23,total_order,3,C03,optimizer-A,0.5505555555555558
33,23,first_encountered,4,C04,optimizer-A,0.5586666666666666
33,24,total_order,3,C03,optimizer-A,0.5505555555555558
33,24,first_encountered,9,C09,optimizer-B,0.6078333333333337
34,0,total_order,4,C04,optimizer-A,0.6066666666666668
34,0,first_encountered,10,C10,optimizer-B,0.5461944444444444
34,1,total_order,4,C04,optimizer-A,0.6066666666666668
34,1,first_encountered,5,C05,optimizer-A,0.6224444444444449
34,2,total_order,4,C04,optimizer-A,0.6066666666666668
34,2,first_encountered,11,C11,optimizer-B,0.5602777777777779
34,3,total_order,4,C04,optimizer-A,0.6066666666666668
34,3,first_encountered,4,C04,optimizer-A,0.6066666666666668
34,4,total_order,4,C04,optimizer-A,0.6066666666666668
34,4,first_encountered,4,C04,optimizer-A,0.6066666666666668
34,5,total_order,4,C04,optimizer-A,0.6066666666666668
34,5,first_encountered,10,C10,optimizer-B,0.5461944444444444
34,6,total_order,4,C04,optimizer-A,0.6066666666666668
34,6,first_encountered,10,C10,optimizer-B,0.5461944444444444
34,7,total_order,4,C04,optimizer-A,0.6066666666666668
34,7,first_encountered,10,C10,optimizer-B,0.5461944444444444
34,8,total_order,4,C04,optimizer-A,0.6066666666666668
34,8,first_encountered,5,C05,optimizer-A,0.6224444444444449
34,9,total_order,4,C04,optimizer-A,0.6066666666666668
34,9,first_encountered,10,C10,optimizer-B,0.5461944444444444
34,10,total_order,4,C04,optimizer-A,0.6066666666666668
34,10,first_encountered,11,C11,optimizer-B,0.5602777777777779
34,11,total_order,4,C04,optimizer-A,0.6066666666666668
34,11,first_encountered,5,C05,optimizer-A,0.6224444444444449
34,12,total_order,4,C04,optimizer-A,0.6066666666666668
34,12,first_encountered,4,C04,optimizer-A,0.6066666666666668
34,13,total_order,4,C04,optimizer-A,0.6066666666666668
34,13,first_encountered,5,C05,optimizer-A,0.6224444444444449
34,14,total_order,4,C04,optimizer-A,0.6066666666666668
34,14,first_encountered,10,C10,optimizer-B,0.5461944444444444
34,15,total_order,4,C04,optimizer-A,0.6066666666666668
34,15,first_encountered,11,C11,optimizer-B,0.5602777777777779
34,16,total_order,4,C04,optimizer-A,0.6066666666666668
34,16,first_encountered,10,C10,optimizer-B,0.5461944444444444
34,17,total_order,4,C04,optimizer-A,0.6066666666666668
34,17,first_encountered,4,C04,optimizer-A,0.6066666666666668
34,18,total_order,4,C04,optimizer-A,0.6066666666666668
34,18,first_encountered,10,C10,optimizer-B,0.5461944444444444
34,19,total_order,4,C04,optimizer-A,0.6066666666666668
34,19,first_encountered,5,C05,optimizer-A,0.6224444444444449
34,20,total_order,4,C04,optimizer-A,0.6066666666666668
34,20,first_encountered,10,C10,optimizer-B,0.5461944444444444
34,21,total_order,4,C04,optimizer-A,0.6066666666666668
34,21,first_encountered,5,C05,optimizer-A,0.6224444444444449
34,22,total_order,4,C04,optimizer-A,0.6066666666666668
34,22,first_encountered,10,C10,optimizer-B,0.5461944444444444
34,23,total_order,4,C04,optimizer-A,0.6066666666666668
34,23,first_encountered,4,C04,optimizer-A,0.6066666666666668
34,24,total_order,4,C04,optimizer-A,0.6066666666666668
34,24,first_encountered,11,C11,optimizer-B,0.5602777777777779
35,0,total_order,0,C00,optimizer-A,0.6248333333333331
35,0,first_encountered,6,C06,optimizer-B,0.5582222222222221
35,1,total_order,0,C00,optimizer-A,0.6248333333333331
35,1,first_encountered,0,C00,optimizer-A,0.6248333333333331
35,2,total_order,0,C00,optimizer-A,0.6248333333333331
35,2,first_encountered,11,C11,optimizer-B,0.6080833333333333
35,3,total_order,0,C00,optimizer-A,0.6248333333333331
35,3,first_encountered,0,C00,optimizer-A,0.6248333333333331
35,4,total_order,0,C00,optimizer-A,0.6248333333333331
35,4,first_encountered,6,C06,optimizer-B,0.5582222222222221
35,5,total_order,0,C00,optimizer-A,0.6248333333333331
35,5,first_encountered,0,C00,optimizer-A,0.6248333333333331
35,6,total_order,0,C00,optimizer-A,0.6248333333333331
35,6,first_encountered,6,C06,optimizer-B,0.5582222222222221
35,7,total_order,0,C00,optimizer-A,0.6248333333333331
35,7,first_encountered,6,C06,optimizer-B,0.5582222222222221
35,8,total_order,0,C00,optimizer-A,0.6248333333333331
35,8,first_encountered,5,C05,optimizer-A,0.5495277777777776
35,9,total_order,0,C00,optimizer-A,0.6248333333333331
35,9,first_encountered,0,C00,optimizer-A,0.6248333333333331
35,10,total_order,0,C00,optimizer-A,0.6248333333333331
35,10,first_encountered,11,C11,optimizer-B,0.6080833333333333
35,11,total_order,0,C00,optimizer-A,0.6248333333333331
35,11,first_encountered,5,C05,optimizer-A,0.5495277777777776
35,12,total_order,0,C00,optimizer-A,0.6248333333333331
35,12,first_encountered,6,C06,optimizer-B,0.5582222222222221
35,13,total_order,0,C00,optimizer-A,0.6248333333333331
35,13,first_encountered,5,C05,optimizer-A,0.5495277777777776
35,14,total_order,0,C00,optimizer-A,0.6248333333333331
35,14,first_encountered,5,C05,optimizer-A,0.5495277777777776
35,15,total_order,0,C00,optimizer-A,0.6248333333333331
35,15,first_encountered,0,C00,optimizer-A,0.6248333333333331
35,16,total_order,0,C00,optimizer-A,0.6248333333333331
35,16,first_encountered,6,C06,optimizer-B,0.5582222222222221
35,17,total_order,0,C00,optimizer-A,0.6248333333333331
35,17,first_encountered,6,C06,optimizer-B,0.5582222222222221
35,18,total_order,0,C00,optimizer-A,0.6248333333333331
35,18,first_encountered,5,C05,optimizer-A,0.5495277777777776
35,19,total_order,0,C00,optimizer-A,0.6248333333333331
35,19,first_encountered,5,C05,optimizer-A,0.5495277777777776
35,20,total_order,0,C00,optimizer-A,0.6248333333333331
35,20,first_encountered,6,C06,optimizer-B,0.5582222222222221
35,21,total_order,0,C00,optimizer-A,0.6248333333333331
35,21,first_encountered,0,C00,optimizer-A,0.6248333333333331
35,22,total_order,0,C00,optimizer-A,0.6248333333333331
35,22,first_encountered,5,C05,optimizer-A,0.5495277777777776
35,23,total_order,0,C00,optimizer-A,0.6248333333333331
35,23,first_encountered,6,C06,optimizer-B,0.5582222222222221
35,24,total_order,0,C00,optimizer-A,0.6248333333333331
35,24,first_encountered,6,C06,optimizer-B,0.5582222222222221
36,0,total_order,0,C00,optimizer-A,0.5533888888888892
36,0,first_encountered,1,C01,optimizer-A,0.5601388888888893
36,1,total_order,0,C00,optimizer-A,0.5533888888888892
36,1,first_encountered,0,C00,optimizer-A,0.5533888888888892
36,2,total_order,0,C00,optimizer-A,0.5533888888888892
36,2,first_encountered,0,C00,optimizer-A,0.5533888888888892
36,3,total_order,0,C00,optimizer-A,0.5533888888888892
36,3,first_encountered,0,C00,optimizer-A,0.5533888888888892
36,4,total_order,0,C00,optimizer-A,0.5533888888888892
36,4,first_encountered,7,C07,optimizer-B,0.6217222222222224
36,5,total_order,0,C00,optimizer-A,0.5533888888888892
36,5,first_encountered,0,C00,optimizer-A,0.5533888888888892
36,6,total_order,0,C00,optimizer-A,0.5533888888888892
36,6,first_encountered,6,C06,optimizer-B,0.6105555555555555
36,7,total_order,0,C00,optimizer-A,0.5533888888888892
36,7,first_encountered,1,C01,optimizer-A,0.5601388888888893
36,8,total_order,0,C00,optimizer-A,0.5533888888888892
36,8,first_encountered,1,C01,optimizer-A,0.5601388888888893
36,9,total_order,0,C00,optimizer-A,0.5533888888888892
36,9,first_encountered,0,C00,optimizer-A,0.5533888888888892
36,10,total_order,0,C00,optimizer-A,0.5533888888888892
36,10,first_encountered,7,C07,optimizer-B,0.6217222222222224
36,11,total_order,0,C00,optimizer-A,0.5533888888888892
36,11,first_encountered,1,C01,optimizer-A,0.5601388888888893
36,12,total_order,0,C00,optimizer-A,0.5533888888888892
36,12,first_encountered,6,C06,optimizer-B,0.6105555555555555
36,13,total_order,0,C00,optimizer-A,0.5533888888888892
36,13,first_encountered,1,C01,optimizer-A,0.5601388888888893
36,14,total_order,0,C00,optimizer-A,0.5533888888888892
36,14,first_encountered,1,C01,optimizer-A,0.5601388888888893
36,15,total_order,0,C00,optimizer-A,0.5533888888888892
36,15,first_encountered,0,C00,optimizer-A,0.5533888888888892
36,16,total_order,0,C00,optimizer-A,0.5533888888888892
36,16,first_encountered,7,C07,optimizer-B,0.6217222222222224
36,17,total_order,0,C00,optimizer-A,0.5533888888888892
36,17,first_encountered,7,C07,optimizer-B,0.6217222222222224
36,18,total_order,0,C00,optimizer-A,0.5533888888888892
36,18,first_encountered,1,C01,optimizer-A,0.5601388888888893
36,19,total_order,0,C00,optimizer-A,0.5533888888888892
36,19,first_encountered,7,C07,optimizer-B,0.6217222222222224
36,20,total_order,0,C00,optimizer-A,0.5533888888888892
36,20,first_encountered,6,C06,optimizer-B,0.6105555555555555
36,21,total_order,0,C00,optimizer-A,0.5533888888888892
36,21,first_encountered,0,C00,optimizer-A,0.5533888888888892
36,22,total_order,0,C00,optimizer-A,0.5533888888888892
36,22,first_encountered,1,C01,optimizer-A,0.5601388888888893
36,23,total_order,0,C00,optimizer-A,0.5533888888888892
36,23,first_encountered,7,C07,optimizer-B,0.6217222222222224
36,24,total_order,0,C00,optimizer-A,0.5533888888888892
36,24,first_encountered,7,C07,optimizer-B,0.6217222222222224
37,0,total_order,1,C01,optimizer-A,0.610527777777778
37,0,first_encountered,2,C02,optimizer-A,0.6207222222222223
37,1,total_order,1,C01,optimizer-A,0.610527777777778
37,1,first_encountered,2,C02,optimizer-A,0.6207222222222223
37,2,total_order,1,C01,optimizer-A,0.610527777777778
37,2,first_encountered,2,C02,optimizer-A,0.6207222222222223
37,3,total_order,1,C01,optimizer-A,0.610527777777778
37,3,first_encountered,8,C08,optimizer-B,0.5610555555555554
37,4,total_order,1,C01,optimizer-A,0.610527777777778
37,4,first_encountered,7,C07,optimizer-B,0.5490555555555557
37,5,total_order,1,C01,optimizer-A,0.610527777777778
37,5,first_encountered,1,C01,optimizer-A,0.610527777777778
37,6,total_order,1,C01,optimizer-A,0.610527777777778
37,6,first_encountered,7,C07,optimizer-B,0.5490555555555557
37,7,total_order,1,C01,optimizer-A,0.610527777777778
37,7,first_encountered,1,C01,optimizer-A,0.610527777777778
37,8,total_order,1,C01,optimizer-A,0.610527777777778
37,8,first_encountered,2,C02,optimizer-A,0.6207222222222223
37,9,total_order,1,C01,optimizer-A,0.610527777777778
37,9,first_encountered,2,C02,optimizer-A,0.6207222222222223
37,10,total_order,1,C01,optimizer-A,0.610527777777778
37,10,first_encountered,7,C07,optimizer-B,0.5490555555555557
37,11,total_order,1,C01,optimizer-A,0.610527777777778
37,11,first_encountered,8,C08,optimizer-B,0.5610555555555554
37,12,total_order,1,C01,optimizer-A,0.610527777777778
37,12,first_encountered,8,C08,optimizer-B,0.5610555555555554
37,13,total_order,1,C01,optimizer-A,0.610527777777778
37,13,first_encountered,1,C01,optimizer-A,0.610527777777778
37,14,total_order,1,C01,optimizer-A,0.610527777777778
37,14,first_encountered,8,C08,optimizer-B,0.5610555555555554
37,15,total_order,1,C01,optimizer-A,0.610527777777778
37,15,first_encountered,8,C08,optimizer-B,0.5610555555555554
37,16,total_order,1,C01,optimizer-A,0.610527777777778
37,16,first_encountered,8,C08,optimizer-B,0.5610555555555554
37,17,total_order,1,C01,optimizer-A,0.610527777777778
37,17,first_encountered,7,C07,optimizer-B,0.5490555555555557
37,18,total_order,1,C01,optimizer-A,0.610527777777778
37,18,first_encountered,8,C08,optimizer-B,0.5610555555555554
37,19,total_order,1,C01,optimizer-A,0.610527777777778
37,19,first_encountered,8,C08,optimizer-B,0.5610555555555554
37,20,total_order,1,C01,optimizer-A,0.610527777777778
37,20,first_encountered,1,C01,optimizer-A,0.610527777777778
37,21,total_order,1,C01,optimizer-A,0.610527777777778
37,21,first_encountered,8,C08,optimizer-B,0.5610555555555554
37,22,total_order,1,C01,optimizer-A,0.610527777777778
37,22,first_encountered,1,C01,optimizer-A,0.610527777777778
37,23,total_order,1,C01,optimizer-A,0.610527777777778
37,23,first_encountered,8,C08,optimizer-B,0.5610555555555554
37,24,total_order,1,C01,optimizer-A,0.610527777777778
37,24,first_encountered,7,C07,optimizer-B,0.5490555555555557
38,0,total_order,2,C02,optimizer-A,0.5460555555555557
38,0,first_encountered,2,C02,optimizer-A,0.5460555555555557
38,1,total_order,2,C02,optimizer-A,0.5460555555555557
38,1,first_encountered,3,C03,optimizer-A,0.5606666666666668
38,2,total_order,2,C02,optimizer-A,0.5460555555555557
38,2,first_encountered,2,C02,optimizer-A,0.5460555555555557
38,3,total_order,2,C02,optimizer-A,0.5460555555555557
38,3,first_encountered,8,C08,optimizer-B,0.6086388888888888
38,4,total_order,2,C02,optimizer-A,0.5460555555555557
38,4,first_encountered,9,C09,optimizer-B,0.6225000000000003
38,5,total_order,2,C02,optimizer-A,0.5460555555555557
38,5,first_encountered,8,C08,optimizer-B,0.6086388888888888
38,6,total_order,2,C02,optimizer-A,0.5460555555555557
38,6,first_encountered,9,C09,optimizer-B,0.6225000000000003
38,7,total_order,2,C02,optimizer-A,0.5460555555555557
38,7,first_encountered,3,C03,optimizer-A,0.5606666666666668
38,8,total_order,2,C02,optimizer-A,0.5460555555555557
38,8,first_encountered,2,C02,optimizer-A,0.5460555555555557
38,9,total_order,2,C02,optimizer-A,0.5460555555555557
38,9,first_encountered,2,C02,optimizer-A,0.5460555555555557
38,10,total_order,2,C02,optimizer-A,0.5460555555555557
38,10,first_encountered,3,C03,optimizer-A,0.5606666666666668
38,11,total_order,2,C02,optimizer-A,0.5460555555555557
38,11,first_encountered,3,C03,optimizer-A,0.5606666666666668
38,12,total_order,2,C02,optimizer-A,0.5460555555555557
38,12,first_encountered,8,C08,optimizer-B,0.6086388888888888
38,13,total_order,2,C02,optimizer-A,0.5460555555555557
38,13,first_encountered,8,C08,optimizer-B,0.6086388888888888
38,14,total_order,2,C02,optimizer-A,0.5460555555555557
38,14,first_encountered,8,C08,optimizer-B,0.6086388888888888
38,15,total_order,2,C02,optimizer-A,0.5460555555555557
38,15,first_encountered,8,C08,optimizer-B,0.6086388888888888
38,16,total_order,2,C02,optimizer-A,0.5460555555555557
38,16,first_encountered,8,C08,optimizer-B,0.6086388888888888
38,17,total_order,2,C02,optimizer-A,0.5460555555555557
38,17,first_encountered,9,C09,optimizer-B,0.6225000000000003
38,18,total_order,2,C02,optimizer-A,0.5460555555555557
38,18,first_encountered,3,C03,optimizer-A,0.5606666666666668
38,19,total_order,2,C02,optimizer-A,0.5460555555555557
38,19,first_encountered,9,C09,optimizer-B,0.6225000000000003
38,20,total_order,2,C02,optimizer-A,0.5460555555555557
38,20,first_encountered,3,C03,optimizer-A,0.5606666666666668
38,21,total_order,2,C02,optimizer-A,0.5460555555555557
38,21,first_encountered,8,C08,optimizer-B,0.6086388888888888
38,22,total_order,2,C02,optimizer-A,0.5460555555555557
38,22,first_encountered,9,C09,optimizer-B,0.6225000000000003
38,23,total_order,2,C02,optimizer-A,0.5460555555555557
38,23,first_encountered,8,C08,optimizer-B,0.6086388888888888
38,24,total_order,2,C02,optimizer-A,0.5460555555555557
38,24,first_encountered,8,C08,optimizer-B,0.6086388888888888
39,0,total_order,3,C03,optimizer-A,0.6055000000000004
39,0,first_encountered,3,C03,optimizer-A,0.6055000000000004
39,1,total_order,3,C03,optimizer-A,0.6055000000000004
39,1,first_encountered,3,C03,optimizer-A,0.6055000000000004
39,2,total_order,3,C03,optimizer-A,0.6055000000000004
39,2,first_encountered,4,C04,optimizer-A,0.6238333333333332
39,3,total_order,3,C03,optimizer-A,0.6055000000000004
39,3,first_encountered,4,C04,optimizer-A,0.6238333333333332
39,4,total_order,3,C03,optimizer-A,0.6055000000000004
39,4,first_encountered,4,C04,optimizer-A,0.6238333333333332
39,5,total_order,3,C03,optimizer-A,0.6055000000000004
39,5,first_encountered,10,C10,optimizer-B,0.5607222222222225
39,6,total_order,3,C03,optimizer-A,0.6055000000000004
39,6,first_encountered,9,C09,optimizer-B,0.5495555555555557
39,7,total_order,3,C03,optimizer-A,0.6055000000000004
39,7,first_encountered,3,C03,optimizer-A,0.6055000000000004
39,8,total_order,3,C03,optimizer-A,0.6055000000000004
39,8,first_encountered,9,C09,optimizer-B,0.5495555555555557
39,9,total_order,3,C03,optimizer-A,0.6055000000000004
39,9,first_encountered,10,C10,optimizer-B,0.5607222222222225
39,10,total_order,3,C03,optimizer-A,0.6055000000000004
39,10,first_encountered,3,C03,optimizer-A,0.6055000000000004
39,11,total_order,3,C03,optimizer-A,0.6055000000000004
39,11,first_encountered,3,C03,optimizer-A,0.6055000000000004
39,12,total_order,3,C03,optimizer-A,0.6055000000000004
39,12,first_encountered,4,C04,optimizer-A,0.6238333333333332
39,13,total_order,3,C03,optimizer-A,0.6055000000000004
39,13,first_encountered,10,C10,optimizer-B,0.5607222222222225
39,14,total_order,3,C03,optimizer-A,0.6055000000000004
39,14,first_encountered,10,C10,optimizer-B,0.5607222222222225
39,15,total_order,3,C03,optimizer-A,0.6055000000000004
39,15,first_encountered,9,C09,optimizer-B,0.5495555555555557
39,16,total_order,3,C03,optimizer-A,0.6055000000000004
39,16,first_encountered,9,C09,optimizer-B,0.5495555555555557
39,17,total_order,3,C03,optimizer-A,0.6055000000000004
39,17,first_encountered,4,C04,optimizer-A,0.6238333333333332
39,18,total_order,3,C03,optimizer-A,0.6055000000000004
39,18,first_encountered,10,C10,optimizer-B,0.5607222222222225
39,19,total_order,3,C03,optimizer-A,0.6055000000000004
39,19,first_encountered,9,C09,optimizer-B,0.5495555555555557
39,20,total_order,3,C03,optimizer-A,0.6055000000000004
39,20,first_encountered,10,C10,optimizer-B,0.5607222222222225
39,21,total_order,3,C03,optimizer-A,0.6055000000000004
39,21,first_encountered,3,C03,optimizer-A,0.6055000000000004
39,22,total_order,3,C03,optimizer-A,0.6055000000000004
39,22,first_encountered,10,C10,optimizer-B,0.5607222222222225
39,23,total_order,3,C03,optimizer-A,0.6055000000000004
39,23,first_encountered,4,C04,optimizer-A,0.6238333333333332
39,24,total_order,3,C03,optimizer-A,0.6055000000000004
39,24,first_encountered,9,C09,optimizer-B,0.5495555555555557
40,0,total_order,4,C04,optimizer-A,0.5484722222222225
40,0,first_encountered,10,C10,optimizer-B,0.6084722222222224
40,1,total_order,4,C04,optimizer-A,0.5484722222222225
40,1,first_encountered,5,C05,optimizer-A,0.5628611111111113
40,2,total_order,4,C04,optimizer-A,0.5484722222222225
40,2,first_encountered,11,C11,optimizer-B,0.6192499999999996
40,3,total_order,4,C04,optimizer-A,0.5484722222222225
40,3,first_encountered,4,C04,optimizer-A,0.5484722222222225
40,4,total_order,4,C04,optimizer-A,0.5484722222222225
40,4,first_encountered,4,C04,optimizer-A,0.5484722222222225
40,5,total_order,4,C04,optimizer-A,0.5484722222222225
40,5,first_encountered,10,C10,optimizer-B,0.6084722222222224
40,6,total_order,4,C04,optimizer-A,0.5484722222222225
40,6,first_encountered,10,C10,optimizer-B,0.6084722222222224
40,7,total_order,4,C04,optimizer-A,0.5484722222222225
40,7,first_encountered,10,C10,optimizer-B,0.6084722222222224
40,8,total_order,4,C04,optimizer-A,0.5484722222222225
40,8,first_encountered,5,C05,optimizer-A,0.5628611111111113
40,9,total_order,4,C04,optimizer-A,0.5484722222222225
40,9,first_encountered,10,C10,optimizer-B,0.6084722222222224
40,10,total_order,4,C04,optimizer-A,0.5484722222222225
40,10,first_encountered,11,C11,optimizer-B,0.6192499999999996
40,11,total_order,4,C04,optimizer-A,0.5484722222222225
40,11,first_encountered,5,C05,optimizer-A,0.5628611111111113
40,12,total_order,4,C04,optimizer-A,0.5484722222222225
40,12,first_encountered,4,C04,optimizer-A,0.5484722222222225
40,13,total_order,4,C04,optimizer-A,0.5484722222222225
40,13,first_encountered,5,C05,optimizer-A,0.5628611111111113
40,14,total_order,4,C04,optimizer-A,0.5484722222222225
40,14,first_encountered,10,C10,optimizer-B,0.6084722222222224
40,15,total_order,4,C04,optimizer-A,0.5484722222222225
40,15,first_encountered,11,C11,optimizer-B,0.6192499999999996
40,16,total_order,4,C04,optimizer-A,0.5484722222222225
40,16,first_encountered,10,C10,optimizer-B,0.6084722222222224
40,17,total_order,4,C04,optimizer-A,0.5484722222222225
40,17,first_encountered,4,C04,optimizer-A,0.5484722222222225
40,18,total_order,4,C04,optimizer-A,0.5484722222222225
40,18,first_encountered,10,C10,optimizer-B,0.6084722222222224
40,19,total_order,4,C04,optimizer-A,0.5484722222222225
40,19,first_encountered,5,C05,optimizer-A,0.5628611111111113
40,20,total_order,4,C04,optimizer-A,0.5484722222222225
40,20,first_encountered,10,C10,optimizer-B,0.6084722222222224
40,21,total_order,4,C04,optimizer-A,0.5484722222222225
40,21,first_encountered,5,C05,optimizer-A,0.5628611111111113
40,22,total_order,4,C04,optimizer-A,0.5484722222222225
40,22,first_encountered,10,C10,optimizer-B,0.6084722222222224
40,23,total_order,4,C04,optimizer-A,0.5484722222222225
40,23,first_encountered,4,C04,optimizer-A,0.5484722222222225
40,24,total_order,4,C04,optimizer-A,0.5484722222222225
40,24,first_encountered,11,C11,optimizer-B,0.6192499999999996
41,0,total_order,0,C00,optimizer-A,0.5612500000000004
41,0,first_encountered,6,C06,optimizer-B,0.6206111111111112
41,1,total_order,0,C00,optimizer-A,0.5612500000000004
41,1,first_encountered,0,C00,optimizer-A,0.5612500000000004
41,2,total_order,0,C00,optimizer-A,0.5612500000000004
41,2,first_encountered,11,C11,optimizer-B,0.5495555555555556
41,3,total_order,0,C00,optimizer-A,0.5612500000000004
41,3,first_encountered,0,C00,optimizer-A,0.5612500000000004
41,4,total_order,0,C00,optimizer-A,0.5612500000000004
41,4,first_encountered,6,C06,optimizer-B,0.6206111111111112
41,5,total_order,0,C00,optimizer-A,0.5612500000000004
41,5,first_encountered,0,C00,optimizer-A,0.5612500000000004
41,6,total_order,0,C00,optimizer-A,0.5612500000000004
41,6,first_encountered,6,C06,optimizer-B,0.6206111111111112
41,7,total_order,0,C00,optimizer-A,0.5612500000000004
41,7,first_encountered,6,C06,optimizer-B,0.6206111111111112
41,8,total_order,0,C00,optimizer-A,0.5612500000000004
41,8,first_encountered,5,C05,optimizer-A,0.6066111111111111
41,9,total_order,0,C00,optimizer-A,0.5612500000000004
41,9,first_encountered,0,C00,optimizer-A,0.5612500000000004
41,10,total_order,0,C00,optimizer-A,0.5612500000000004
41,10,first_encountered,11,C11,optimizer-B,0.5495555555555556
41,11,total_order,0,C00,optimizer-A,0.5612500000000004
41,11,first_encountered,5,C05,optimizer-A,0.6066111111111111
41,12,total_order,0,C00,optimizer-A,0.5612500000000004
41,12,first_encountered,6,C06,optimizer-B,0.6206111111111112
41,13,total_order,0,C00,optimizer-A,0.5612500000000004
41,13,first_encountered,5,C05,optimizer-A,0.6066111111111111
41,14,total_order,0,C00,optimizer-A,0.5612500000000004
41,14,first_encountered,5,C05,optimizer-A,0.6066111111111111
41,15,total_order,0,C00,optimizer-A,0.5612500000000004
41,15,first_encountered,0,C00,optimizer-A,0.5612500000000004
41,16,total_order,0,C00,optimizer-A,0.5612500000000004
41,16,first_encountered,6,C06,optimizer-B,0.6206111111111112
41,17,total_order,0,C00,optimizer-A,0.5612500000000004
41,17,first_encountered,6,C06,optimizer-B,0.6206111111111112
41,18,total_order,0,C00,optimizer-A,0.5612500000000004
41,18,first_encountered,5,C05,optimizer-A,0.6066111111111111
41,19,total_order,0,C00,optimizer-A,0.5612500000000004
41,19,first_encountered,5,C05,optimizer-A,0.6066111111111111
41,20,total_order,0,C00,optimizer-A,0.5612500000000004
41,20,first_encountered,6,C06,optimizer-B,0.6206111111111112
41,21,total_order,0,C00,optimizer-A,0.5612500000000004
41,21,first_encountered,0,C00,optimizer-A,0.5612500000000004
41,22,total_order,0,C00,optimizer-A,0.5612500000000004
41,22,first_encountered,5,C05,optimizer-A,0.6066111111111111
41,23,total_order,0,C00,optimizer-A,0.5612500000000004
41,23,first_encountered,6,C06,optimizer-B,0.6206111111111112
41,24,total_order,0,C00,optimizer-A,0.5612500000000004
41,24,first_encountered,6,C06,optimizer-B,0.6206111111111112
42,0,total_order,0,C00,optimizer-A,0.607111111111111
42,0,first_encountered,1,C01,optimizer-A,0.623
42,1,total_order,0,C00,optimizer-A,0.607111111111111
42,1,first_encountered,0,C00,optimizer-A,0.607111111111111
42,2,total_order,0,C00,optimizer-A,0.607111111111111
42,2,first_encountered,0,C00,optimizer-A,0.607111111111111
42,3,total_order,0,C00,optimizer-A,0.607111111111111
42,3,first_encountered,0,C00,optimizer-A,0.607111111111111
42,4,total_order,0,C00,optimizer-A,0.607111111111111
42,4,first_encountered,7,C07,optimizer-B,0.557916666666667
42,5,total_order,0,C00,optimizer-A,0.607111111111111
42,5,first_encountered,0,C00,optimizer-A,0.607111111111111
42,6,total_order,0,C00,optimizer-A,0.607111111111111
42,6,first_encountered,6,C06,optimizer-B,0.5476666666666669
42,7,total_order,0,C00,optimizer-A,0.607111111111111
42,7,first_encountered,1,C01,optimizer-A,0.623
42,8,total_order,0,C00,optimizer-A,0.607111111111111
42,8,first_encountered,1,C01,optimizer-A,0.623
42,9,total_order,0,C00,optimizer-A,0.607111111111111
42,9,first_encountered,0,C00,optimizer-A,0.607111111111111
42,10,total_order,0,C00,optimizer-A,0.607111111111111
42,10,first_encountered,7,C07,optimizer-B,0.557916666666667
42,11,total_order,0,C00,optimizer-A,0.607111111111111
42,11,first_encountered,1,C01,optimizer-A,0.623
42,12,total_order,0,C00,optimizer-A,0.607111111111111
42,12,first_encountered,6,C06,optimizer-B,0.5476666666666669
42,13,total_order,0,C00,optimizer-A,0.607111111111111
42,13,first_encountered,1,C01,optimizer-A,0.623
42,14,total_order,0,C00,optimizer-A,0.607111111111111
42,14,first_encountered,1,C01,optimizer-A,0.623
42,15,total_order,0,C00,optimizer-A,0.607111111111111
42,15,first_encountered,0,C00,optimizer-A,0.607111111111111
42,16,total_order,0,C00,optimizer-A,0.607111111111111
42,16,first_encountered,7,C07,optimizer-B,0.557916666666667
42,17,total_order,0,C00,optimizer-A,0.607111111111111
42,17,first_encountered,7,C07,optimizer-B,0.557916666666667
42,18,total_order,0,C00,optimizer-A,0.607111111111111
42,18,first_encountered,1,C01,optimizer-A,0.623
42,19,total_order,0,C00,optimizer-A,0.607111111111111
42,19,first_encountered,7,C07,optimizer-B,0.557916666666667
42,20,total_order,0,C00,optimizer-A,0.607111111111111
42,20,first_encountered,6,C06,optimizer-B,0.5476666666666669
42,21,total_order,0,C00,optimizer-A,0.607111111111111
42,21,first_encountered,0,C00,optimizer-A,0.607111111111111
42,22,total_order,0,C00,optimizer-A,0.607111111111111
42,22,first_encountered,1,C01,optimizer-A,0.623
42,23,total_order,0,C00,optimizer-A,0.607111111111111
42,23,first_encountered,7,C07,optimizer-B,0.557916666666667
42,24,total_order,0,C00,optimizer-A,0.607111111111111
42,24,first_encountered,7,C07,optimizer-B,0.557916666666667
43,0,total_order,1,C01,optimizer-A,0.5469166666666668
43,0,first_encountered,2,C02,optimizer-A,0.5593055555555557
43,1,total_order,1,C01,optimizer-A,0.5469166666666668
43,1,first_encountered,2,C02,optimizer-A,0.5593055555555557
43,2,total_order,1,C01,optimizer-A,0.5469166666666668
43,2,first_encountered,2,C02,optimizer-A,0.5593055555555557
43,3,total_order,1,C01,optimizer-A,0.5469166666666668
43,3,first_encountered,8,C08,optimizer-B,0.6157499999999998
43,4,total_order,1,C01,optimizer-A,0.5469166666666668
43,4,first_encountered,7,C07,optimizer-B,0.6128333333333335
43,5,total_order,1,C01,optimizer-A,0.5469166666666668
43,5,first_encountered,1,C01,optimizer-A,0.5469166666666668
43,6,total_order,1,C01,optimizer-A,0.5469166666666668
43,6,first_encountered,7,C07,optimizer-B,0.6128333333333335
43,7,total_order,1,C01,optimizer-A,0.5469166666666668
43,7,first_encountered,1,C01,optimizer-A,0.5469166666666668
43,8,total_order,1,C01,optimizer-A,0.5469166666666668
43,8,first_encountered,2,C02,optimizer-A,0.5593055555555557
43,9,total_order,1,C01,optimizer-A,0.5469166666666668
43,9,first_encountered,2,C02,optimizer-A,0.5593055555555557
43,10,total_order,1,C01,optimizer-A,0.5469166666666668
43,10,first_encountered,7,C07,optimizer-B,0.6128333333333335
43,11,total_order,1,C01,optimizer-A,0.5469166666666668
43,11,first_encountered,8,C08,optimizer-B,0.6157499999999998
43,12,total_order,1,C01,optimizer-A,0.5469166666666668
43,12,first_encountered,8,C08,optimizer-B,0.6157499999999998
43,13,total_order,1,C01,optimizer-A,0.5469166666666668
43,13,first_encountered,1,C01,optimizer-A,0.5469166666666668
43,14,total_order,1,C01,optimizer-A,0.5469166666666668
43,14,first_encountered,8,C08,optimizer-B,0.6157499999999998
43,15,total_order,1,C01,optimizer-A,0.5469166666666668
43,15,first_encountered,8,C08,optimizer-B,0.6157499999999998
43,16,total_order,1,C01,optimizer-A,0.5469166666666668
43,16,first_encountered,8,C08,optimizer-B,0.6157499999999998
43,17,total_order,1,C01,optimizer-A,0.5469166666666668
43,17,first_encountered,7,C07,optimizer-B,0.6128333333333335
43,18,total_order,1,C01,optimizer-A,0.5469166666666668
43,18,first_encountered,8,C08,optimizer-B,0.6157499999999998
43,19,total_order,1,C01,optimizer-A,0.5469166666666668
43,19,first_encountered,8,C08,optimizer-B,0.6157499999999998
43,20,total_order,1,C01,optimizer-A,0.5469166666666668
43,20,first_encountered,1,C01,optimizer-A,0.5469166666666668
43,21,total_order,1,C01,optimizer-A,0.5469166666666668
43,21,first_encountered,8,C08,optimizer-B,0.6157499999999998
43,22,total_order,1,C01,optimizer-A,0.5469166666666668
43,22,first_encountered,1,C01,optimizer-A,0.5469166666666668
43,23,total_order,1,C01,optimizer-A,0.5469166666666668
43,23,first_encountered,8,C08,optimizer-B,0.6157499999999998
43,24,total_order,1,C01,optimizer-A,0.5469166666666668
43,24,first_encountered,7,C07,optimizer-B,0.6128333333333335
44,0,total_order,2,C02,optimizer-A,0.6111944444444444
44,0,first_encountered,2,C02,optimizer-A,0.6111944444444444
44,1,total_order,2,C02,optimizer-A,0.6111944444444444
44,1,first_encountered,3,C03,optimizer-A,0.621416666666667
44,2,total_order,2,C02,optimizer-A,0.6111944444444444
44,2,first_encountered,2,C02,optimizer-A,0.6111944444444444
44,3,total_order,2,C02,optimizer-A,0.6111944444444444
44,3,first_encountered,8,C08,optimizer-B,0.5485000000000001
44,4,total_order,2,C02,optimizer-A,0.6111944444444444
44,4,first_encountered,9,C09,optimizer-B,0.562527777777778
44,5,total_order,2,C02,optimizer-A,0.6111944444444444
44,5,first_encountered,8,C08,optimizer-B,0.5485000000000001
44,6,total_order,2,C02,optimizer-A,0.6111944444444444
44,6,first_encountered,9,C09,optimizer-B,0.562527777777778
44,7,total_order,2,C02,optimizer-A,0.6111944444444444
44,7,first_encountered,3,C03,optimizer-A,0.621416666666667
44,8,total_order,2,C02,optimizer-A,0.6111944444444444
44,8,first_encountered,2,C02,optimizer-A,0.6111944444444444
44,9,total_order,2,C02,optimizer-A,0.6111944444444444
44,9,first_encountered,2,C02,optimizer-A,0.6111944444444444
44,10,total_order,2,C02,optimizer-A,0.6111944444444444
44,10,first_encountered,3,C03,optimizer-A,0.621416666666667
44,11,total_order,2,C02,optimizer-A,0.6111944444444444
44,11,first_encountered,3,C03,optimizer-A,0.621416666666667
44,12,total_order,2,C02,optimizer-A,0.6111944444444444
44,12,first_encountered,8,C08,optimizer-B,0.5485000000000001
44,13,total_order,2,C02,optimizer-A,0.6111944444444444
44,13,first_encountered,8,C08,optimizer-B,0.5485000000000001
44,14,total_order,2,C02,optimizer-A,0.6111944444444444
44,14,first_encountered,8,C08,optimizer-B,0.5485000000000001
44,15,total_order,2,C02,optimizer-A,0.6111944444444444
44,15,first_encountered,8,C08,optimizer-B,0.5485000000000001
44,16,total_order,2,C02,optimizer-A,0.6111944444444444
44,16,first_encountered,8,C08,optimizer-B,0.5485000000000001
44,17,total_order,2,C02,optimizer-A,0.6111944444444444
44,17,first_encountered,9,C09,optimizer-B,0.562527777777778
44,18,total_order,2,C02,optimizer-A,0.6111944444444444
44,18,first_encountered,3,C03,optimizer-A,0.621416666666667
44,19,total_order,2,C02,optimizer-A,0.6111944444444444
44,19,first_encountered,9,C09,optimizer-B,0.562527777777778
44,20,total_order,2,C02,optimizer-A,0.6111944444444444
44,20,first_encountered,3,C03,optimizer-A,0.621416666666667
44,21,total_order,2,C02,optimizer-A,0.6111944444444444
44,21,first_encountered,8,C08,optimizer-B,0.5485000000000001
44,22,total_order,2,C02,optimizer-A,0.6111944444444444
44,22,first_encountered,9,C09,optimizer-B,0.562527777777778
44,23,total_order,2,C02,optimizer-A,0.6111944444444444
44,23,first_encountered,8,C08,optimizer-B,0.5485000000000001
44,24,total_order,2,C02,optimizer-A,0.6111944444444444
44,24,first_encountered,8,C08,optimizer-B,0.5485000000000001
45,0,total_order,3,C03,optimizer-A,0.5470555555555557
45,0,first_encountered,3,C03,optimizer-A,0.5470555555555557
45,1,total_order,3,C03,optimizer-A,0.5470555555555557
45,1,first_encountered,3,C03,optimizer-A,0.5470555555555557
45,2,total_order,3,C03,optimizer-A,0.5470555555555557
45,2,first_encountered,4,C04,optimizer-A,0.5609999999999999
45,3,total_order,3,C03,optimizer-A,0.5470555555555557
45,3,first_encountered,4,C04,optimizer-A,0.5609999999999999
45,4,total_order,3,C03,optimizer-A,0.5470555555555557
45,4,first_encountered,4,C04,optimizer-A,0.5609999999999999
45,5,total_order,3,C03,optimizer-A,0.5470555555555557
45,5,first_encountered,10,C10,optimizer-B,0.6202222222222223
45,6,total_order,3,C03,optimizer-A,0.5470555555555557
45,6,first_encountered,9,C09,optimizer-B,0.6094166666666666
45,7,total_order,3,C03,optimizer-A,0.5470555555555557
45,7,first_encountered,3,C03,optimizer-A,0.5470555555555557
45,8,total_order,3,C03,optimizer-A,0.5470555555555557
45,8,first_encountered,9,C09,optimizer-B,0.6094166666666666
45,9,total_order,3,C03,optimizer-A,0.5470555555555557
45,9,first_encountered,10,C10,optimizer-B,0.6202222222222223
45,10,total_order,3,C03,optimizer-A,0.5470555555555557
45,10,first_encountered,3,C03,optimizer-A,0.5470555555555557
45,11,total_order,3,C03,optimizer-A,0.5470555555555557
45,11,first_encountered,3,C03,optimizer-A,0.5470555555555557
45,12,total_order,3,C03,optimizer-A,0.5470555555555557
45,12,first_encountered,4,C04,optimizer-A,0.5609999999999999
45,13,total_order,3,C03,optimizer-A,0.5470555555555557
45,13,first_encountered,10,C10,optimizer-B,0.6202222222222223
45,14,total_order,3,C03,optimizer-A,0.5470555555555557
45,14,first_encountered,10,C10,optimizer-B,0.6202222222222223
45,15,total_order,3,C03,optimizer-A,0.5470555555555557
45,15,first_encountered,9,C09,optimizer-B,0.6094166666666666
45,16,total_order,3,C03,optimizer-A,0.5470555555555557
45,16,first_encountered,9,C09,optimizer-B,0.6094166666666666
45,17,total_order,3,C03,optimizer-A,0.5470555555555557
45,17,first_encountered,4,C04,optimizer-A,0.5609999999999999
45,18,total_order,3,C03,optimizer-A,0.5470555555555557
45,18,first_encountered,10,C10,optimizer-B,0.6202222222222223
45,19,total_order,3,C03,optimizer-A,0.5470555555555557
45,19,first_encountered,9,C09,optimizer-B,0.6094166666666666
45,20,total_order,3,C03,optimizer-A,0.5470555555555557
45,20,first_encountered,10,C10,optimizer-B,0.6202222222222223
45,21,total_order,3,C03,optimizer-A,0.5470555555555557
45,21,first_encountered,3,C03,optimizer-A,0.5470555555555557
45,22,total_order,3,C03,optimizer-A,0.5470555555555557
45,22,first_encountered,10,C10,optimizer-B,0.6202222222222223
45,23,total_order,3,C03,optimizer-A,0.5470555555555557
45,23,first_encountered,4,C04,optimizer-A,0.5609999999999999
45,24,total_order,3,C03,optimizer-A,0.5470555555555557
45,24,first_encountered,9,C09,optimizer-B,0.6094166666666666
46,0,total_order,4,C04,optimizer-A,0.6118333333333336
46,0,first_encountered,10,C10,optimizer-B,0.553916666666667
46,1,total_order,4,C04,optimizer-A,0.6118333333333336
46,1,first_encountered,5,C05,optimizer-A,0.6177499999999999
46,2,total_order,4,C04,optimizer-A,0.6118333333333336
46,2,first_encountered,11,C11,optimizer-B,0.560111111111111
46,3,total_order,4,C04,optimizer-A,0.6118333333333336
46,3,first_encountered,4,C04,optimizer-A,0.6118333333333336
46,4,total_order,4,C04,optimizer-A,0.6118333333333336
46,4,first_encountered,4,C04,optimizer-A,0.6118333333333336
46,5,total_order,4,C04,optimizer-A,0.6118333333333336
46,5,first_encountered,10,C10,optimizer-B,0.553916666666667
46,6,total_order,4,C04,optimizer-A,0.6118333333333336
46,6,first_encountered,10,C10,optimizer-B,0.553916666666667
46,7,total_order,4,C04,optimizer-A,0.6118333333333336
46,7,first_encountered,10,C10,optimizer-B,0.553916666666667
46,8,total_order,4,C04,optimizer-A,0.6118333333333336
46,8,first_encountered,5,C05,optimizer-A,0.6177499999999999
46,9,total_order,4,C04,optimizer-A,0.6118333333333336
46,9,first_encountered,10,C10,optimizer-B,0.553916666666667
46,10,total_order,4,C04,optimizer-A,0.6118333333333336
46,10,first_encountered,11,C11,optimizer-B,0.560111111111111
46,11,total_order,4,C04,optimizer-A,0.6118333333333336
46,11,first_encountered,5,C05,optimizer-A,0.6177499999999999
46,12,total_order,4,C04,optimizer-A,0.6118333333333336
46,12,first_encountered,4,C04,optimizer-A,0.6118333333333336
46,13,total_order,4,C04,optimizer-A,0.6118333333333336
46,13,first_encountered,5,C05,optimizer-A,0.6177499999999999
46,14,total_order,4,C04,optimizer-A,0.6118333333333336
46,14,first_encountered,10,C10,optimizer-B,0.553916666666667
46,15,total_order,4,C04,optimizer-A,0.6118333333333336
46,15,first_encountered,11,C11,optimizer-B,0.560111111111111
46,16,total_order,4,C04,optimizer-A,0.6118333333333336
46,16,first_encountered,10,C10,optimizer-B,0.553916666666667
46,17,total_order,4,C04,optimizer-A,0.6118333333333336
46,17,first_encountered,4,C04,optimizer-A,0.6118333333333336
46,18,total_order,4,C04,optimizer-A,0.6118333333333336
46,18,first_encountered,10,C10,optimizer-B,0.553916666666667
46,19,total_order,4,C04,optimizer-A,0.6118333333333336
46,19,first_encountered,5,C05,optimizer-A,0.6177499999999999
46,20,total_order,4,C04,optimizer-A,0.6118333333333336
46,20,first_encountered,10,C10,optimizer-B,0.553916666666667
46,21,total_order,4,C04,optimizer-A,0.6118333333333336
46,21,first_encountered,5,C05,optimizer-A,0.6177499999999999
46,22,total_order,4,C04,optimizer-A,0.6118333333333336
46,22,first_encountered,10,C10,optimizer-B,0.553916666666667
46,23,total_order,4,C04,optimizer-A,0.6118333333333336
46,23,first_encountered,4,C04,optimizer-A,0.6118333333333336
46,24,total_order,4,C04,optimizer-A,0.6118333333333336
46,24,first_encountered,11,C11,optimizer-B,0.560111111111111
47,0,total_order,0,C00,optimizer-A,0.6166388888888888
47,0,first_encountered,6,C06,optimizer-B,0.559527777777778
47,1,total_order,0,C00,optimizer-A,0.6166388888888888
47,1,first_encountered,0,C00,optimizer-A,0.6166388888888888
47,2,total_order,0,C00,optimizer-A,0.6166388888888888
47,2,first_encountered,11,C11,optimizer-B,0.6080833333333335
47,3,total_order,0,C00,optimizer-A,0.6166388888888888
47,3,first_encountered,0,C00,optimizer-A,0.6166388888888888
47,4,total_order,0,C00,optimizer-A,0.6166388888888888
47,4,first_encountered,6,C06,optimizer-B,0.559527777777778
47,5,total_order,0,C00,optimizer-A,0.6166388888888888
47,5,first_encountered,0,C00,optimizer-A,0.6166388888888888
47,6,total_order,0,C00,optimizer-A,0.6166388888888888
47,6,first_encountered,6,C06,optimizer-B,0.559527777777778
47,7,total_order,0,C00,optimizer-A,0.6166388888888888
47,7,first_encountered,6,C06,optimizer-B,0.559527777777778
47,8,total_order,0,C00,optimizer-A,0.6166388888888888
47,8,first_encountered,5,C05,optimizer-A,0.5480555555555557
47,9,total_order,0,C00,optimizer-A,0.6166388888888888
47,9,first_encountered,0,C00,optimizer-A,0.6166388888888888
47,10,total_order,0,C00,optimizer-A,0.6166388888888888
47,10,first_encountered,11,C11,optimizer-B,0.6080833333333335
47,11,total_order,0,C00,optimizer-A,0.6166388888888888
47,11,first_encountered,5,C05,optimizer-A,0.5480555555555557
47,12,total_order,0,C00,optimizer-A,0.6166388888888888
47,12,first_encountered,6,C06,optimizer-B,0.559527777777778
47,13,total_order,0,C00,optimizer-A,0.6166388888888888
47,13,first_encountered,5,C05,optimizer-A,0.5480555555555557
47,14,total_order,0,C00,optimizer-A,0.6166388888888888
47,14,first_encountered,5,C05,optimizer-A,0.5480555555555557
47,15,total_order,0,C00,optimizer-A,0.6166388888888888
47,15,first_encountered,0,C00,optimizer-A,0.6166388888888888
47,16,total_order,0,C00,optimizer-A,0.6166388888888888
47,16,first_encountered,6,C06,optimizer-B,0.559527777777778
47,17,total_order,0,C00,optimizer-A,0.6166388888888888
47,17,first_encountered,6,C06,optimizer-B,0.559527777777778
47,18,total_order,0,C00,optimizer-A,0.6166388888888888
47,18,first_encountered,5,C05,optimizer-A,0.5480555555555557
47,19,total_order,0,C00,optimizer-A,0.6166388888888888
47,19,first_encountered,5,C05,optimizer-A,0.5480555555555557
47,20,total_order,0,C00,optimizer-A,0.6166388888888888
47,20,first_encountered,6,C06,optimizer-B,0.559527777777778
47,21,total_order,0,C00,optimizer-A,0.6166388888888888
47,21,first_encountered,0,C00,optimizer-A,0.6166388888888888
47,22,total_order,0,C00,optimizer-A,0.6166388888888888
47,22,first_encountered,5,C05,optimizer-A,0.5480555555555557
47,23,total_order,0,C00,optimizer-A,0.6166388888888888
47,23,first_encountered,6,C06,optimizer-B,0.559527777777778
47,24,total_order,0,C00,optimizer-A,0.6166388888888888
47,24,first_encountered,6,C06,optimizer-B,0.559527777777778
48,0,total_order,0,C00,optimizer-A,0.5488888888888892
48,0,first_encountered,1,C01,optimizer-A,0.5630277777777779
48,1,total_order,0,C00,optimizer-A,0.5488888888888892
48,1,first_encountered,0,C00,optimizer-A,0.5488888888888892
48,2,total_order,0,C00,optimizer-A,0.5488888888888892
48,2,first_encountered,0,C00,optimizer-A,0.5488888888888892
48,3,total_order,0,C00,optimizer-A,0.5488888888888892
48,3,first_encountered,0,C00,optimizer-A,0.5488888888888892
48,4,total_order,0,C00,optimizer-A,0.5488888888888892
48,4,first_encountered,7,C07,optimizer-B,0.6167222222222218
48,5,total_order,0,C00,optimizer-A,0.5488888888888892
48,5,first_encountered,0,C00,optimizer-A,0.5488888888888892
48,6,total_order,0,C00,optimizer-A,0.5488888888888892
48,6,first_encountered,6,C06,optimizer-B,0.6075277777777778
48,7,total_order,0,C00,optimizer-A,0.5488888888888892
48,7,first_encountered,1,C01,optimizer-A,0.5630277777777779
48,8,total_order,0,C00,optimizer-A,0.5488888888888892
48,8,first_encountered,1,C01,optimizer-A,0.5630277777777779
48,9,total_order,0,C00,optimizer-A,0.5488888888888892
48,9,first_encountered,0,C00,optimizer-A,0.5488888888888892
48,10,total_order,0,C00,optimizer-A,0.5488888888888892
48,10,first_encountered,7,C07,optimizer-B,0.6167222222222218
48,11,total_order,0,C00,optimizer-A,0.5488888888888892
48,11,first_encountered,1,C01,optimizer-A,0.5630277777777779
48,12,total_order,0,C00,optimizer-A,0.5488888888888892
48,12,first_encountered,6,C06,optimizer-B,0.6075277777777778
48,13,total_order,0,C00,optimizer-A,0.5488888888888892
48,13,first_encountered,1,C01,optimizer-A,0.5630277777777779
48,14,total_order,0,C00,optimizer-A,0.5488888888888892
48,14,first_encountered,1,C01,optimizer-A,0.5630277777777779
48,15,total_order,0,C00,optimizer-A,0.5488888888888892
48,15,first_encountered,0,C00,optimizer-A,0.5488888888888892
48,16,total_order,0,C00,optimizer-A,0.5488888888888892
48,16,first_encountered,7,C07,optimizer-B,0.6167222222222218
48,17,total_order,0,C00,optimizer-A,0.5488888888888892
48,17,first_encountered,7,C07,optimizer-B,0.6167222222222218
48,18,total_order,0,C00,optimizer-A,0.5488888888888892
48,18,first_encountered,1,C01,optimizer-A,0.5630277777777779
48,19,total_order,0,C00,optimizer-A,0.5488888888888892
48,19,first_encountered,7,C07,optimizer-B,0.6167222222222218
48,20,total_order,0,C00,optimizer-A,0.5488888888888892
48,20,first_encountered,6,C06,optimizer-B,0.6075277777777778
48,21,total_order,0,C00,optimizer-A,0.5488888888888892
48,21,first_encountered,0,C00,optimizer-A,0.5488888888888892
48,22,total_order,0,C00,optimizer-A,0.5488888888888892
48,22,first_encountered,1,C01,optimizer-A,0.5630277777777779
48,23,total_order,0,C00,optimizer-A,0.5488888888888892
48,23,first_encountered,7,C07,optimizer-B,0.6167222222222218
48,24,total_order,0,C00,optimizer-A,0.5488888888888892
48,24,first_encountered,7,C07,optimizer-B,0.6167222222222218
49,0,total_order,1,C01,optimizer-A,0.6092500000000001
49,0,first_encountered,2,C02,optimizer-A,0.6255555555555555
49,1,total_order,1,C01,optimizer-A,0.6092500000000001
49,1,first_encountered,2,C02,optimizer-A,0.6255555555555555
49,2,total_order,1,C01,optimizer-A,0.6092500000000001
49,2,first_encountered,2,C02,optimizer-A,0.6255555555555555
49,3,total_order,1,C01,optimizer-A,0.6092500000000001
49,3,first_encountered,8,C08,optimizer-B,0.5599999999999999
49,4,total_order,1,C01,optimizer-A,0.6092500000000001
49,4,first_encountered,7,C07,optimizer-B,0.5507777777777778
49,5,total_order,1,C01,optimizer-A,0.6092500000000001
49,5,first_encountered,1,C01,optimizer-A,0.6092500000000001
49,6,total_order,1,C01,optimizer-A,0.6092500000000001
49,6,first_encountered,7,C07,optimizer-B,0.5507777777777778
49,7,total_order,1,C01,optimizer-A,0.6092500000000001
49,7,first_encountered,1,C01,optimizer-A,0.6092500000000001
49,8,total_order,1,C01,optimizer-A,0.6092500000000001
49,8,first_encountered,2,C02,optimizer-A,0.6255555555555555
49,9,total_order,1,C01,optimizer-A,0.6092500000000001
49,9,first_encountered,2,C02,optimizer-A,0.6255555555555555
49,10,total_order,1,C01,optimizer-A,0.6092500000000001
49,10,first_encountered,7,C07,optimizer-B,0.5507777777777778
49,11,total_order,1,C01,optimizer-A,0.6092500000000001
49,11,first_encountered,8,C08,optimizer-B,0.5599999999999999
49,12,total_order,1,C01,optimizer-A,0.6092500000000001
49,12,first_encountered,8,C08,optimizer-B,0.5599999999999999
49,13,total_order,1,C01,optimizer-A,0.6092500000000001
49,13,first_encountered,1,C01,optimizer-A,0.6092500000000001
49,14,total_order,1,C01,optimizer-A,0.6092500000000001
49,14,first_encountered,8,C08,optimizer-B,0.5599999999999999
49,15,total_order,1,C01,optimizer-A,0.6092500000000001
49,15,first_encountered,8,C08,optimizer-B,0.5599999999999999
49,16,total_order,1,C01,optimizer-A,0.6092500000000001
49,16,first_encountered,8,C08,optimizer-B,0.5599999999999999
49,17,total_order,1,C01,optimizer-A,0.6092500000000001
49,17,first_encountered,7,C07,optimizer-B,0.5507777777777778
49,18,total_order,1,C01,optimizer-A,0.6092500000000001
49,18,first_encountered,8,C08,optimizer-B,0.5599999999999999
49,19,total_order,1,C01,optimizer-A,0.6092500000000001
49,19,first_encountered,8,C08,optimizer-B,0.5599999999999999
49,20,total_order,1,C01,optimizer-A,0.6092500000000001
49,20,first_encountered,1,C01,optimizer-A,0.6092500000000001
49,21,total_order,1,C01,optimizer-A,0.6092500000000001
49,21,first_encountered,8,C08,optimizer-B,0.5599999999999999
49,22,total_order,1,C01,optimizer-A,0.6092500000000001
49,22,first_encountered,1,C01,optimizer-A,0.6092500000000001
49,23,total_order,1,C01,optimizer-A,0.6092500000000001
49,23,first_encountered,8,C08,optimizer-B,0.5599999999999999
49,24,total_order,1,C01,optimizer-A,0.6092500000000001
49,24,first_encountered,7,C07,optimizer-B,0.5507777777777778
50,0,total_order,2,C02,optimizer-A,0.5475833333333335
50,0,first_encountered,2,C02,optimizer-A,0.5475833333333335
50,1,total_order,2,C02,optimizer-A,0.5475833333333335
50,1,first_encountered,3,C03,optimizer-A,0.5585
50,2,total_order,2,C02,optimizer-A,0.5475833333333335
50,2,first_encountered,2,C02,optimizer-A,0.5475833333333335
50,3,total_order,2,C02,optimizer-A,0.5475833333333335
50,3,first_encountered,8,C08,optimizer-B,0.6113055555555558
50,4,total_order,2,C02,optimizer-A,0.5475833333333335
50,4,first_encountered,9,C09,optimizer-B,0.6208333333333333
50,5,total_order,2,C02,optimizer-A,0.5475833333333335
50,5,first_encountered,8,C08,optimizer-B,0.6113055555555558
50,6,total_order,2,C02,optimizer-A,0.5475833333333335
50,6,first_encountered,9,C09,optimizer-B,0.6208333333333333
50,7,total_order,2,C02,optimizer-A,0.5475833333333335
50,7,first_encountered,3,C03,optimizer-A,0.5585
50,8,total_order,2,C02,optimizer-A,0.5475833333333335
50,8,first_encountered,2,C02,optimizer-A,0.5475833333333335
50,9,total_order,2,C02,optimizer-A,0.5475833333333335
50,9,first_encountered,2,C02,optimizer-A,0.5475833333333335
50,10,total_order,2,C02,optimizer-A,0.5475833333333335
50,10,first_encountered,3,C03,optimizer-A,0.5585
50,11,total_order,2,C02,optimizer-A,0.5475833333333335
50,11,first_encountered,3,C03,optimizer-A,0.5585
50,12,total_order,2,C02,optimizer-A,0.5475833333333335
50,12,first_encountered,8,C08,optimizer-B,0.6113055555555558
50,13,total_order,2,C02,optimizer-A,0.5475833333333335
50,13,first_encountered,8,C08,optimizer-B,0.6113055555555558
50,14,total_order,2,C02,optimizer-A,0.5475833333333335
50,14,first_encountered,8,C08,optimizer-B,0.6113055555555558
50,15,total_order,2,C02,optimizer-A,0.5475833333333335
50,15,first_encountered,8,C08,optimizer-B,0.6113055555555558
50,16,total_order,2,C02,optimizer-A,0.5475833333333335
50,16,first_encountered,8,C08,optimizer-B,0.6113055555555558
50,17,total_order,2,C02,optimizer-A,0.5475833333333335
50,17,first_encountered,9,C09,optimizer-B,0.6208333333333333
50,18,total_order,2,C02,optimizer-A,0.5475833333333335
50,18,first_encountered,3,C03,optimizer-A,0.5585
50,19,total_order,2,C02,optimizer-A,0.5475833333333335
50,19,first_encountered,9,C09,optimizer-B,0.6208333333333333
50,20,total_order,2,C02,optimizer-A,0.5475833333333335
50,20,first_encountered,3,C03,optimizer-A,0.5585
50,21,total_order,2,C02,optimizer-A,0.5475833333333335
50,21,first_encountered,8,C08,optimizer-B,0.6113055555555558
50,22,total_order,2,C02,optimizer-A,0.5475833333333335
50,22,first_encountered,9,C09,optimizer-B,0.6208333333333333
50,23,total_order,2,C02,optimizer-A,0.5475833333333335
50,23,first_encountered,8,C08,optimizer-B,0.6113055555555558
50,24,total_order,2,C02,optimizer-A,0.5475833333333335
50,24,first_encountered,8,C08,optimizer-B,0.6113055555555558
51,0,total_order,3,C03,optimizer-A,0.6108333333333337
51,0,first_encountered,3,C03,optimizer-A,0.6108333333333337
51,1,total_order,3,C03,optimizer-A,0.6108333333333337
51,1,first_encountered,3,C03,optimizer-A,0.6108333333333337
51,2,total_order,3,C03,optimizer-A,0.6108333333333337
51,2,first_encountered,4,C04,optimizer-A,0.6208055555555557
51,3,total_order,3,C03,optimizer-A,0.6108333333333337
51,3,first_encountered,4,C04,optimizer-A,0.6208055555555557
51,4,total_order,3,C03,optimizer-A,0.6108333333333337
51,4,first_encountered,4,C04,optimizer-A,0.6208055555555557
51,5,total_order,3,C03,optimizer-A,0.6108333333333337
51,5,first_encountered,10,C10,optimizer-B,0.5632500000000001
51,6,total_order,3,C03,optimizer-A,0.6108333333333337
51,6,first_encountered,9,C09,optimizer-B,0.5545833333333333
51,7,total_order,3,C03,optimizer-A,0.6108333333333337
51,7,first_encountered,3,C03,optimizer-A,0.6108333333333337
51,8,total_order,3,C03,optimizer-A,0.6108333333333337
51,8,first_encountered,9,C09,optimizer-B,0.5545833333333333
51,9,total_order,3,C03,optimizer-A,0.6108333333333337
51,9,first_encountered,10,C10,optimizer-B,0.5632500000000001
51,10,total_order,3,C03,optimizer-A,0.6108333333333337
51,10,first_encountered,3,C03,optimizer-A,0.6108333333333337
51,11,total_order,3,C03,optimizer-A,0.6108333333333337
51,11,first_encountered,3,C03,optimizer-A,0.6108333333333337
51,12,total_order,3,C03,optimizer-A,0.6108333333333337
51,12,first_encountered,4,C04,optimizer-A,0.6208055555555557
51,13,total_order,3,C03,optimizer-A,0.6108333333333337
51,13,first_encountered,10,C10,optimizer-B,0.5632500000000001
51,14,total_order,3,C03,optimizer-A,0.6108333333333337
51,14,first_encountered,10,C10,optimizer-B,0.5632500000000001
51,15,total_order,3,C03,optimizer-A,0.6108333333333337
51,15,first_encountered,9,C09,optimizer-B,0.5545833333333333
51,16,total_order,3,C03,optimizer-A,0.6108333333333337
51,16,first_encountered,9,C09,optimizer-B,0.5545833333333333
51,17,total_order,3,C03,optimizer-A,0.6108333333333337
51,17,first_encountered,4,C04,optimizer-A,0.6208055555555557
51,18,total_order,3,C03,optimizer-A,0.6108333333333337
51,18,first_encountered,10,C10,optimizer-B,0.5632500000000001
51,19,total_order,3,C03,optimizer-A,0.6108333333333337
51,19,first_encountered,9,C09,optimizer-B,0.5545833333333333
51,20,total_order,3,C03,optimizer-A,0.6108333333333337
51,20,first_encountered,10,C10,optimizer-B,0.5632500000000001
51,21,total_order,3,C03,optimizer-A,0.6108333333333337
51,21,first_encountered,3,C03,optimizer-A,0.6108333333333337
51,22,total_order,3,C03,optimizer-A,0.6108333333333337
51,22,first_encountered,10,C10,optimizer-B,0.5632500000000001
51,23,total_order,3,C03,optimizer-A,0.6108333333333337
51,23,first_encountered,4,C04,optimizer-A,0.6208055555555557
51,24,total_order,3,C03,optimizer-A,0.6108333333333337
51,24,first_encountered,9,C09,optimizer-B,0.5545833333333333
52,0,total_order,4,C04,optimizer-A,0.5525000000000001
52,0,first_encountered,10,C10,optimizer-B,0.6106666666666668
52,1,total_order,4,C04,optimizer-A,0.5525000000000001
52,1,first_encountered,5,C05,optimizer-A,0.5575833333333332
52,2,total_order,4,C04,optimizer-A,0.5525000000000001
52,2,first_encountered,11,C11,optimizer-B,0.6224166666666667
52,3,total_order,4,C04,optimizer-A,0.5525000000000001
52,3,first_encountered,4,C04,optimizer-A,0.5525000000000001
52,4,total_order,4,C04,optimizer-A,0.5525000000000001
52,4,first_encountered,4,C04,optimizer-A,0.5525000000000001
52,5,total_order,4,C04,optimizer-A,0.5525000000000001
52,5,first_encountered,10,C10,optimizer-B,0.6106666666666668
52,6,total_order,4,C04,optimizer-A,0.5525000000000001
52,6,first_encountered,10,C10,optimizer-B,0.6106666666666668
52,7,total_order,4,C04,optimizer-A,0.5525000000000001
52,7,first_encountered,10,C10,optimizer-B,0.6106666666666668
52,8,total_order,4,C04,optimizer-A,0.5525000000000001
52,8,first_encountered,5,C05,optimizer-A,0.5575833333333332
52,9,total_order,4,C04,optimizer-A,0.5525000000000001
52,9,first_encountered,10,C10,optimizer-B,0.6106666666666668
52,10,total_order,4,C04,optimizer-A,0.5525000000000001
52,10,first_encountered,11,C11,optimizer-B,0.6224166666666667
52,11,total_order,4,C04,optimizer-A,0.5525000000000001
52,11,first_encountered,5,C05,optimizer-A,0.5575833333333332
52,12,total_order,4,C04,optimizer-A,0.5525000000000001
52,12,first_encountered,4,C04,optimizer-A,0.5525000000000001
52,13,total_order,4,C04,optimizer-A,0.5525000000000001
52,13,first_encountered,5,C05,optimizer-A,0.5575833333333332
52,14,total_order,4,C04,optimizer-A,0.5525000000000001
52,14,first_encountered,10,C10,optimizer-B,0.6106666666666668
52,15,total_order,4,C04,optimizer-A,0.5525000000000001
52,15,first_encountered,11,C11,optimizer-B,0.6224166666666667
52,16,total_order,4,C04,optimizer-A,0.5525000000000001
52,16,first_encountered,10,C10,optimizer-B,0.6106666666666668
52,17,total_order,4,C04,optimizer-A,0.5525000000000001
52,17,first_encountered,4,C04,optimizer-A,0.5525000000000001
52,18,total_order,4,C04,optimizer-A,0.5525000000000001
52,18,first_encountered,10,C10,optimizer-B,0.6106666666666668
52,19,total_order,4,C04,optimizer-A,0.5525000000000001
52,19,first_encountered,5,C05,optimizer-A,0.5575833333333332
52,20,total_order,4,C04,optimizer-A,0.5525000000000001
52,20,first_encountered,10,C10,optimizer-B,0.6106666666666668
52,21,total_order,4,C04,optimizer-A,0.5525000000000001
52,21,first_encountered,5,C05,optimizer-A,0.5575833333333332
52,22,total_order,4,C04,optimizer-A,0.5525000000000001
52,22,first_encountered,10,C10,optimizer-B,0.6106666666666668
52,23,total_order,4,C04,optimizer-A,0.5525000000000001
52,23,first_encountered,4,C04,optimizer-A,0.5525000000000001
52,24,total_order,4,C04,optimizer-A,0.5525000000000001
52,24,first_encountered,11,C11,optimizer-B,0.6224166666666667
53,0,total_order,0,C00,optimizer-A,0.5583888888888892
53,0,first_encountered,6,C06,optimizer-B,0.6168611111111112
53,1,total_order,0,C00,optimizer-A,0.5583888888888892
53,1,first_encountered,0,C00,optimizer-A,0.5583888888888892
53,2,total_order,0,C00,optimizer-A,0.5583888888888892
53,2,first_encountered,11,C11,optimizer-B,0.5530833333333334
53,3,total_order,0,C00,optimizer-A,0.5583888888888892
53,3,first_encountered,0,C00,optimizer-A,0.5583888888888892
53,4,total_order,0,C00,optimizer-A,0.5583888888888892
53,4,first_encountered,6,C06,optimizer-B,0.6168611111111112
53,5,total_order,0,C00,optimizer-A,0.5583888888888892
53,5,first_encountered,0,C00,optimizer-A,0.5583888888888892
53,6,total_order,0,C00,optimizer-A,0.5583888888888892
53,6,first_encountered,6,C06,optimizer-B,0.6168611111111112
53,7,total_order,0,C00,optimizer-A,0.5583888888888892
53,7,first_encountered,6,C06,optimizer-B,0.6168611111111112
53,8,total_order,0,C00,optimizer-A,0.5583888888888892
53,8,first_encountered,5,C05,optimizer-A,0.6109722222222224
53,9,total_order,0,C00,optimizer-A,0.5583888888888892
53,9,first_encountered,0,C00,optimizer-A,0.5583888888888892
53,10,total_order,0,C00,optimizer-A,0.5583888888888892
53,10,first_encountered,11,C11,optimizer-B,0.5530833333333334
53,11,total_order,0,C00,optimizer-A,0.5583888888888892
53,11,first_encountered,5,C05,optimizer-A,0.6109722222222224
53,12,total_order,0,C00,optimizer-A,0.5583888888888892
53,12,first_encountered,6,C06,optimizer-B,0.6168611111111112
53,13,total_order,0,C00,optimizer-A,0.5583888888888892
53,13,first_encountered,5,C05,optimizer-A,0.6109722222222224
53,14,total_order,0,C00,optimizer-A,0.5583888888888892
53,14,first_encountered,5,C05,optimizer-A,0.6109722222222224
53,15,total_order,0,C00,optimizer-A,0.5583888888888892
53,15,first_encountered,0,C00,optimizer-A,0.5583888888888892
53,16,total_order,0,C00,optimizer-A,0.5583888888888892
53,16,first_encountered,6,C06,optimizer-B,0.6168611111111112
53,17,total_order,0,C00,optimizer-A,0.5583888888888892
53,17,first_encountered,6,C06,optimizer-B,0.6168611111111112
53,18,total_order,0,C00,optimizer-A,0.5583888888888892
53,18,first_encountered,5,C05,optimizer-A,0.6109722222222224
53,19,total_order,0,C00,optimizer-A,0.5583888888888892
53,19,first_encountered,5,C05,optimizer-A,0.6109722222222224
53,20,total_order,0,C00,optimizer-A,0.5583888888888892
53,20,first_encountered,6,C06,optimizer-B,0.6168611111111112
53,21,total_order,0,C00,optimizer-A,0.5583888888888892
53,21,first_encountered,0,C00,optimizer-A,0.5583888888888892
53,22,total_order,0,C00,optimizer-A,0.5583888888888892
53,22,first_encountered,5,C05,optimizer-A,0.6109722222222224
53,23,total_order,0,C00,optimizer-A,0.5583888888888892
53,23,first_encountered,6,C06,optimizer-B,0.6168611111111112
53,24,total_order,0,C00,optimizer-A,0.5583888888888892
53,24,first_encountered,6,C06,optimizer-B,0.6168611111111112
54,0,total_order,0,C00,optimizer-A,0.612361111111111
54,0,first_encountered,1,C01,optimizer-A,0.6222222222222223
54,1,total_order,0,C00,optimizer-A,0.612361111111111
54,1,first_encountered,0,C00,optimizer-A,0.612361111111111
54,2,total_order,0,C00,optimizer-A,0.612361111111111
54,2,first_encountered,0,C00,optimizer-A,0.612361111111111
54,3,total_order,0,C00,optimizer-A,0.612361111111111
54,3,first_encountered,0,C00,optimizer-A,0.612361111111111
54,4,total_order,0,C00,optimizer-A,0.612361111111111
54,4,first_encountered,7,C07,optimizer-B,0.5603333333333332
54,5,total_order,0,C00,optimizer-A,0.612361111111111
54,5,first_encountered,0,C00,optimizer-A,0.612361111111111
54,6,total_order,0,C00,optimizer-A,0.612361111111111
54,6,first_encountered,6,C06,optimizer-B,0.5473888888888887
54,7,total_order,0,C00,optimizer-A,0.612361111111111
54,7,first_encountered,1,C01,optimizer-A,0.6222222222222223
54,8,total_order,0,C00,optimizer-A,0.612361111111111
54,8,first_encountered,1,C01,optimizer-A,0.6222222222222223
54,9,total_order,0,C00,optimizer-A,0.612361111111111
54,9,first_encountered,0,C00,optimizer-A,0.612361111111111
54,10,total_order,0,C00,optimizer-A,0.612361111111111
54,10,first_encountered,7,C07,optimizer-B,0.5603333333333332
54,11,total_order,0,C00,optimizer-A,0.612361111111111
54,11,first_encountered,1,C01,optimizer-A,0.6222222222222223
54,12,total_order,0,C00,optimizer-A,0.612361111111111
54,12,first_encountered,6,C06,optimizer-B,0.5473888888888887
54,13,total_order,0,C00,optimizer-A,0.612361111111111
54,13,first_encountered,1,C01,optimizer-A,0.6222222222222223
54,14,total_order,0,C00,optimizer-A,0.612361111111111
54,14,first_encountered,1,C01,optimizer-A,0.6222222222222223
54,15,total_order,0,C00,optimizer-A,0.612361111111111
54,15,first_encountered,0,C00,optimizer-A,0.612361111111111
54,16,total_order,0,C00,optimizer-A,0.612361111111111
54,16,first_encountered,7,C07,optimizer-B,0.5603333333333332
54,17,total_order,0,C00,optimizer-A,0.612361111111111
54,17,first_encountered,7,C07,optimizer-B,0.5603333333333332
54,18,total_order,0,C00,optimizer-A,0.612361111111111
54,18,first_encountered,1,C01,optimizer-A,0.6222222222222223
54,19,total_order,0,C00,optimizer-A,0.612361111111111
54,19,first_encountered,7,C07,optimizer-B,0.5603333333333332
54,20,total_order,0,C00,optimizer-A,0.612361111111111
54,20,first_encountered,6,C06,optimizer-B,0.5473888888888887
54,21,total_order,0,C00,optimizer-A,0.612361111111111
54,21,first_encountered,0,C00,optimizer-A,0.612361111111111
54,22,total_order,0,C00,optimizer-A,0.612361111111111
54,22,first_encountered,1,C01,optimizer-A,0.6222222222222223
54,23,total_order,0,C00,optimizer-A,0.612361111111111
54,23,first_encountered,7,C07,optimizer-B,0.5603333333333332
54,24,total_order,0,C00,optimizer-A,0.612361111111111
54,24,first_encountered,7,C07,optimizer-B,0.5603333333333332
55,0,total_order,1,C01,optimizer-A,0.5496388888888893
55,0,first_encountered,2,C02,optimizer-A,0.5652500000000006
55,1,total_order,1,C01,optimizer-A,0.5496388888888893
55,1,first_encountered,2,C02,optimizer-A,0.5652500000000006
55,2,total_order,1,C01,optimizer-A,0.5496388888888893
55,2,first_encountered,2,C02,optimizer-A,0.5652500000000006
55,3,total_order,1,C01,optimizer-A,0.5496388888888893
55,3,first_encountered,8,C08,optimizer-B,0.6205277777777777
55,4,total_order,1,C01,optimizer-A,0.5496388888888893
55,4,first_encountered,7,C07,optimizer-B,0.6124722222222221
55,5,total_order,1,C01,optimizer-A,0.5496388888888893
55,5,first_encountered,1,C01,optimizer-A,0.5496388888888893
55,6,total_order,1,C01,optimizer-A,0.5496388888888893
55,6,first_encountered,7,C07,optimizer-B,0.6124722222222221
55,7,total_order,1,C01,optimizer-A,0.5496388888888893
55,7,first_encountered,1,C01,optimizer-A,0.5496388888888893
55,8,total_order,1,C01,optimizer-A,0.5496388888888893
55,8,first_encountered,2,C02,optimizer-A,0.5652500000000006
55,9,total_order,1,C01,optimizer-A,0.5496388888888893
55,9,first_encountered,2,C02,optimizer-A,0.5652500000000006
55,10,total_order,1,C01,optimizer-A,0.5496388888888893
55,10,first_encountered,7,C07,optimizer-B,0.6124722222222221
55,11,total_order,1,C01,optimizer-A,0.5496388888888893
55,11,first_encountered,8,C08,optimizer-B,0.6205277777777777
55,12,total_order,1,C01,optimizer-A,0.5496388888888893
55,12,first_encountered,8,C08,optimizer-B,0.6205277777777777
55,13,total_order,1,C01,optimizer-A,0.5496388888888893
55,13,first_encountered,1,C01,optimizer-A,0.5496388888888893
55,14,total_order,1,C01,optimizer-A,0.5496388888888893
55,14,first_encountered,8,C08,optimizer-B,0.6205277777777777
55,15,total_order,1,C01,optimizer-A,0.5496388888888893
55,15,first_encountered,8,C08,optimizer-B,0.6205277777777777
55,16,total_order,1,C01,optimizer-A,0.5496388888888893
55,16,first_encountered,8,C08,optimizer-B,0.6205277777777777
55,17,total_order,1,C01,optimizer-A,0.5496388888888893
55,17,first_encountered,7,C07,optimizer-B,0.6124722222222221
55,18,total_order,1,C01,optimizer-A,0.5496388888888893
55,18,first_encountered,8,C08,optimizer-B,0.6205277777777777
55,19,total_order,1,C01,optimizer-A,0.5496388888888893
55,19,first_encountered,8,C08,optimizer-B,0.6205277777777777
55,20,total_order,1,C01,optimizer-A,0.5496388888888893
55,20,first_encountered,1,C01,optimizer-A,0.5496388888888893
55,21,total_order,1,C01,optimizer-A,0.5496388888888893
55,21,first_encountered,8,C08,optimizer-B,0.6205277777777777
55,22,total_order,1,C01,optimizer-A,0.5496388888888893
55,22,first_encountered,1,C01,optimizer-A,0.5496388888888893
55,23,total_order,1,C01,optimizer-A,0.5496388888888893
55,23,first_encountered,8,C08,optimizer-B,0.6205277777777777
55,24,total_order,1,C01,optimizer-A,0.5496388888888893
55,24,first_encountered,7,C07,optimizer-B,0.6124722222222221
56,0,total_order,2,C02,optimizer-A,0.6106666666666668
56,0,first_encountered,2,C02,optimizer-A,0.6106666666666668
56,1,total_order,2,C02,optimizer-A,0.6106666666666668
56,1,first_encountered,3,C03,optimizer-A,0.6211388888888894
56,2,total_order,2,C02,optimizer-A,0.6106666666666668
56,2,first_encountered,2,C02,optimizer-A,0.6106666666666668
56,3,total_order,2,C02,optimizer-A,0.6106666666666668
56,3,first_encountered,8,C08,optimizer-B,0.5516111111111112
56,4,total_order,2,C02,optimizer-A,0.6106666666666668
56,4,first_encountered,9,C09,optimizer-B,0.5583055555555558
56,5,total_order,2,C02,optimizer-A,0.6106666666666668
56,5,first_encountered,8,C08,optimizer-B,0.5516111111111112
56,6,total_order,2,C02,optimizer-A,0.6106666666666668
56,6,first_encountered,9,C09,optimizer-B,0.5583055555555558
56,7,total_order,2,C02,optimizer-A,0.6106666666666668
56,7,first_encountered,3,C03,optimizer-A,0.6211388888888894
56,8,total_order,2,C02,optimizer-A,0.6106666666666668
56,8,first_encountered,2,C02,optimizer-A,0.6106666666666668
56,9,total_order,2,C02,optimizer-A,0.6106666666666668
56,9,first_encountered,2,C02,optimizer-A,0.6106666666666668
56,10,total_order,2,C02,optimizer-A,0.6106666666666668
56,10,first_encountered,3,C03,optimizer-A,0.6211388888888894
56,11,total_order,2,C02,optimizer-A,0.6106666666666668
56,11,first_encountered,3,C03,optimizer-A,0.6211388888888894
56,12,total_order,2,C02,optimizer-A,0.6106666666666668
56,12,first_encountered,8,C08,optimizer-B,0.5516111111111112
56,13,total_order,2,C02,optimizer-A,0.6106666666666668
56,13,first_encountered,8,C08,optimizer-B,0.5516111111111112
56,14,total_order,2,C02,optimizer-A,0.6106666666666668
56,14,first_encountered,8,C08,optimizer-B,0.5516111111111112
56,15,total_order,2,C02,optimizer-A,0.6106666666666668
56,15,first_encountered,8,C08,optimizer-B,0.5516111111111112
56,16,total_order,2,C02,optimizer-A,0.6106666666666668
56,16,first_encountered,8,C08,optimizer-B,0.5516111111111112
56,17,total_order,2,C02,optimizer-A,0.6106666666666668
56,17,first_encountered,9,C09,optimizer-B,0.5583055555555558
56,18,total_order,2,C02,optimizer-A,0.6106666666666668
56,18,first_encountered,3,C03,optimizer-A,0.6211388888888894
56,19,total_order,2,C02,optimizer-A,0.6106666666666668
56,19,first_encountered,9,C09,optimizer-B,0.5583055555555558
56,20,total_order,2,C02,optimizer-A,0.6106666666666668
56,20,first_encountered,3,C03,optimizer-A,0.6211388888888894
56,21,total_order,2,C02,optimizer-A,0.6106666666666668
56,21,first_encountered,8,C08,optimizer-B,0.5516111111111112
56,22,total_order,2,C02,optimizer-A,0.6106666666666668
56,22,first_encountered,9,C09,optimizer-B,0.5583055555555558
56,23,total_order,2,C02,optimizer-A,0.6106666666666668
56,23,first_encountered,8,C08,optimizer-B,0.5516111111111112
56,24,total_order,2,C02,optimizer-A,0.6106666666666668
56,24,first_encountered,8,C08,optimizer-B,0.5516111111111112
57,0,total_order,3,C03,optimizer-A,0.5473333333333332
57,0,first_encountered,3,C03,optimizer-A,0.5473333333333332
57,1,total_order,3,C03,optimizer-A,0.5473333333333332
57,1,first_encountered,3,C03,optimizer-A,0.5473333333333332
57,2,total_order,3,C03,optimizer-A,0.5473333333333332
57,2,first_encountered,4,C04,optimizer-A,0.5576388888888888
57,3,total_order,3,C03,optimizer-A,0.5473333333333332
57,3,first_encountered,4,C04,optimizer-A,0.5576388888888888
57,4,total_order,3,C03,optimizer-A,0.5473333333333332
57,4,first_encountered,4,C04,optimizer-A,0.5576388888888888
57,5,total_order,3,C03,optimizer-A,0.5473333333333332
57,5,first_encountered,10,C10,optimizer-B,0.6227222222222224
57,6,total_order,3,C03,optimizer-A,0.5473333333333332
57,6,first_encountered,9,C09,optimizer-B,0.6080833333333334
57,7,total_order,3,C03,optimizer-A,0.5473333333333332
57,7,first_encountered,3,C03,optimizer-A,0.5473333333333332
57,8,total_order,3,C03,optimizer-A,0.5473333333333332
57,8,first_encountered,9,C09,optimizer-B,0.6080833333333334
57,9,total_order,3,C03,optimizer-A,0.5473333333333332
57,9,first_encountered,10,C10,optimizer-B,0.6227222222222224
57,10,total_order,3,C03,optimizer-A,0.5473333333333332
57,10,first_encountered,3,C03,optimizer-A,0.5473333333333332
57,11,total_order,3,C03,optimizer-A,0.5473333333333332
57,11,first_encountered,3,C03,optimizer-A,0.5473333333333332
57,12,total_order,3,C03,optimizer-A,0.5473333333333332
57,12,first_encountered,4,C04,optimizer-A,0.5576388888888888
57,13,total_order,3,C03,optimizer-A,0.5473333333333332
57,13,first_encountered,10,C10,optimizer-B,0.6227222222222224
57,14,total_order,3,C03,optimizer-A,0.5473333333333332
57,14,first_encountered,10,C10,optimizer-B,0.6227222222222224
57,15,total_order,3,C03,optimizer-A,0.5473333333333332
57,15,first_encountered,9,C09,optimizer-B,0.6080833333333334
57,16,total_order,3,C03,optimizer-A,0.5473333333333332
57,16,first_encountered,9,C09,optimizer-B,0.6080833333333334
57,17,total_order,3,C03,optimizer-A,0.5473333333333332
57,17,first_encountered,4,C04,optimizer-A,0.5576388888888888
57,18,total_order,3,C03,optimizer-A,0.5473333333333332
57,18,first_encountered,10,C10,optimizer-B,0.6227222222222224
57,19,total_order,3,C03,optimizer-A,0.5473333333333332
57,19,first_encountered,9,C09,optimizer-B,0.6080833333333334
57,20,total_order,3,C03,optimizer-A,0.5473333333333332
57,20,first_encountered,10,C10,optimizer-B,0.6227222222222224
57,21,total_order,3,C03,optimizer-A,0.5473333333333332
57,21,first_encountered,3,C03,optimizer-A,0.5473333333333332
57,22,total_order,3,C03,optimizer-A,0.5473333333333332
57,22,first_encountered,10,C10,optimizer-B,0.6227222222222224
57,23,total_order,3,C03,optimizer-A,0.5473333333333332
57,23,first_encountered,4,C04,optimizer-A,0.5576388888888888
57,24,total_order,3,C03,optimizer-A,0.5473333333333332
57,24,first_encountered,9,C09,optimizer-B,0.6080833333333334
58,0,total_order,4,C04,optimizer-A,0.6094722222222221
58,0,first_encountered,10,C10,optimizer-B,0.5481666666666668
58,1,total_order,4,C04,optimizer-A,0.6094722222222221
58,1,first_encountered,5,C05,optimizer-A,0.6196666666666667
58,2,total_order,4,C04,optimizer-A,0.6094722222222221
58,2,first_encountered,11,C11,optimizer-B,0.5633611111111113
58,3,total_order,4,C04,optimizer-A,0.6094722222222221
58,3,first_encountered,4,C04,optimizer-A,0.6094722222222221
58,4,total_order,4,C04,optimizer-A,0.6094722222222221
58,4,first_encountered,4,C04,optimizer-A,0.6094722222222221
58,5,total_order,4,C04,optimizer-A,0.6094722222222221
58,5,first_encountered,10,C10,optimizer-B,0.5481666666666668
58,6,total_order,4,C04,optimizer-A,0.6094722222222221
58,6,first_encountered,10,C10,optimizer-B,0.5481666666666668
58,7,total_order,4,C04,optimizer-A,0.6094722222222221
58,7,first_encountered,10,C10,optimizer-B,0.5481666666666668
58,8,total_order,4,C04,optimizer-A,0.6094722222222221
58,8,first_encountered,5,C05,optimizer-A,0.6196666666666667
58,9,total_order,4,C04,optimizer-A,0.6094722222222221
58,9,first_encountered,10,C10,optimizer-B,0.5481666666666668
58,10,total_order,4,C04,optimizer-A,0.6094722222222221
58,10,first_encountered,11,C11,optimizer-B,0.5633611111111113
58,11,total_order,4,C04,optimizer-A,0.6094722222222221
58,11,first_encountered,5,C05,optimizer-A,0.6196666666666667
58,12,total_order,4,C04,optimizer-A,0.6094722222222221
58,12,first_encountered,4,C04,optimizer-A,0.6094722222222221
58,13,total_order,4,C04,optimizer-A,0.6094722222222221
58,13,first_encountered,5,C05,optimizer-A,0.6196666666666667
58,14,total_order,4,C04,optimizer-A,0.6094722222222221
58,14,first_encountered,10,C10,optimizer-B,0.5481666666666668
58,15,total_order,4,C04,optimizer-A,0.6094722222222221
58,15,first_encountered,11,C11,optimizer-B,0.5633611111111113
58,16,total_order,4,C04,optimizer-A,0.6094722222222221
58,16,first_encountered,10,C10,optimizer-B,0.5481666666666668
58,17,total_order,4,C04,optimizer-A,0.6094722222222221
58,17,first_encountered,4,C04,optimizer-A,0.6094722222222221
58,18,total_order,4,C04,optimizer-A,0.6094722222222221
58,18,first_encountered,10,C10,optimizer-B,0.5481666666666668
58,19,total_order,4,C04,optimizer-A,0.6094722222222221
58,19,first_encountered,5,C05,optimizer-A,0.6196666666666667
58,20,total_order,4,C04,optimizer-A,0.6094722222222221
58,20,first_encountered,10,C10,optimizer-B,0.5481666666666668
58,21,total_order,4,C04,optimizer-A,0.6094722222222221
58,21,first_encountered,5,C05,optimizer-A,0.6196666666666667
58,22,total_order,4,C04,optimizer-A,0.6094722222222221
58,22,first_encountered,10,C10,optimizer-B,0.5481666666666668
58,23,total_order,4,C04,optimizer-A,0.6094722222222221
58,23,first_encountered,4,C04,optimizer-A,0.6094722222222221
58,24,total_order,4,C04,optimizer-A,0.6094722222222221
58,24,first_encountered,11,C11,optimizer-B,0.5633611111111113
59,0,total_order,0,C00,optimizer-A,0.6166666666666665
59,0,first_encountered,6,C06,optimizer-B,0.5599166666666666
59,1,total_order,0,C00,optimizer-A,0.6166666666666665
59,1,first_encountered,0,C00,optimizer-A,0.6166666666666665
59,2,total_order,0,C00,optimizer-A,0.6166666666666665
59,2,first_encountered,11,C11,optimizer-B,0.6095277777777781
59,3,total_order,0,C00,optimizer-A,0.6166666666666665
59,3,first_encountered,0,C00,optimizer-A,0.6166666666666665
59,4,total_order,0,C00,optimizer-A,0.6166666666666665
59,4,first_encountered,6,C06,optimizer-B,0.5599166666666666
59,5,total_order,0,C00,optimizer-A,0.6166666666666665
59,5,first_encountered,0,C00,optimizer-A,0.6166666666666665
59,6,total_order,0,C00,optimizer-A,0.6166666666666665
59,6,first_encountered,6,C06,optimizer-B,0.5599166666666666
59,7,total_order,0,C00,optimizer-A,0.6166666666666665
59,7,first_encountered,6,C06,optimizer-B,0.5599166666666666
59,8,total_order,0,C00,optimizer-A,0.6166666666666665
59,8,first_encountered,5,C05,optimizer-A,0.5535000000000001
59,9,total_order,0,C00,optimizer-A,0.6166666666666665
59,9,first_encountered,0,C00,optimizer-A,0.6166666666666665
59,10,total_order,0,C00,optimizer-A,0.6166666666666665
59,10,first_encountered,11,C11,optimizer-B,0.6095277777777781
59,11,total_order,0,C00,optimizer-A,0.6166666666666665
59,11,first_encountered,5,C05,optimizer-A,0.5535000000000001
59,12,total_order,0,C00,optimizer-A,0.6166666666666665
59,12,first_encountered,6,C06,optimizer-B,0.5599166666666666
59,13,total_order,0,C00,optimizer-A,0.6166666666666665
59,13,first_encountered,5,C05,optimizer-A,0.5535000000000001
59,14,total_order,0,C00,optimizer-A,0.6166666666666665
59,14,first_encountered,5,C05,optimizer-A,0.5535000000000001
59,15,total_order,0,C00,optimizer-A,0.6166666666666665
59,15,first_encountered,0,C00,optimizer-A,0.6166666666666665
59,16,total_order,0,C00,optimizer-A,0.6166666666666665
59,16,first_encountered,6,C06,optimizer-B,0.5599166666666666
59,17,total_order,0,C00,optimizer-A,0.6166666666666665
59,17,first_encountered,6,C06,optimizer-B,0.5599166666666666
59,18,total_order,0,C00,optimizer-A,0.6166666666666665
59,18,first_encountered,5,C05,optimizer-A,0.5535000000000001
59,19,total_order,0,C00,optimizer-A,0.6166666666666665
59,19,first_encountered,5,C05,optimizer-A,0.5535000000000001
59,20,total_order,0,C00,optimizer-A,0.6166666666666665
59,20,first_encountered,6,C06,optimizer-B,0.5599166666666666
59,21,total_order,0,C00,optimizer-A,0.6166666666666665
59,21,first_encountered,0,C00,optimizer-A,0.6166666666666665
59,22,total_order,0,C00,optimizer-A,0.6166666666666665
59,22,first_encountered,5,C05,optimizer-A,0.5535000000000001
59,23,total_order,0,C00,optimizer-A,0.6166666666666665
59,23,first_encountered,6,C06,optimizer-B,0.5599166666666666
59,24,total_order,0,C00,optimizer-A,0.6166666666666665
59,24,first_encountered,6,C06,optimizer-B,0.5599166666666666
