dataset_id,permutation_id,permutation_order,exact_tuning_maximum,total_order_selected_id,total_order_selected_config,total_order_optimizer_label,first_rule_selected_id,first_rule_selected_config,first_rule_optimizer_label
0,0,2|3|1|10|6|7|0|8|4|5|9|11,0.75,0,C00,optimizer-A,1,C01,optimizer-A
0,1,0|5|11|3|2|8|10|7|6|9|1|4,0.75,0,C00,optimizer-A,0,C00,optimizer-A
0,2,11|5|2|4|0|7|6|10|1|9|3|8,0.75,0,C00,optimizer-A,0,C00,optimizer-A
0,3,4|8|0|3|5|1|10|7|2|11|6|9,0.75,0,C00,optimizer-A,0,C00,optimizer-A
0,4,7|6|0|4|9|10|1|11|2|3|8|5,0.75,0,C00,optimizer-A,7,C07,optimizer-B
0,5,0|1|8|10|5|4|7|3|2|11|9|6,0.75,0,C00,optimizer-A,0,C00,optimizer-A
0,6,6|9|7|10|5|2|3|8|11|1|4|0,0.75,0,C00,optimizer-A,6,C06,optimizer-B
0,7,1|6|3|9|10|11|5|8|2|4|0|7,0.75,0,C00,optimizer-A,1,C01,optimizer-A
0,8,5|2|1|8|6|9|0|10|7|11|3|4,0.75,0,C00,optimizer-A,1,C01,optimizer-A
0,9,0|10|5|2|3|11|4|9|1|8|7|6,0.75,0,C00,optimizer-A,0,C00,optimizer-A
0,10,7|3|9|11|6|2|10|1|5|4|8|0,0.75,0,C00,optimizer-A,7,C07,optimizer-B
0,11,3|5|8|1|0|11|10|9|4|6|2|7,0.75,0,C00,optimizer-A,1,C01,optimizer-A
0,12,6|4|8|7|5|11|3|2|9|0|1|10,0.75,0,C00,optimizer-A,6,C06,optimizer-B
0,13,5|1|0|8|10|3|2|6|11|9|7|4,0.75,0,C00,optimizer-A,1,C01,optimizer-A
0,14,8|10|3|5|1|9|4|0|11|7|6|2,0.75,0,C00,optimizer-A,1,C01,optimizer-A
0,15,0|8|6|7|11|2|9|3|1|10|5|4,0.75,0,C00,optimizer-A,0,C00,optimizer-A
0,16,8|9|2|10|4|7|6|11|1|0|5|3,0.75,0,C00,optimizer-A,7,C07,optimizer-B
0,17,7|1|6|4|0|10|11|9|5|8|3|2,0.75,0,C00,optimizer-A,7,C07,optimizer-B
0,18,10|3|5|8|4|9|2|1|6|0|11|7,0.75,0,C00,optimizer-A,1,C01,optimizer-A
0,19,9|5|3|8|11|7|0|10|1|2|4|6,0.75,0,C00,optimizer-A,7,C07,optimizer-B
0,20,10|6|5|1|3|9|4|0|2|8|11|7,0.75,0,C00,optimizer-A,6,C06,optimizer-B
0,21,0|8|3|5|9|7|11|6|1|2|10|4,0.75,0,C00,optimizer-A,0,C00,optimizer-A
0,22,10|5|11|1|4|9|6|7|8|0|2|3,0.75,0,C00,optimizer-A,1,C01,optimizer-A
0,23,4|8|10|7|6|1|5|2|11|3|0|9,0.75,0,C00,optimizer-A,7,C07,optimizer-B
0,24,7|8|6|0|1|9|2|3|11|10|4|5,0.75,0,C00,optimizer-A,7,C07,optimizer-B
1,0,2|3|1|10|6|7|0|8|4|5|9|11,0.75,1,C01,optimizer-A,2,C02,optimizer-A
1,1,0|5|11|3|2|8|10|7|6|9|1|4,0.75,1,C01,optimizer-A,2,C02,optimizer-A
1,2,11|5|2|4|0|7|6|10|1|9|3|8,0.75,1,C01,optimizer-A,2,C02,optimizer-A
1,3,4|8|0|3|5|1|10|7|2|11|6|9,0.75,1,C01,optimizer-A,8,C08,optimizer-B
1,4,7|6|0|4|9|10|1|11|2|3|8|5,0.75,1,C01,optimizer-A,7,C07,optimizer-B
1,5,0|1|8|10|5|4|7|3|2|11|9|6,0.75,1,C01,optimizer-A,1,C01,optimizer-A
1,6,6|9|7|10|5|2|3|8|11|1|4|0,0.75,1,C01,optimizer-A,7,C07,optimizer-B
1,7,1|6|3|9|10|11|5|8|2|4|0|7,0.75,1,C01,optimizer-A,1,C01,optimizer-A
1,8,5|2|1|8|6|9|0|10|7|11|3|4,0.75,1,C01,optimizer-A,2,C02,optimizer-A
1,9,0|10|5|2|3|11|4|9|1|8|7|6,0.75,1,C01,optimizer-A,2,C02,optimizer-A
1,10,7|3|9|11|6|2|10|1|5|4|8|0,0.75,1,C01,optimizer-A,7,C07,optimizer-B
1,11,3|5|8|1|0|11|10|9|4|6|2|7,0.75,1,C01,optimizer-A,8,C08,optimizer-B
1,12,6|4|8|7|5|11|3|2|9|0|1|10,0.75,1,C01,optimizer-A,8,C08,optimizer-B
1,13,5|1|0|8|10|3|2|6|11|9|7|4,0.75,1,C01,optimizer-A,1,C01,optimizer-A
1,14,8|10|3|5|1|9|4|0|11|7|6|2,0.75,1,C01,optimizer-A,8,C08,optimizer-B
1,15,0|8|6|7|11|2|9|3|1|10|5|4,0.75,1,C01,optimizer-A,8,C08,optimizer-B
1,16,8|9|2|10|4|7|6|11|1|0|5|3,0.75,1,C01,optimizer-A,8,C08,optimizer-B
1,17,7|1|6|4|0|10|11|9|5|8|3|2,0.75,1,C01,optimizer-A,7,C07,optimizer-B
1,18,10|3|5|8|4|9|2|1|6|0|11|7,0.75,1,C01,optimizer-A,8,C08,optimizer-B
1,19,9|5|3|8|11|7|0|10|1|2|4|6,0.75,1,C01,optimizer-A,8,C08,optimizer-B
1,20,10|6|5|1|3|9|4|0|2|8|11|7,0.75,1,C01,optimizer-A,1,C01,optimizer-A
1,21,0|8|3|5|9|7|11|6|1|2|10|4,0.75,1,C01,optimizer-A,8,C08,optimizer-B
1,22,10|5|11|1|4|9|6|7|8|0|2|3,0.75,1,C01,optimizer-A,1,C01,optimizer-A
1,23,4|8|10|7|6|1|5|2|11|3|0|9,0.75,1,C01,optimizer-A,8,C08,optimizer-B
1,24,7|8|6|0|1|9|2|3|11|10|4|5,0.75,1,C01,optimizer-A,7,C07,optimizer-B
2,0,2|3|1|10|6|7|0|8|4|5|9|11,0.75,2,C02,optimizer-A,2,C02,optimizer-A
2,1,0|5|11|3|2|8|10|7|6|9|1|4,0.75,2,C02,optimizer-A,3,C03,optimizer-A
2,2,11|5|2|4|0|7|6|10|1|9|3|8,0.75,2,C02,optimizer-A,2,C02,optimizer-A
2,3,4|8|0|3|5|1|10|7|2|11|6|9,0.75,2,C02,optimizer-A,8,C08,optimizer-B
2,4,7|6|0|4|9|10|1|11|2|3|8|5,0.75,2,C02,optimizer-A,9,C09,optimizer-B
2,5,0|1|8|10|5|4|7|3|2|11|9|6,0.75,2,C02,optimizer-A,8,C08,optimizer-B
2,6,6|9|7|10|5|2|3|8|11|1|4|0,0.75,2,C02,optimizer-A,9,C09,optimizer-B
2,7,1|6|3|9|10|11|5|8|2|4|0|7,0.75,2,C02,optimizer-A,3,C03,optimizer-A
2,8,5|2|1|8|6|9|0|10|7|11|3|4,0.75,2,C02,optimizer-A,2,C02,optimizer-A
2,9,0|10|5|2|3|11|4|9|1|8|7|6,0.75,2,C02,optimizer-A,2,C02,optimizer-A
2,10,7|3|9|11|6|2|10|1|5|4|8|0,0.75,2,C02,optimizer-A,3,C03,optimizer-A
2,11,3|5|8|1|0|11|10|9|4|6|2|7,0.75,2,C02,optimizer-A,3,C03,optimizer-A
2,12,6|4|8|7|5|11|3|2|9|0|1|10,0.75,2,C02,optimizer-A,8,C08,optimizer-B
2,13,5|1|0|8|10|3|2|6|11|9|7|4,0.75,2,C02,optimizer-A,8,C08,optimizer-B
2,14,8|10|3|5|1|9|4|0|11|7|6|2,0.75,2,C02,optimizer-A,8,C08,optimizer-B
2,15,0|8|6|7|11|2|9|3|1|10|5|4,0.75,2,C02,optimizer-A,8,C08,optimizer-B
2,16,8|9|2|10|4|7|6|11|1|0|5|3,0.75,2,C02,optimizer-A,8,C08,optimizer-B
2,17,7|1|6|4|0|10|11|9|5|8|3|2,0.75,2,C02,optimizer-A,9,C09,optimizer-B
2,18,10|3|5|8|4|9|2|1|6|0|11|7,0.75,2,C02,optimizer-A,3,C03,optimizer-A
2,19,9|5|3|8|11|7|0|10|1|2|4|6,0.75,2,C02,optimizer-A,9,C09,optimizer-B
2,20,10|6|5|1|3|9|4|0|2|8|11|7,0.75,2,C02,optimizer-A,3,C03,optimizer-A
2,21,0|8|3|5|9|7|11|6|1|2|10|4,0.75,2,C02,optimizer-A,8,C08,optimizer-B
2,22,10|5|11|1|4|9|6|7|8|0|2|3,0.75,2,C02,optimizer-A,9,C09,optimizer-B
2,23,4|8|10|7|6|1|5|2|11|3|0|9,0.75,2,C02,optimizer-A,8,C08,optimizer-B
2,24,7|8|6|0|1|9|2|3|11|10|4|5,0.75,2,C02,optimizer-A,8,C08,optimizer-B
3,0,2|3|1|10|6|7|0|8|4|5|9|11,0.75,3,C03,optimizer-A,3,C03,optimizer-A
3,1,0|5|11|3|2|8|10|7|6|9|1|4,0.75,3,C03,optimizer-A,3,C03,optimizer-A
3,2,11|5|2|4|0|7|6|10|1|9|3|8,0.75,3,C03,optimizer-A,4,C04,optimizer-A
3,3,4|8|0|3|5|1|10|7|2|11|6|9,0.75,3,C03,optimizer-A,4,C04,optimizer-A
3,4,7|6|0|4|9|10|1|11|2|3|8|5,0.75,3,C03,optimizer-A,4,C04,optimizer-A
3,5,0|1|8|10|5|4|7|3|2|11|9|6,0.75,3,C03,optimizer-A,10,C10,optimizer-B
3,6,6|9|7|10|5|2|3|8|11|1|4|0,0.75,3,C03,optimizer-A,9,C09,optimizer-B
3,7,1|6|3|9|10|11|5|8|2|4|0|7,0.75,3,C03,optimizer-A,3,C03,optimizer-A
3,8,5|2|1|8|6|9|0|10|7|11|3|4,0.75,3,C03,optimizer-A,9,C09,optimizer-B
3,9,0|10|5|2|3|11|4|9|1|8|7|6,0.75,3,C03,optimizer-A,10,C10,optimizer-B
3,10,7|3|9|11|6|2|10|1|5|4|8|0,0.75,3,C03,optimizer-A,3,C03,optimizer-A
3,11,3|5|8|1|0|11|10|9|4|6|2|7,0.75,3,C03,optimizer-A,3,C03,optimizer-A
3,12,6|4|8|7|5|11|3|2|9|0|1|10,0.75,3,C03,optimizer-A,4,C04,optimizer-A
3,13,5|1|0|8|10|3|2|6|11|9|7|4,0.75,3,C03,optimizer-A,10,C10,optimizer-B
3,14,8|10|3|5|1|9|4|0|11|7|6|2,0.75,3,C03,optimizer-A,10,C10,optimizer-B
3,15,0|8|6|7|11|2|9|3|1|10|5|4,0.75,3,C03,optimizer-A,9,C09,optimizer-B
3,16,8|9|2|10|4|7|6|11|1|0|5|3,0.75,3,C03,optimizer-A,9,C09,optimizer-B
3,17,7|1|6|4|0|10|11|9|5|8|3|2,0.75,3,C03,optimizer-A,4,C04,optimizer-A
3,18,10|3|5|8|4|9|2|1|6|0|11|7,0.75,3,C03,optimizer-A,10,C10,optimizer-B
3,19,9|5|3|8|11|7|0|10|1|2|4|6,0.75,3,C03,optimizer-A,9,C09,optimizer-B
3,20,10|6|5|1|3|9|4|0|2|8|11|7,0.75,3,C03,optimizer-A,10,C10,optimizer-B
3,21,0|8|3|5|9|7|11|6|1|2|10|4,0.75,3,C03,optimizer-A,3,C03,optimizer-A
3,22,10|5|11|1|4|9|6|7|8|0|2|3,0.75,3,C03,optimizer-A,10,C10,optimizer-B
3,23,4|8|10|7|6|1|5|2|11|3|0|9,0.75,3,C03,optimizer-A,4,C04,optimizer-A
3,24,7|8|6|0|1|9|2|3|11|10|4|5,0.75,3,C03,optimizer-A,9,C09,optimizer-B
4,0,2|3|1|10|6|7|0|8|4|5|9|11,0.75,4,C04,optimizer-A,10,C10,optimizer-B
4,1,0|5|11|3|2|8|10|7|6|9|1|4,0.75,4,C04,optimizer-A,5,C05,optimizer-A
4,2,11|5|2|4|0|7|6|10|1|9|3|8,0.75,4,C04,optimizer-A,11,C11,optimizer-B
4,3,4|8|0|3|5|1|10|7|2|11|6|9,0.75,4,C04,optimizer-A,4,C04,optimizer-A
4,4,7|6|0|4|9|10|1|11|2|3|8|5,0.75,4,C04,optimizer-A,4,C04,optimizer-A
4,5,0|1|8|10|5|4|7|3|2|11|9|6,0.75,4,C04,optimizer-A,10,C10,optimizer-B
4,6,6|9|7|10|5|2|3|8|11|1|4|0,0.75,4,C04,optimizer-A,10,C10,optimizer-B
4,7,1|6|3|9|10|11|5|8|2|4|0|7,0.75,4,C04,optimizer-A,10,C10,optimizer-B
4,8,5|2|1|8|6|9|0|10|7|11|3|4,0.75,4,C04,optimizer-A,5,C05,optimizer-A
4,9,0|10|5|2|3|11|4|9|1|8|7|6,0.75,4,C04,optimizer-A,10,C10,optimizer-B
4,10,7|3|9|11|6|2|10|1|5|4|8|0,0.75,4,C04,optimizer-A,11,C11,optimizer-B
4,11,3|5|8|1|0|11|10|9|4|6|2|7,0.75,4,C04,optimizer-A,5,C05,optimizer-A
4,12,6|4|8|7|5|11|3|2|9|0|1|10,0.75,4,C04,optimizer-A,4,C04,optimizer-A
4,13,5|1|0|8|10|3|2|6|11|9|7|4,0.75,4,C04,optimizer-A,5,C05,optimizer-A
4,14,8|10|3|5|1|9|4|0|11|7|6|2,0.75,4,C04,optimizer-A,10,C10,optimizer-B
4,15,0|8|6|7|11|2|9|3|1|10|5|4,0.75,4,C04,optimizer-A,11,C11,optimizer-B
4,16,8|9|2|10|4|7|6|11|1|0|5|3,0.75,4,C04,optimizer-A,10,C10,optimizer-B
4,17,7|1|6|4|0|10|11|9|5|8|3|2,0.75,4,C04,optimizer-A,4,C04,optimizer-A
4,18,10|3|5|8|4|9|2|1|6|0|11|7,0.75,4,C04,optimizer-A,10,C10,optimizer-B
4,19,9|5|3|8|11|7|0|10|1|2|4|6,0.75,4,C04,optimizer-A,5,C05,optimizer-A
4,20,10|6|5|1|3|9|4|0|2|8|11|7,0.75,4,C04,optimizer-A,10,C10,optimizer-B
4,21,0|8|3|5|9|7|11|6|1|2|10|4,0.75,4,C04,optimizer-A,5,C05,optimizer-A
4,22,10|5|11|1|4|9|6|7|8|0|2|3,0.75,4,C04,optimizer-A,10,C10,optimizer-B
4,23,4|8|10|7|6|1|5|2|11|3|0|9,0.75,4,C04,optimizer-A,4,C04,optimizer-A
4,24,7|8|6|0|1|9|2|3|11|10|4|5,0.75,4,C04,optimizer-A,11,C11,optimizer-B
5,0,2|3|1|10|6|7|0|8|4|5|9|11,0.75,0,C00,optimizer-A,6,C06,optimizer-B
5,1,0|5|11|3|2|8|10|7|6|9|1|4,0.75,0,C00,optimizer-A,0,C00,optimizer-A
5,2,11|5|2|4|0|7|6|10|1|9|3|8,0.75,0,C00,optimizer-A,11,C11,optimizer-B
5,3,4|8|0|3|5|1|10|7|2|11|6|9,0.75,0,C00,optimizer-A,0,C00,optimizer-A
5,4,7|6|0|4|9|10|1|11|2|3|8|5,0.75,0,C00,optimizer-A,6,C06,optimizer-B
5,5,0|1|8|10|5|4|7|3|2|11|9|6,0.75,0,C00,optimizer-A,0,C00,optimizer-A
5,6,6|9|7|10|5|2|3|8|11|1|4|0,0.75,0,C00,optimizer-A,6,C06,optimizer-B
5,7,1|6|3|9|10|11|5|8|2|4|0|7,0.75,0,C00,optimizer-A,6,C06,optimizer-B
5,8,5|2|1|8|6|9|0|10|7|11|3|4,0.75,0,C00,optimizer-A,5,C05,optimizer-A
5,9,0|10|5|2|3|11|4|9|1|8|7|6,0.75,0,C00,optimizer-A,0,C00,optimizer-A
5,10,7|3|9|11|6|2|10|1|5|4|8|0,0.75,0,C00,optimizer-A,11,C11,optimizer-B
5,11,3|5|8|1|0|11|10|9|4|6|2|7,0.75,0,C00,optimizer-A,5,C05,optimizer-A
5,12,6|4|8|7|5|11|3|2|9|0|1|10,0.75,0,C00,optimizer-A,6,C06,optimizer-B
5,13,5|1|0|8|10|3|2|6|11|9|7|4,0.75,0,C00,optimizer-A,5,C05,optimizer-A
5,14,8|10|3|5|1|9|4|0|11|7|6|2,0.75,0,C00,optimizer-A,5,C05,optimizer-A
5,15,0|8|6|7|11|2|9|3|1|10|5|4,0.75,0,C00,optimizer-A,0,C00,optimizer-A
5,16,8|9|2|10|4|7|6|11|1|0|5|3,0.75,0,C00,optimizer-A,6,C06,optimizer-B
5,17,7|1|6|4|0|10|11|9|5|8|3|2,0.75,0,C00,optimizer-A,6,C06,optimizer-B
5,18,10|3|5|8|4|9|2|1|6|0|11|7,0.75,0,C00,optimizer-A,5,C05,optimizer-A
5,19,9|5|3|8|11|7|0|10|1|2|4|6,0.75,0,C00,optimizer-A,5,C05,optimizer-A
5,20,10|6|5|1|3|9|4|0|2|8|11|7,0.75,0,C00,optimizer-A,6,C06,optimizer-B
5,21,0|8|3|5|9|7|11|6|1|2|10|4,0.75,0,C00,optimizer-A,0,C00,optimizer-A
5,22,10|5|11|1|4|9|6|7|8|0|2|3,0.75,0,C00,optimizer-A,5,C05,optimizer-A
5,23,4|8|10|7|6|1|5|2|11|3|0|9,0.75,0,C00,optimizer-A,6,C06,optimizer-B
5,24,7|8|6|0|1|9|2|3|11|10|4|5,0.75,0,C00,optimizer-A,6,C06,optimizer-B
6,0,2|3|1|10|6|7|0|8|4|5|9|11,0.75,0,C00,optimizer-A,1,C01,optimizer-A
6,1,0|5|11|3|2|8|10|7|6|9|1|4,0.75,0,C00,optimizer-A,0,C00,optimizer-A
6,2,11|5|2|4|0|7|6|10|1|9|3|8,0.75,0,C00,optimizer-A,0,C00,optimizer-A
6,3,4|8|0|3|5|1|10|7|2|11|6|9,0.75,0,C00,optimizer-A,0,C00,optimizer-A
6,4,7|6|0|4|9|10|1|11|2|3|8|5,0.75,0,C00,optimizer-A,7,C07,optimizer-B
6,5,0|1|8|10|5|4|7|3|2|11|9|6,0.75,0,C00,optimizer-A,0,C00,optimizer-A
6,6,6|9|7|10|5|2|3|8|11|1|4|0,0.75,0,C00,optimizer-A,6,C06,optimizer-B
6,7,1|6|3|9|10|11|5|8|2|4|0|7,0.75,0,C00,optimizer-A,1,C01,optimizer-A
6,8,5|2|1|8|6|9|0|10|7|11|3|4,0.75,0,C00,optimizer-A,1,C01,optimizer-A
6,9,0|10|5|2|3|11|4|9|1|8|7|6,0.75,0,C00,optimizer-A,0,C00,optimizer-A
6,10,7|3|9|11|6|2|10|1|5|4|8|0,0.75,0,C00,optimizer-A,7,C07,optimizer-B
6,11,3|5|8|1|0|11|10|9|4|6|2|7,0.75,0,C00,optimizer-A,1,C01,optimizer-A
6,12,6|4|8|7|5|11|3|2|9|0|1|10,0.75,0,C00,optimizer-A,6,C06,optimizer-B
6,13,5|1|0|8|10|3|2|6|11|9|7|4,0.75,0,C00,optimizer-A,1,C01,optimizer-A
6,14,8|10|3|5|1|9|4|0|11|7|6|2,0.75,0,C00,optimizer-A,1,C01,optimizer-A
6,15,0|8|6|7|11|2|9|3|1|10|5|4,0.75,0,C00,optimizer-A,0,C00,optimizer-A
6,16,8|9|2|10|4|7|6|11|1|0|5|3,0.75,0,C00,optimizer-A,7,C07,optimizer-B
6,17,7|1|6|4|0|10|11|9|5|8|3|2,0.75,0,C00,optimizer-A,7,C07,optimizer-B
6,18,10|3|5|8|4|9|2|1|6|0|11|7,0.75,0,C00,optimizer-A,1,C01,optimizer-A
6,19,9|5|3|8|11|7|0|10|1|2|4|6,0.75,0,C00,optimizer-A,7,C07,optimizer-B
6,20,10|6|5|1|3|9|4|0|2|8|11|7,0.75,0,C00,optimizer-A,6,C06,optimizer-B
6,21,0|8|3|5|9|7|11|6|1|2|10|4,0.75,0,C00,optimizer-A,0,C00,optimizer-A
6,22,10|5|11|1|4|9|6|7|8|0|2|3,0.75,0,C00,optimizer-A,1,C01,optimizer-A
6,23,4|8|10|7|6|1|5|2|11|3|0|9,0.75,0,C00,optimizer-A,7,C07,optimizer-B
6,24,7|8|6|0|1|9|2|3|11|10|4|5,0.75,0,C00,optimizer-A,7,C07,optimizer-B
7,0,2|3|1|10|6|7|0|8|4|5|9|11,0.75,1,C01,optimizer-A,2,C02,optimizer-A
7,1,0|5|11|3|2|8|10|7|6|9|1|4,0.75,1,C01,optimizer-A,2,C02,optimizer-A
7,2,11|5|2|4|0|7|6|10|1|9|3|8,0.75,1,C01,optimizer-A,2,C02,optimizer-A
7,3,4|8|0|3|5|1|10|7|2|11|6|9,0.75,1,C01,optimizer-A,8,C08,optimizer-B
7,4,7|6|0|4|9|10|1|11|2|3|8|5,0.75,1,C01,optimizer-A,7,C07,optimizer-B
7,5,0|1|8|10|5|4|7|3|2|11|9|6,0.75,1,C01,optimizer-A,1,C01,optimizer-A
7,6,6|9|7|10|5|2|3|8|11|1|4|0,0.75,1,C01,optimizer-A,7,C07,optimizer-B
7,7,1|6|3|9|10|11|5|8|2|4|0|7,0.75,1,C01,optimizer-A,1,C01,optimizer-A
7,8,5|2|1|8|6|9|0|10|7|11|3|4,0.75,1,C01,optimizer-A,2,C02,optimizer-A
7,9,0|10|5|2|3|11|4|9|1|8|7|6,0.75,1,C01,optimizer-A,2,C02,optimizer-A
7,10,7|3|9|11|6|2|10|1|5|4|8|0,0.75,1,C01,optimizer-A,7,C07,optimizer-B
7,11,3|5|8|1|0|11|10|9|4|6|2|7,0.75,1,C01,optimizer-A,8,C08,optimizer-B
7,12,6|4|8|7|5|11|3|2|9|0|1|10,0.75,1,C01,optimizer-A,8,C08,optimizer-B
7,13,5|1|0|8|10|3|2|6|11|9|7|4,0.75,1,C01,optimizer-A,1,C01,optimizer-A
7,14,8|10|3|5|1|9|4|0|11|7|6|2,0.75,1,C01,optimizer-A,8,C08,optimizer-B
7,15,0|8|6|7|11|2|9|3|1|10|5|4,0.75,1,C01,optimizer-A,8,C08,optimizer-B
7,16,8|9|2|10|4|7|6|11|1|0|5|3,0.75,1,C01,optimizer-A,8,C08,optimizer-B
7,17,7|1|6|4|0|10|11|9|5|8|3|2,0.75,1,C01,optimizer-A,7,C07,optimizer-B
7,18,10|3|5|8|4|9|2|1|6|0|11|7,0.75,1,C01,optimizer-A,8,C08,optimizer-B
7,19,9|5|3|8|11|7|0|10|1|2|4|6,0.75,1,C01,optimizer-A,8,C08,optimizer-B
7,20,10|6|5|1|3|9|4|0|2|8|11|7,0.75,1,C01,optimizer-A,1,C01,optimizer-A
7,21,0|8|3|5|9|7|11|6|1|2|10|4,0.75,1,C01,optimizer-A,8,C08,optimizer-B
7,22,10|5|11|1|4|9|6|7|8|0|2|3,0.75,1,C01,optimizer-A,1,C01,optimizer-A
7,23,4|8|10|7|6|1|5|2|11|3|0|9,0.75,1,C01,optimizer-A,8,C08,optimizer-B
7,24,7|8|6|0|1|9|2|3|11|10|4|5,0.75,1,C01,optimizer-A,7,C07,optimizer-B
8,0,2|3|1|10|6|7|0|8|4|5|9|11,0.75,2,C02,optimizer-A,2,C02,optimizer-A
8,1,0|5|11|3|2|8|10|7|6|9|1|4,0.75,2,C02,optimizer-A,3,C03,optimizer-A
8,2,11|5|2|4|0|7|6|10|1|9|3|8,0.75,2,C02,optimizer-A,2,C02,optimizer-A
8,3,4|8|0|3|5|1|10|7|2|11|6|9,0.75,2,C02,optimizer-A,8,C08,optimizer-B
8,4,7|6|0|4|9|10|1|11|2|3|8|5,0.75,2,C02,optimizer-A,9,C09,optimizer-B
8,5,0|1|8|10|5|4|7|3|2|11|9|6,0.75,2,C02,optimizer-A,8,C08,optimizer-B
8,6,6|9|7|10|5|2|3|8|11|1|4|0,0.75,2,C02,optimizer-A,9,C09,optimizer-B
8,7,1|6|3|9|10|11|5|8|2|4|0|7,0.75,2,C02,optimizer-A,3,C03,optimizer-A
8,8,5|2|1|8|6|9|0|10|7|11|3|4,0.75,2,C02,optimizer-A,2,C02,optimizer-A
8,9,0|10|5|2|3|11|4|9|1|8|7|6,0.75,2,C02,optimizer-A,2,C02,optimizer-A
8,10,7|3|9|11|6|2|10|1|5|4|8|0,0.75,2,C02,optimizer-A,3,C03,optimizer-A
8,11,3|5|8|1|0|11|10|9|4|6|2|7,0.75,2,C02,optimizer-A,3,C03,optimizer-A
8,12,6|4|8|7|5|11|3|2|9|0|1|10,0.75,2,C02,optimizer-A,8,C08,optimizer-B
8,13,5|1|0|8|10|3|2|6|11|9|7|4,0.75,2,C02,optimizer-A,8,C08,optimizer-B
8,14,8|10|3|5|1|9|4|0|11|7|6|2,0.75,2,C02,optimizer-A,8,C08,optimizer-B
8,15,0|8|6|7|11|2|9|3|1|10|5|4,0.75,2,C02,optimizer-A,8,C08,optimizer-B
8,16,8|9|2|10|4|7|6|11|1|0|5|3,0.75,2,C02,optimizer-A,8,C08,optimizer-B
8,17,7|1|6|4|0|10|11|9|5|8|3|2,0.75,2,C02,optimizer-A,9,C09,optimizer-B
8,18,10|3|5|8|4|9|2|1|6|0|11|7,0.75,2,C02,optimizer-A,3,C03,optimizer-A
8,19,9|5|3|8|11|7|0|10|1|2|4|6,0.75,2,C02,optimizer-A,9,C09,optimizer-B
8,20,10|6|5|1|3|9|4|0|2|8|11|7,0.75,2,C02,optimizer-A,3,C03,optimizer-A
8,21,0|8|3|5|9|7|11|6|1|2|10|4,0.75,2,C02,optimizer-A,8,C08,optimizer-B
8,22,10|5|11|1|4|9|6|7|8|0|2|3,0.75,2,C02,optimizer-A,9,C09,optimizer-B
8,23,4|8|10|7|6|1|5|2|11|3|0|9,0.75,2,C02,optimizer-A,8,C08,optimizer-B
8,24,7|8|6|0|1|9|2|3|11|10|4|5,0.75,2,C02,optimizer-A,8,C08,optimizer-B
9,0,2|3|1|10|6|7|0|8|4|5|9|11,0.75,3,C03,optimizer-A,3,C03,optimizer-A
9,1,0|5|11|3|2|8|10|7|6|9|1|4,0.75,3,C03,optimizer-A,3,C03,optimizer-A
9,2,11|5|2|4|0|7|6|10|1|9|3|8,0.75,3,C03,optimizer-A,4,C04,optimizer-A
9,3,4|8|0|3|5|1|10|7|2|11|6|9,0.75,3,C03,optimizer-A,4,C04,optimizer-A
9,4,7|6|0|4|9|10|1|11|2|3|8|5,0.75,3,C03,optimizer-A,4,C04,optimizer-A
9,5,0|1|8|10|5|4|7|3|2|11|9|6,0.75,3,C03,optimizer-A,10,C10,optimizer-B
9,6,6|9|7|10|5|2|3|8|11|1|4|0,0.75,3,C03,optimizer-A,9,C09,optimizer-B
9,7,1|6|3|9|10|11|5|8|2|4|0|7,0.75,3,C03,optimizer-A,3,C03,optimizer-A
9,8,5|2|1|8|6|9|0|10|7|11|3|4,0.75,3,C03,optimizer-A,9,C09,optimizer-B
9,9,0|10|5|2|3|11|4|9|1|8|7|6,0.75,3,C03,optimizer-A,10,C10,optimizer-B
9,10,7|3|9|11|6|2|10|1|5|4|8|0,0.75,3,C03,optimizer-A,3,C03,optimizer-A
9,11,3|5|8|1|0|11|10|9|4|6|2|7,0.75,3,C03,optimizer-A,3,C03,optimizer-A
9,12,6|4|8|7|5|11|3|2|9|0|1|10,0.75,3,C03,optimizer-A,4,C04,optimizer-A
9,13,5|1|0|8|10|3|2|6|11|9|7|4,0.75,3,C03,optimizer-A,10,C10,optimizer-B
9,14,8|10|3|5|1|9|4|0|11|7|6|2,0.75,3,C03,optimizer-A,10,C10,optimizer-B
9,15,0|8|6|7|11|2|9|3|1|10|5|4,0.75,3,C03,optimizer-A,9,C09,optimizer-B
9,16,8|9|2|10|4|7|6|11|1|0|5|3,0.75,3,C03,optimizer-A,9,C09,optimizer-B
9,17,7|1|6|4|0|10|11|9|5|8|3|2,0.75,3,C03,optimizer-A,4,C04,optimizer-A
9,18,10|3|5|8|4|9|2|1|6|0|11|7,0.75,3,C03,optimizer-A,10,C10,optimizer-B
9,19,9|5|3|8|11|7|0|10|1|2|4|6,0.75,3,C03,optimizer-A,9,C09,optimizer-B
9,20,10|6|5|1|3|9|4|0|2|8|11|7,0.75,3,C03,optimizer-A,10,C10,optimizer-B
9,21,0|8|3|5|9|7|11|6|1|2|10|4,0.75,3,C03,optimizer-A,3,C03,optimizer-A
9,22,10|5|11|1|4|9|6|7|8|0|2|3,0.75,3,C03,optimizer-A,10,C10,optimizer-B
9,23,4|8|10|7|6|1|5|2|11|3|0|9,0.75,3,C03,optimizer-A,4,C04,optimizer-A
9,24,7|8|6|0|1|9|2|3|11|10|4|5,0.75,3,C03,optimizer-A,9,C09,optimizer-B
10,0,2|3|1|10|6|7|0|8|4|5|9|11,0.75,4,C04,optimizer-A,10,C10,optimizer-B
10,1,0|5|11|3|2|8|10|7|6|9|1|4,0.75,4,C04,optimizer-A,5,C05,optimizer-A
10,2,11|5|2|4|0|7|6|10|1|9|3|8,0.75,4,C04,optimizer-A,11,C11,optimizer-B
10,3,4|8|0|3|5|1|10|7|2|11|6|9,0.75,4,C04,optimizer-A,4,C04,optimizer-A
10,4,7|6|0|4|9|10|1|11|2|3|8|5,0.75,4,C04,optimizer-A,4,C04,optimizer-A
10,5,0|1|8|10|5|4|7|3|2|11|9|6,0.75,4,C04,optimizer-A,10,C10,optimizer-B
10,6,6|9|7|10|5|2|3|8|11|1|4|0,0.75,4,C04,optimizer-A,10,C10,optimizer-B
10,7,1|6|3|9|10|11|5|8|2|4|0|7,0.75,4,C04,optimizer-A,10,C10,optimizer-B
10,8,5|2|1|8|6|9|0|10|7|11|3|4,0.75,4,C04,optimizer-A,5,C05,optimizer-A
10,9,0|10|5|2|3|11|4|9|1|8|7|6,0.75,4,C04,optimizer-A,10,C10,optimizer-B
10,10,7|3|9|11|6|2|10|1|5|4|8|0,0.75,4,C04,optimizer-A,11,C11,optimizer-B
10,11,3|5|8|1|0|11|10|9|4|6|2|7,0.75,4,C04,optimizer-A,5,C05,optimizer-A
10,12,6|4|8|7|5|11|3|2|9|0|1|10,0.75,4,C04,optimizer-A,4,C04,optimizer-A
10,13,5|1|0|8|10|3|2|6|11|9|7|4,0.75,4,C04,optimizer-A,5,C05,optimizer-A
10,14,8|10|3|5|1|9|4|0|11|7|6|2,0.75,4,C04,optimizer-A,10,C10,optimizer-B
10,15,0|8|6|7|11|2|9|3|1|10|5|4,0.75,4,C04,optimizer-A,11,C11,optimizer-B
10,16,8|9|2|10|4|7|6|11|1|0|5|3,0.75,4,C04,optimizer-A,10,C10,optimizer-B
10,17,7|1|6|4|0|10|11|9|5|8|3|2,0.75,4,C04,optimizer-A,4,C04,optimizer-A
10,18,10|3|5|8|4|9|2|1|6|0|11|7,0.75,4,C04,optimizer-A,10,C10,optimizer-B
10,19,9|5|3|8|11|7|0|10|1|2|4|6,0.75,4,C04,optimizer-A,5,C05,optimizer-A
10,20,10|6|5|1|3|9|4|0|2|8|11|7,0.75,4,C04,optimizer-A,10,C10,optimizer-B
10,21,0|8|3|5|9|7|11|6|1|2|10|4,0.75,4,C04,optimizer-A,5,C05,optimizer-A
10,22,10|5|11|1|4|9|6|7|8|0|2|3,0.75,4,C04,optimizer-A,10,C10,optimizer-B
10,23,4|8|10|7|6|1|5|2|11|3|0|9,0.75,4,C04,optimizer-A,4,C04,optimizer-A
10,24,7|8|6|0|1|9|2|3|11|10|4|5,0.75,4,C04,optimizer-A,11,C11,optimizer-B
11,0,2|3|1|10|6|7|0|8|4|5|9|11,0.75,0,C00,optimizer-A,6,C06,optimizer-B
11,1,0|5|11|3|2|8|10|7|6|9|1|4,0.75,0,C00,optimizer-A,0,C00,optimizer-A
11,2,11|5|2|4|0|7|6|10|1|9|3|8,0.75,0,C00,optimizer-A,11,C11,optimizer-B
11,3,4|8|0|3|5|1|10|7|2|11|6|9,0.75,0,C00,optimizer-A,0,C00,optimizer-A
11,4,7|6|0|4|9|10|1|11|2|3|8|5,0.75,0,C00,optimizer-A,6,C06,optimizer-B
11,5,0|1|8|10|5|4|7|3|2|11|9|6,0.75,0,C00,optimizer-A,0,C00,optimizer-A
11,6,6|9|7|10|5|2|3|8|11|1|4|0,0.75,0,C00,optimizer-A,6,C06,optimizer-B
11,7,1|6|3|9|10|11|5|8|2|4|0|7,0.75,0,C00,optimizer-A,6,C06,optimizer-B
11,8,5|2|1|8|6|9|0|10|7|11|3|4,0.75,0,C00,optimizer-A,5,C05,optimizer-A
11,9,0|10|5|2|3|11|4|9|1|8|7|6,0.75,0,C00,optimizer-A,0,C00,optimizer-A
11,10,7|3|9|11|6|2|10|1|5|4|8|0,0.75,0,C00,optimizer-A,11,C11,optimizer-B
11,11,3|5|8|1|0|11|10|9|4|6|2|7,0.75,0,C00,optimizer-A,5,C05,optimizer-A
11,12,6|4|8|7|5|11|3|2|9|0|1|10,0.75,0,C00,optimizer-A,6,C06,optimizer-B
11,13,5|1|0|8|10|3|2|6|11|9|7|4,0.75,0,C00,optimizer-A,5,C05,optimizer-A
11,14,8|10|3|5|1|9|4|0|11|7|6|2,0.75,0,C00,optimizer-A,5,C05,optimizer-A
11,15,0|8|6|7|11|2|9|3|1|10|5|4,0.75,0,C00,optimizer-A,0,C00,optimizer-A
11,16,8|9|2|10|4|7|6|11|1|0|5|3,0.75,0,C00,optimizer-A,6,C06,optimizer-B
11,17,7|1|6|4|0|10|11|9|5|8|3|2,0.75,0,C00,optimizer-A,6,C06,optimizer-B
11,18,10|3|5|8|4|9|2|1|6|0|11|7,0.75,0,C00,optimizer-A,5,C05,optimizer-A
11,19,9|5|3|8|11|7|0|10|1|2|4|6,0.75,0,C00,optimizer-A,5,C05,optimizer-A
11,20,10|6|5|1|3|9|4|0|2|8|11|7,0.75,0,C00,optimizer-A,6,C06,optimizer-B
11,21,0|8|3|5|9|7|11|6|1|2|10|4,0.75,0,C00,optimizer-A,0,C00,optimizer-A
11,22,10|5|11|1|4|9|6|7|8|0|2|3,0.75,0,C00,optimizer-A,5,C05,optimizer-A
11,23,4|8|10|7|6|1|5|2|11|3|0|9,0.75,0,C00,optimizer-A,6,C06,optimizer-B
11,24,7|8|6|0|1|9|2|3|11|10|4|5,0.75,0,C00,optimizer-A,6,C06,optimizer-B
12,0,2|3|1|10|6|7|0|8|4|5|9|11,0.75,0,C00,optimizer-A,1,C01,optimizer-A
12,1,0|5|11|3|2|8|10|7|6|9|1|4,0.75,0,C00,optimizer-A,0,C00,optimizer-A
12,2,11|5|2|4|0|7|6|10|1|9|3|8,0.75,0,C00,optimizer-A,0,C00,optimizer-A
12,3,4|8|0|3|5|1|10|7|2|11|6|9,0.75,0,C00,optimizer-A,0,C00,optimizer-A
12,4,7|6|0|4|9|10|1|11|2|3|8|5,0.75,0,C00,optimizer-A,7,C07,optimizer-B
12,5,0|1|8|10|5|4|7|3|2|11|9|6,0.75,0,C00,optimizer-A,0,C00,optimizer-A
12,6,6|9|7|10|5|2|3|8|11|1|4|0,0.75,0,C00,optimizer-A,6,C06,optimizer-B
12,7,1|6|3|9|10|11|5|8|2|4|0|7,0.75,0,C00,optimizer-A,1,C01,optimizer-A
12,8,5|2|1|8|6|9|0|10|7|11|3|4,0.75,0,C00,optimizer-A,1,C01,optimizer-A
12,9,0|10|5|2|3|11|4|9|1|8|7|6,0.75,0,C00,optimizer-A,0,C00,optimizer-A
12,10,7|3|9|11|6|2|10|1|5|4|8|0,0.75,0,C00,optimizer-A,7,C07,optimizer-B
12,11,3|5|8|1|0|11|10|9|4|6|2|7,0.75,0,C00,optimizer-A,1,C01,optimizer-A
12,12,6|4|8|7|5|11|3|2|9|0|1|10,0.75,0,C00,optimizer-A,6,C06,optimizer-B
12,13,5|1|0|8|10|3|2|6|11|9|7|4,0.75,0,C00,optimizer-A,1,C01,optimizer-A
12,14,8|10|3|5|1|9|4|0|11|7|6|2,0.75,0,C00,optimizer-A,1,C01,optimizer-A
12,15,0|8|6|7|11|2|9|3|1|10|5|4,0.75,0,C00,optimizer-A,0,C00,optimizer-A
12,16,8|9|2|10|4|7|6|11|1|0|5|3,0.75,0,C00,optimizer-A,7,C07,optimizer-B
12,17,7|1|6|4|0|10|11|9|5|8|3|2,0.75,0,C00,optimizer-A,7,C07,optimizer-B
12,18,10|3|5|8|4|9|2|1|6|0|11|7,0.75,0,C00,optimizer-A,1,C01,optimizer-A
12,19,9|5|3|8|11|7|0|10|1|2|4|6,0.75,0,C00,optimizer-A,7,C07,optimizer-B
12,20,10|6|5|1|3|9|4|0|2|8|11|7,0.75,0,C00,optimizer-A,6,C06,optimizer-B
12,21,0|8|3|5|9|7|11|6|1|2|10|4,0.75,0,C00,optimizer-A,0,C00,optimizer-A
12,22,10|5|11|1|4|9|6|7|8|0|2|3,0.75,0,C00,optimizer-A,1,C01,optimizer-A
12,23,4|8|10|7|6|1|5|2|11|3|0|9,0.75,0,C00,optimizer-A,7,C07,optimizer-B
12,24,7|8|6|0|1|9|2|3|11|10|4|5,0.75,0,C00,optimizer-A,7,C07,optimizer-B
13,0,2|3|1|10|6|7|0|8|4|5|9|11,0.75,1,C01,optimizer-A,2,C02,optimizer-A
13,1,0|5|11|3|2|8|10|7|6|9|1|4,0.75,1,C01,optimizer-A,2,C02,optimizer-A
13,2,11|5|2|4|0|7|6|10|1|9|3|8,0.75,1,C01,optimizer-A,2,C02,optimizer-A
13,3,4|8|0|3|5|1|10|7|2|11|6|9,0.75,1,C01,optimizer-A,8,C08,optimizer-B
13,4,7|6|0|4|9|10|1|11|2|3|8|5,0.75,1,C01,optimizer-A,7,C07,optimizer-B
13,5,0|1|8|10|5|4|7|3|2|11|9|6,0.75,1,C01,optimizer-A,1,C01,optimizer-A
13,6,6|9|7|10|5|2|3|8|11|1|4|0,0.75,1,C01,optimizer-A,7,C07,optimizer-B
13,7,1|6|3|9|10|11|5|8|2|4|0|7,0.75,1,C01,optimizer-A,1,C01,optimizer-A
13,8,5|2|1|8|6|9|0|10|7|11|3|4,0.75,1,C01,optimizer-A,2,C02,optimizer-A
13,9,0|10|5|2|3|11|4|9|1|8|7|6,0.75,1,C01,optimizer-A,2,C02,optimizer-A
13,10,7|3|9|11|6|2|10|1|5|4|8|0,0.75,1,C01,optimizer-A,7,C07,optimizer-B
13,11,3|5|8|1|0|11|10|9|4|6|2|7,0.75,1,C01,optimizer-A,8,C08,optimizer-B
13,12,6|4|8|7|5|11|3|2|9|0|1|10,0.75,1,C01,optimizer-A,8,C08,optimizer-B
13,13,5|1|0|8|10|3|2|6|11|9|7|4,0.75,1,C01,optimizer-A,1,C01,optimizer-A
13,14,8|10|3|5|1|9|4|0|11|7|6|2,0.75,1,C01,optimizer-A,8,C08,optimizer-B
13,15,0|8|6|7|11|2|9|3|1|10|5|4,0.75,1,C01,optimizer-A,8,C08,optimizer-B
13,16,8|9|2|10|4|7|6|11|1|0|5|3,0.75,1,C01,optimizer-A,8,C08,optimizer-B
13,17,7|1|6|4|0|10|11|9|5|8|3|2,0.75,1,C01,optimizer-A,7,C07,optimizer-B
13,18,10|3|5|8|4|9|2|1|6|0|11|7,0.75,1,C01,optimizer-A,8,C08,optimizer-B
13,19,9|5|3|8|11|7|0|10|1|2|4|6,0.75,1,C01,optimizer-A,8,C08,optimizer-B
13,20,10|6|5|1|3|9|4|0|2|8|11|7,0.75,1,C01,optimizer-A,1,C01,optimizer-A
13,21,0|8|3|5|9|7|11|6|1|2|10|4,0.75,1,C01,optimizer-A,8,C08,optimizer-B
13,22,10|5|11|1|4|9|6|7|8|0|2|3,0.75,1,C01,optimizer-A,1,C01,optimizer-A
13,23,4|8|10|7|6|1|5|2|11|3|0|9,0.75,1,C01,optimizer-A,8,C08,optimizer-B
13,24,7|8|6|0|1|9|2|3|11|10|4|5,0.75,1,C01,optimizer-A,7,C07,optimizer-B
14,0,2|3|1|10|6|7|0|8|4|5|9|11,0.75,2,C02,optimizer-A,2,C02,optimizer-A
14,1,0|5|11|3|2|8|10|7|6|9|1|4,0.75,2,C02,optimizer-A,3,C03,optimizer-A
14,2,11|5|2|4|0|7|6|10|1|9|3|8,0.75,2,C02,optimizer-A,2,C02,optimizer-A
14,3,4|8|0|3|5|1|10|7|2|11|6|9,0.75,2,C02,optimizer-A,8,C08,optimizer-B
14,4,7|6|0|4|9|10|1|11|2|3|8|5,0.75,2,C02,optimizer-A,9,C09,optimizer-B
14,5,0|1|8|10|5|4|7|3|2|11|9|6,0.75,2,C02,optimizer-A,8,C08,optimizer-B
14,6,6|9|7|10|5|2|3|8|11|1|4|0,0.75,2,C02,optimizer-A,9,C09,optimizer-B
14,7,1|6|3|9|10|11|5|8|2|4|0|7,0.75,2,C02,optimizer-A,3,C03,optimizer-A
14,8,5|2|1|8|6|9|0|10|7|11|3|4,0.75,2,C02,optimizer-A,2,C02,optimizer-A
14,9,0|10|5|2|3|11|4|9|1|8|7|6,0.75,2,C02,optimizer-A,2,C02,optimizer-A
14,10,7|3|9|11|6|2|10|1|5|4|8|0,0.75,2,C02,optimizer-A,3,C03,optimizer-A
14,11,3|5|8|1|0|11|10|9|4|6|2|7,0.75,2,C02,optimizer-A,3,C03,optimizer-A
14,12,6|4|8|7|5|11|3|2|9|0|1|10,0.75,2,C02,optimizer-A,8,C08,optimizer-B
14,13,5|1|0|8|10|3|2|6|11|9|7|4,0.75,2,C02,optimizer-A,8,C08,optimizer-B
14,14,8|10|3|5|1|9|4|0|11|7|6|2,0.75,2,C02,optimizer-A,8,C08,optimizer-B
14,15,0|8|6|7|11|2|9|3|1|10|5|4,0.75,2,C02,optimizer-A,8,C08,optimizer-B
14,16,8|9|2|10|4|7|6|11|1|0|5|3,0.75,2,C02,optimizer-A,8,C08,optimizer-B
14,17,7|1|6|4|0|10|11|9|5|8|3|2,0.75,2,C02,optimizer-A,9,C09,optimizer-B
14,18,10|3|5|8|4|9|2|1|6|0|11|7,0.75,2,C02,optimizer-A,3,C03,optimizer-A
14,19,9|5|3|8|11|7|0|10|1|2|4|6,0.75,2,C02,optimizer-A,9,C09,optimizer-B
14,20,10|6|5|1|3|9|4|0|2|8|11|7,0.75,2,C02,optimizer-A,3,C03,optimizer-A
14,21,0|8|3|5|9|7|11|6|1|2|10|4,0.75,2,C02,optimizer-A,8,C08,optimizer-B
14,22,10|5|11|1|4|9|6|7|8|0|2|3,0.75,2,C02,optimizer-A,9,C09,optimizer-B
14,23,4|8|10|7|6|1|5|2|11|3|0|9,0.75,2,C02,optimizer-A,8,C08,optimizer-B
14,24,7|8|6|0|1|9|2|3|11|10|4|5,0.75,2,C02,optimizer-A,8,C08,optimizer-B
15,0,2|3|1|10|6|7|0|8|4|5|9|11,0.75,3,C03,optimizer-A,3,C03,optimizer-A
15,1,0|5|11|3|2|8|10|7|6|9|1|4,0.75,3,C03,optimizer-A,3,C03,optimizer-A
15,2,11|5|2|4|0|7|6|10|1|9|3|8,0.75,3,C03,optimizer-A,4,C04,optimizer-A
15,3,4|8|0|3|5|1|10|7|2|11|6|9,0.75,3,C03,optimizer-A,4,C04,optimizer-A
15,4,7|6|0|4|9|10|1|11|2|3|8|5,0.75,3,C03,optimizer-A,4,C04,optimizer-A
15,5,0|1|8|10|5|4|7|3|2|11|9|6,0.75,3,C03,optimizer-A,10,C10,optimizer-B
15,6,6|9|7|10|5|2|3|8|11|1|4|0,0.75,3,C03,optimizer-A,9,C09,optimizer-B
15,7,1|6|3|9|10|11|5|8|2|4|0|7,0.75,3,C03,optimizer-A,3,C03,optimizer-A
15,8,5|2|1|8|6|9|0|10|7|11|3|4,0.75,3,C03,optimizer-A,9,C09,optimizer-B
15,9,0|10|5|2|3|11|4|9|1|8|7|6,0.75,3,C03,optimizer-A,10,C10,optimizer-B
15,10,7|3|9|11|6|2|10|1|5|4|8|0,0.75,3,C03,optimizer-A,3,C03,optimizer-A
15,11,3|5|8|1|0|11|10|9|4|6|2|7,0.75,3,C03,optimizer-A,3,C03,optimizer-A
15,12,6|4|8|7|5|11|3|2|9|0|1|10,0.75,3,C03,optimizer-A,4,C04,optimizer-A
15,13,5|1|0|8|10|3|2|6|11|9|7|4,0.75,3,C03,optimizer-A,10,C10,optimizer-B
15,14,8|10|3|5|1|9|4|0|11|7|6|2,0.75,3,C03,optimizer-A,10,C10,optimizer-B
15,15,0|8|6|7|11|2|9|3|1|10|5|4,0.75,3,C03,optimizer-A,9,C09,optimizer-B
15,16,8|9|2|10|4|7|6|11|1|0|5|3,0.75,3,C03,optimizer-A,9,C09,optimizer-B
15,17,7|1|6|4|0|10|11|9|5|8|3|2,0.75,3,C03,optimizer-A,4,C04,optimizer-A
15,18,10|3|5|8|4|9|2|1|6|0|11|7,0.75,3,C03,optimizer-A,10,C10,optimizer-B
15,19,9|5|3|8|11|7|0|10|1|2|4|6,0.75,3,C03,optimizer-A,9,C09,optimizer-B
15,20,10|6|5|1|3|9|4|0|2|8|11|7,0.75,3,C03,optimizer-A,10,C10,optimizer-B
15,21,0|8|3|5|9|7|11|6|1|2|10|4,0.75,3,C03,optimizer-A,3,C03,optimizer-A
15,22,10|5|11|1|4|9|6|7|8|0|2|3,0.75,3,C03,optimizer-A,10,C10,optimizer-B
15,23,4|8|10|7|6|1|5|2|11|3|0|9,0.75,3,C03,optimizer-A,4,C04,optimizer-A
15,24,7|8|6|0|1|9|2|3|11|10|4|5,0.75,3,C03,optimizer-A,9,C09,optimizer-B
16,0,2|3|1|10|6|7|0|8|4|5|9|11,0.75,4,C04,optimizer-A,10,C10,optimizer-B
16,1,0|5|11|3|2|8|10|7|6|9|1|4,0.75,4,C04,optimizer-A,5,C05,optimizer-A
16,2,11|5|2|4|0|7|6|10|1|9|3|8,0.75,4,C04,optimizer-A,11,C11,optimizer-B
16,3,4|8|0|3|5|1|10|7|2|11|6|9,0.75,4,C04,optimizer-A,4,C04,optimizer-A
16,4,7|6|0|4|9|10|1|11|2|3|8|5,0.75,4,C04,optimizer-A,4,C04,optimizer-A
16,5,0|1|8|10|5|4|7|3|2|11|9|6,0.75,4,C04,optimizer-A,10,C10,optimizer-B
16,6,6|9|7|10|5|2|3|8|11|1|4|0,0.75,4,C04,optimizer-A,10,C10,optimizer-B
16,7,1|6|3|9|10|11|5|8|2|4|0|7,0.75,4,C04,optimizer-A,10,C10,optimizer-B
16,8,5|2|1|8|6|9|0|10|7|11|3|4,0.75,4,C04,optimizer-A,5,C05,optimizer-A
16,9,0|10|5|2|3|11|4|9|1|8|7|6,0.75,4,C04,optimizer-A,10,C10,optimizer-B
16,10,7|3|9|11|6|2|10|1|5|4|8|0,0.75,4,C04,optimizer-A,11,C11,optimizer-B
16,11,3|5|8|1|0|11|10|9|4|6|2|7,0.75,4,C04,optimizer-A,5,C05,optimizer-A
16,12,6|4|8|7|5|11|3|2|9|0|1|10,0.75,4,C04,optimizer-A,4,C04,optimizer-A
16,13,5|1|0|8|10|3|2|6|11|9|7|4,0.75,4,C04,optimizer-A,5,C05,optimizer-A
16,14,8|10|3|5|1|9|4|0|11|7|6|2,0.75,4,C04,optimizer-A,10,C10,optimizer-B
16,15,0|8|6|7|11|2|9|3|1|10|5|4,0.75,4,C04,optimizer-A,11,C11,optimizer-B
16,16,8|9|2|10|4|7|6|11|1|0|5|3,0.75,4,C04,optimizer-A,10,C10,optimizer-B
16,17,7|1|6|4|0|10|11|9|5|8|3|2,0.75,4,C04,optimizer-A,4,C04,optimizer-A
16,18,10|3|5|8|4|9|2|1|6|0|11|7,0.75,4,C04,optimizer-A,10,C10,optimizer-B
16,19,9|5|3|8|11|7|0|10|1|2|4|6,0.75,4,C04,optimizer-A,5,C05,optimizer-A
16,20,10|6|5|1|3|9|4|0|2|8|11|7,0.75,4,C04,optimizer-A,10,C10,optimizer-B
16,21,0|8|3|5|9|7|11|6|1|2|10|4,0.75,4,C04,optimizer-A,5,C05,optimizer-A
16,22,10|5|11|1|4|9|6|7|8|0|2|3,0.75,4,C04,optimizer-A,10,C10,optimizer-B
16,23,4|8|10|7|6|1|5|2|11|3|0|9,0.75,4,C04,optimizer-A,4,C04,optimizer-A
16,24,7|8|6|0|1|9|2|3|11|10|4|5,0.75,4,C04,optimizer-A,11,C11,optimizer-B
17,0,2|3|1|10|6|7|0|8|4|5|9|11,0.75,0,C00,optimizer-A,6,C06,optimizer-B
17,1,0|5|11|3|2|8|10|7|6|9|1|4,0.75,0,C00,optimizer-A,0,C00,optimizer-A
17,2,11|5|2|4|0|7|6|10|1|9|3|8,0.75,0,C00,optimizer-A,11,C11,optimizer-B
17,3,4|8|0|3|5|1|10|7|2|11|6|9,0.75,0,C00,optimizer-A,0,C00,optimizer-A
17,4,7|6|0|4|9|10|1|11|2|3|8|5,0.75,0,C00,optimizer-A,6,C06,optimizer-B
17,5,0|1|8|10|5|4|7|3|2|11|9|6,0.75,0,C00,optimizer-A,0,C00,optimizer-A
17,6,6|9|7|10|5|2|3|8|11|1|4|0,0.75,0,C00,optimizer-A,6,C06,optimizer-B
17,7,1|6|3|9|10|11|5|8|2|4|0|7,0.75,0,C00,optimizer-A,6,C06,optimizer-B
17,8,5|2|1|8|6|9|0|10|7|11|3|4,0.75,0,C00,optimizer-A,5,C05,optimizer-A
17,9,0|10|5|2|3|11|4|9|1|8|7|6,0.75,0,C00,optimizer-A,0,C00,optimizer-A
17,10,7|3|9|11|6|2|10|1|5|4|8|0,0.75,0,C00,optimizer-A,11,C11,optimizer-B
17,11,3|5|8|1|0|11|10|9|4|6|2|7,0.75,0,C00,optimizer-A,5,C05,optimizer-A
17,12,6|4|8|7|5|11|3|2|9|0|1|10,0.75,0,C00,optimizer-A,6,C06,optimizer-B
17,13,5|1|0|8|10|3|2|6|11|9|7|4,0.75,0,C00,optimizer-A,5,C05,optimizer-A
17,14,8|10|3|5|1|9|4|0|11|7|6|2,0.75,0,C00,optimizer-A,5,C05,optimizer-A
17,15,0|8|6|7|11|2|9|3|1|10|5|4,0.75,0,C00,optimizer-A,0,C00,optimizer-A
17,16,8|9|2|10|4|7|6|11|1|0|5|3,0.75,0,C00,optimizer-A,6,C06,optimizer-B
17,17,7|1|6|4|0|10|11|9|5|8|3|2,0.75,0,C00,optimizer-A,6,C06,optimizer-B
17,18,10|3|5|8|4|9|2|1|6|0|11|7,0.75,0,C00,optimizer-A,5,C05,optimizer-A
17,19,9|5|3|8|11|7|0|10|1|2|4|6,0.75,0,C00,optimizer-A,5,C05,optimizer-A
17,20,10|6|5|1|3|9|4|0|2|8|11|7,0.75,0,C00,optimizer-A,6,C06,optimizer-B
17,21,0|8|3|5|9|7|11|6|1|2|10|4,0.75,0,C00,optimizer-A,0,C00,optimizer-A
17,22,10|5|11|1|4|9|6|7|8|0|2|3,0.75,0,C00,optimizer-A,5,C05,optimizer-A
17,23,4|8|10|7|6|1|5|2|11|3|0|9,0.75,0,C00,optimizer-A,6,C06,optimizer-B
17,24,7|8|6|0|1|9|2|3|11|10|4|5,0.75,0,C00,optimizer-A,6,C06,optimizer-B
18,0,2|3|1|10|6|7|0|8|4|5|9|11,0.75,0,C00,optimizer-A,1,C01,optimizer-A
18,1,0|5|11|3|2|8|10|7|6|9|1|4,0.75,0,C00,optimizer-A,0,C00,optimizer-A
18,2,11|5|2|4|0|7|6|10|1|9|3|8,0.75,0,C00,optimizer-A,0,C00,optimizer-A
18,3,4|8|0|3|5|1|10|7|2|11|6|9,0.75,0,C00,optimizer-A,0,C00,optimizer-A
18,4,7|6|0|4|9|10|1|11|2|3|8|5,0.75,0,C00,optimizer-A,7,C07,optimizer-B
18,5,0|1|8|10|5|4|7|3|2|11|9|6,0.75,0,C00,optimizer-A,0,C00,optimizer-A
18,6,6|9|7|10|5|2|3|8|11|1|4|0,0.75,0,C00,optimizer-A,6,C06,optimizer-B
18,7,1|6|3|9|10|11|5|8|2|4|0|7,0.75,0,C00,optimizer-A,1,C01,optimizer-A
18,8,5|2|1|8|6|9|0|10|7|11|3|4,0.75,0,C00,optimizer-A,1,C01,optimizer-A
18,9,0|10|5|2|3|11|4|9|1|8|7|6,0.75,0,C00,optimizer-A,0,C00,optimizer-A
18,10,7|3|9|11|6|2|10|1|5|4|8|0,0.75,0,C00,optimizer-A,7,C07,optimizer-B
18,11,3|5|8|1|0|11|10|9|4|6|2|7,0.75,0,C00,optimizer-A,1,C01,optimizer-A
18,12,6|4|8|7|5|11|3|2|9|0|1|10,0.75,0,C00,optimizer-A,6,C06,optimizer-B
18,13,5|1|0|8|10|3|2|6|11|9|7|4,0.75,0,C00,optimizer-A,1,C01,optimizer-A
18,14,8|10|3|5|1|9|4|0|11|7|6|2,0.75,0,C00,optimizer-A,1,C01,optimizer-A
18,15,0|8|6|7|11|2|9|3|1|10|5|4,0.75,0,C00,optimizer-A,0,C00,optimizer-A
18,16,8|9|2|10|4|7|6|11|1|0|5|3,0.75,0,C00,optimizer-A,7,C07,optimizer-B
18,17,7|1|6|4|0|10|11|9|5|8|3|2,0.75,0,C00,optimizer-A,7,C07,optimizer-B
18,18,10|3|5|8|4|9|2|1|6|0|11|7,0.75,0,C00,optimizer-A,1,C01,optimizer-A
18,19,9|5|3|8|11|7|0|10|1|2|4|6,0.75,0,C00,optimizer-A,7,C07,optimizer-B
18,20,10|6|5|1|3|9|4|0|2|8|11|7,0.75,0,C00,optimizer-A,6,C06,optimizer-B
18,21,0|8|3|5|9|7|11|6|1|2|10|4,0.75,0,C00,optimizer-A,0,C00,optimizer-A
18,22,10|5|11|1|4|9|6|7|8|0|2|3,0.75,0,C00,optimizer-A,1,C01,optimizer-A
18,23,4|8|10|7|6|1|5|2|11|3|0|9,0.75,0,C00,optimizer-A,7,C07,optimizer-B
18,24,7|8|6|0|1|9|2|3|11|10|4|5,0.75,0,C00,optimizer-A,7,C07,optimizer-B
19,0,2|3|1|10|6|7|0|8|4|5|9|11,0.75,1,C01,optimizer-A,2,C02,optimizer-A
19,1,0|5|11|3|2|8|10|7|6|9|1|4,0.75,1,C01,optimizer-A,2,C02,optimizer-A
19,2,11|5|2|4|0|7|6|10|1|9|3|8,0.75,1,C01,optimizer-A,2,C02,optimizer-A
19,3,4|8|0|3|5|1|10|7|2|11|6|9,0.75,1,C01,optimizer-A,8,C08,optimizer-B
19,4,7|6|0|4|9|10|1|11|2|3|8|5,0.75,1,C01,optimizer-A,7,C07,optimizer-B
19,5,0|1|8|10|5|4|7|3|2|11|9|6,0.75,1,C01,optimizer-A,1,C01,optimizer-A
19,6,6|9|7|10|5|2|3|8|11|1|4|0,0.75,1,C01,optimizer-A,7,C07,optimizer-B
19,7,1|6|3|9|10|11|5|8|2|4|0|7,0.75,1,C01,optimizer-A,1,C01,optimizer-A
19,8,5|2|1|8|6|9|0|10|7|11|3|4,0.75,1,C01,optimizer-A,2,C02,optimizer-A
19,9,0|10|5|2|3|11|4|9|1|8|7|6,0.75,1,C01,optimizer-A,2,C02,optimizer-A
19,10,7|3|9|11|6|2|10|1|5|4|8|0,0.75,1,C01,optimizer-A,7,C07,optimizer-B
19,11,3|5|8|1|0|11|10|9|4|6|2|7,0.75,1,C01,optimizer-A,8,C08,optimizer-B
19,12,6|4|8|7|5|11|3|2|9|0|1|10,0.75,1,C01,optimizer-A,8,C08,optimizer-B
19,13,5|1|0|8|10|3|2|6|11|9|7|4,0.75,1,C01,optimizer-A,1,C01,optimizer-A
19,14,8|10|3|5|1|9|4|0|11|7|6|2,0.75,1,C01,optimizer-A,8,C08,optimizer-B
19,15,0|8|6|7|11|2|9|3|1|10|5|4,0.75,1,C01,optimizer-A,8,C08,optimizer-B
19,16,8|9|2|10|4|7|6|11|1|0|5|3,0.75,1,C01,optimizer-A,8,C08,optimizer-B
19,17,7|1|6|4|0|10|11|9|5|8|3|2,0.75,1,C01,optimizer-A,7,C07,optimizer-B
19,18,10|3|5|8|4|9|2|1|6|0|11|7,0.75,1,C01,optimizer-A,8,C08,optimizer-B
19,19,9|5|3|8|11|7|0|10|1|2|4|6,0.75,1,C01,optimizer-A,8,C08,optimizer-B
19,20,10|6|5|1|3|9|4|0|2|8|11|7,0.75,1,C01,optimizer-A,1,C01,optimizer-A
19,21,0|8|3|5|9|7|11|6|1|2|10|4,0.75,1,C01,optimizer-A,8,C08,optimizer-B
19,22,10|5|11|1|4|9|6|7|8|0|2|3,0.75,1,C01,optimizer-A,1,C01,optimizer-A
19,23,4|8|10|7|6|1|5|2|11|3|0|9,0.75,1,C01,optimizer-A,8,C08,optimizer-B
19,24,7|8|6|0|1|9|2|3|11|10|4|5,0.75,1,C01,optimizer-A,7,C07,optimizer-B
20,0,2|3|1|10|6|7|0|8|4|5|9|11,0.75,2,C02,optimizer-A,2,C02,optimizer-A
20,1,0|5|11|3|2|8|10|7|6|9|1|4,0.75,2,C02,optimizer-A,3,C03,optimizer-A
20,2,11|5|2|4|0|7|6|10|1|9|3|8,0.75,2,C02,optimizer-A,2,C02,optimizer-A
20,3,4|8|0|3|5|1|10|7|2|11|6|9,0.75,2,C02,optimizer-A,8,C08,optimizer-B
20,4,7|6|0|4|9|10|1|11|2|3|8|5,0.75,2,C02,optimizer-A,9,C09,optimizer-B
20,5,0|1|8|10|5|4|7|3|2|11|9|6,0.75,2,C02,optimizer-A,8,C08,optimizer-B
20,6,6|9|7|10|5|2|3|8|11|1|4|0,0.75,2,C02,optimizer-A,9,C09,optimizer-B
20,7,1|6|3|9|10|11|5|8|2|4|0|7,0.75,2,C02,optimizer-A,3,C03,optimizer-A
20,8,5|2|1|8|6|9|0|10|7|11|3|4,0.75,2,C02,optimizer-A,2,C02,optimizer-A
20,9,0|10|5|2|3|11|4|9|1|8|7|6,0.75,2,C02,optimizer-A,2,C02,optimizer-A
20,10,7|3|9|11|6|2|10|1|5|4|8|0,0.75,2,C02,optimizer-A,3,C03,optimizer-A
20,11,3|5|8|1|0|11|10|9|4|6|2|7,0.75,2,C02,optimizer-A,3,C03,optimizer-A
20,12,6|4|8|7|5|11|3|2|9|0|1|10,0.75,2,C02,optimizer-A,8,C08,optimizer-B
20,13,5|1|0|8|10|3|2|6|11|9|7|4,0.75,2,C02,optimizer-A,8,C08,optimizer-B
20,14,8|10|3|5|1|9|4|0|11|7|6|2,0.75,2,C02,optimizer-A,8,C08,optimizer-B
20,15,0|8|6|7|11|2|9|3|1|10|5|4,0.75,2,C02,optimizer-A,8,C08,optimizer-B
20,16,8|9|2|10|4|7|6|11|1|0|5|3,0.75,2,C02,optimizer-A,8,C08,optimizer-B
20,17,7|1|6|4|0|10|11|9|5|8|3|2,0.75,2,C02,optimizer-A,9,C09,optimizer-B
20,18,10|3|5|8|4|9|2|1|6|0|11|7,0.75,2,C02,optimizer-A,3,C03,optimizer-A
20,19,9|5|3|8|11|7|0|10|1|2|4|6,0.75,2,C02,optimizer-A,9,C09,optimizer-B
20,20,10|6|5|1|3|9|4|0|2|8|11|7,0.75,2,C02,optimizer-A,3,C03,optimizer-A
20,21,0|8|3|5|9|7|11|6|1|2|10|4,0.75,2,C02,optimizer-A,8,C08,optimizer-B
20,22,10|5|11|1|4|9|6|7|8|0|2|3,0.75,2,C02,optimizer-A,9,C09,optimizer-B
20,23,4|8|10|7|6|1|5|2|11|3|0|9,0.75,2,C02,optimizer-A,8,C08,optimizer-B
20,24,7|8|6|0|1|9|2|3|11|10|4|5,0.75,2,C02,optimizer-A,8,C08,optimizer-B
21,0,2|3|1|10|6|7|0|8|4|5|9|11,0.75,3,C03,optimizer-A,3,C03,optimizer-A
21,1,0|5|11|3|2|8|10|7|6|9|1|4,0.75,3,C03,optimizer-A,3,C03,optimizer-A
21,2,11|5|2|4|0|7|6|10|1|9|3|8,0.75,3,C03,optimizer-A,4,C04,optimizer-A
21,3,4|8|0|3|5|1|10|7|2|11|6|9,0.75,3,C03,optimizer-A,4,C04,optimizer-A
21,4,7|6|0|4|9|10|1|11|2|3|8|5,0.75,3,C03,optimizer-A,4,C04,optimizer-A
21,5,0|1|8|10|5|4|7|3|2|11|9|6,0.75,3,C03,optimizer-A,10,C10,optimizer-B
21,6,6|9|7|10|5|2|3|8|11|1|4|0,0.75,3,C03,optimizer-A,9,C09,optimizer-B
21,7,1|6|3|9|10|11|5|8|2|4|0|7,0.75,3,C03,optimizer-A,3,C03,optimizer-A
21,8,5|2|1|8|6|9|0|10|7|11|3|4,0.75,3,C03,optimizer-A,9,C09,optimizer-B
21,9,0|10|5|2|3|11|4|9|1|8|7|6,0.75,3,C03,optimizer-A,10,C10,optimizer-B
21,10,7|3|9|11|6|2|10|1|5|4|8|0,0.75,3,C03,optimizer-A,3,C03,optimizer-A
21,11,3|5|8|1|0|11|10|9|4|6|2|7,0.75,3,C03,optimizer-A,3,C03,optimizer-A
21,12,6|4|8|7|5|11|3|2|9|0|1|10,0.75,3,C03,optimizer-A,4,C04,optimizer-A
21,13,5|1|0|8|10|3|2|6|11|9|7|4,0.75,3,C03,optimizer-A,10,C10,optimizer-B
21,14,8|10|3|5|1|9|4|0|11|7|6|2,0.75,3,C03,optimizer-A,10,C10,optimizer-B
21,15,0|8|6|7|11|2|9|3|1|10|5|4,0.75,3,C03,optimizer-A,9,C09,optimizer-B
21,16,8|9|2|10|4|7|6|11|1|0|5|3,0.75,3,C03,optimizer-A,9,C09,optimizer-B
21,17,7|1|6|4|0|10|11|9|5|8|3|2,0.75,3,C03,optimizer-A,4,C04,optimizer-A
21,18,10|3|5|8|4|9|2|1|6|0|11|7,0.75,3,C03,optimizer-A,10,C10,optimizer-B
21,19,9|5|3|8|11|7|0|10|1|2|4|6,0.75,3,C03,optimizer-A,9,C09,optimizer-B
21,20,10|6|5|1|3|9|4|0|2|8|11|7,0.75,3,C03,optimizer-A,10,C10,optimizer-B
21,21,0|8|3|5|9|7|11|6|1|2|10|4,0.75,3,C03,optimizer-A,3,C03,optimizer-A
21,22,10|5|11|1|4|9|6|7|8|0|2|3,0.75,3,C03,optimizer-A,10,C10,optimizer-B
21,23,4|8|10|7|6|1|5|2|11|3|0|9,0.75,3,C03,optimizer-A,4,C04,optimizer-A
21,24,7|8|6|0|1|9|2|3|11|10|4|5,0.75,3,C03,optimizer-A,9,C09,optimizer-B
22,0,2|3|1|10|6|7|0|8|4|5|9|11,0.75,4,C04,optimizer-A,10,C10,optimizer-B
22,1,0|5|11|3|2|8|10|7|6|9|1|4,0.75,4,C04,optimizer-A,5,C05,optimizer-A
22,2,11|5|2|4|0|7|6|10|1|9|3|8,0.75,4,C04,optimizer-A,11,C11,optimizer-B
22,3,4|8|0|3|5|1|10|7|2|11|6|9,0.75,4,C04,optimizer-A,4,C04,optimizer-A
22,4,7|6|0|4|9|10|1|11|2|3|8|5,0.75,4,C04,optimizer-A,4,C04,optimizer-A
22,5,0|1|8|10|5|4|7|3|2|11|9|6,0.75,4,C04,optimizer-A,10,C10,optimizer-B
22,6,6|9|7|10|5|2|3|8|11|1|4|0,0.75,4,C04,optimizer-A,10,C10,optimizer-B
22,7,1|6|3|9|10|11|5|8|2|4|0|7,0.75,4,C04,optimizer-A,10,C10,optimizer-B
22,8,5|2|1|8|6|9|0|10|7|11|3|4,0.75,4,C04,optimizer-A,5,C05,optimizer-A
22,9,0|10|5|2|3|11|4|9|1|8|7|6,0.75,4,C04,optimizer-A,10,C10,optimizer-B
22,10,7|3|9|11|6|2|10|1|5|4|8|0,0.75,4,C04,optimizer-A,11,C11,optimizer-B
22,11,3|5|8|1|0|11|10|9|4|6|2|7,0.75,4,C04,optimizer-A,5,C05,optimizer-A
22,12,6|4|8|7|5|11|3|2|9|0|1|10,0.75,4,C04,optimizer-A,4,C04,optimizer-A
22,13,5|1|0|8|10|3|2|6|11|9|7|4,0.75,4,C04,optimizer-A,5,C05,optimizer-A
22,14,8|10|3|5|1|9|4|0|11|7|6|2,0.75,4,C04,optimizer-A,10,C10,optimizer-B
22,15,0|8|6|7|11|2|9|3|1|10|5|4,0.75,4,C04,optimizer-A,11,C11,optimizer-B
22,16,8|9|2|10|4|7|6|11|1|0|5|3,0.75,4,C04,optimizer-A,10,C10,optimizer-B
22,17,7|1|6|4|0|10|11|9|5|8|3|2,0.75,4,C04,optimizer-A,4,C04,optimizer-A
22,18,10|3|5|8|4|9|2|1|6|0|11|7,0.75,4,C04,optimizer-A,10,C10,optimizer-B
22,19,9|5|3|8|11|7|0|10|1|2|4|6,0.75,4,C04,optimizer-A,5,C05,optimizer-A
22,20,10|6|5|1|3|9|4|0|2|8|11|7,0.75,4,C04,optimizer-A,10,C10,optimizer-B
22,21,0|8|3|5|9|7|11|6|1|2|10|4,0.75,4,C04,optimizer-A,5,C05,optimizer-A
22,22,10|5|11|1|4|9|6|7|8|0|2|3,0.75,4,C04,optimizer-A,10,C10,optimizer-B
22,23,4|8|10|7|6|1|5|2|11|3|0|9,0.75,4,C04,optimizer-A,4,C04,optimizer-A
22,24,7|8|6|0|1|9|2|3|11|10|4|5,0.75,4,C04,optimizer-A,11,C11,optimizer-B
23,0,2|3|1|10|6|7|0|8|4|5|9|11,0.75,0,C00,optimizer-A,6,C06,optimizer-B
23,1,0|5|11|3|2|8|10|7|6|9|1|4,0.75,0,C00,optimizer-A,0,C00,optimizer-A
23,2,11|5|2|4|0|7|6|10|1|9|3|8,0.75,0,C00,optimizer-A,11,C11,optimizer-B
23,3,4|8|0|3|5|1|10|7|2|11|6|9,0.75,0,C00,optimizer-A,0,C00,optimizer-A
23,4,7|6|0|4|9|10|1|11|2|3|8|5,0.75,0,C00,optimizer-A,6,C06,optimizer-B
23,5,0|1|8|10|5|4|7|3|2|11|9|6,0.75,0,C00,optimizer-A,0,C00,optimizer-A
23,6,6|9|7|10|5|2|3|8|11|1|4|0,0.75,0,C00,optimizer-A,6,C06,optimizer-B
23,7,1|6|3|9|10|11|5|8|2|4|0|7,0.75,0,C00,optimizer-A,6,C06,optimizer-B
23,8,5|2|1|8|6|9|0|10|7|11|3|4,0.75,0,C00,optimizer-A,5,C05,optimizer-A
23,9,0|10|5|2|3|11|4|9|1|8|7|6,0.75,0,C00,optimizer-A,0,C00,optimizer-A
23,10,7|3|9|11|6|2|10|1|5|4|8|0,0.75,0,C00,optimizer-A,11,C11,optimizer-B
23,11,3|5|8|1|0|11|10|9|4|6|2|7,0.75,0,C00,optimizer-A,5,C05,optimizer-A
23,12,6|4|8|7|5|11|3|2|9|0|1|10,0.75,0,C00,optimizer-A,6,C06,optimizer-B
23,13,5|1|0|8|10|3|2|6|11|9|7|4,0.75,0,C00,optimizer-A,5,C05,optimizer-A
23,14,8|10|3|5|1|9|4|0|11|7|6|2,0.75,0,C00,optimizer-A,5,C05,optimizer-A
23,15,0|8|6|7|11|2|9|3|1|10|5|4,0.75,0,C00,optimizer-A,0,C00,optimizer-A
23,16,8|9|2|10|4|7|6|11|1|0|5|3,0.75,0,C00,optimizer-A,6,C06,optimizer-B
23,17,7|1|6|4|0|10|11|9|5|8|3|2,0.75,0,C00,optimizer-A,6,C06,optimizer-B
23,18,10|3|5|8|4|9|2|1|6|0|11|7,0.75,0,C00,optimizer-A,5,C05,optimizer-A
23,19,9|5|3|8|11|7|0|10|1|2|4|6,0.75,0,C00,optimizer-A,5,C05,optimizer-A
23,20,10|6|5|1|3|9|4|0|2|8|11|7,0.75,0,C00,optimizer-A,6,C06,optimizer-B
23,21,0|8|3|5|9|7|11|6|1|2|10|4,0.75,0,C00,optimizer-A,0,C00,optimizer-A
23,22,10|5|11|1|4|9|6|7|8|0|2|3,0.75,0,C00,optimizer-A,5,C05,optimizer-A
23,23,4|8|10|7|6|1|5|2|11|3|0|9,0.75,0,C00,optimizer-A,6,C06,optimizer-B
23,24,7|8|6|0|1|9|2|3|11|10|4|5,0.75,0,C00,optimizer-A,6,C06,optimizer-B
24,0,2|3|1|10|6|7|0|8|4|5|9|11,0.75,0,C00,optimizer-A,1,C01,optimizer-A
24,1,0|5|11|3|2|8|10|7|6|9|1|4,0.75,0,C00,optimizer-A,0,C00,optimizer-A
24,2,11|5|2|4|0|7|6|10|1|9|3|8,0.75,0,C00,optimizer-A,0,C00,optimizer-A
24,3,4|8|0|3|5|1|10|7|2|11|6|9,0.75,0,C00,optimizer-A,0,C00,optimizer-A
24,4,7|6|0|4|9|10|1|11|2|3|8|5,0.75,0,C00,optimizer-A,7,C07,optimizer-B
24,5,0|1|8|10|5|4|7|3|2|11|9|6,0.75,0,C00,optimizer-A,0,C00,optimizer-A
24,6,6|9|7|10|5|2|3|8|11|1|4|0,0.75,0,C00,optimizer-A,6,C06,optimizer-B
24,7,1|6|3|9|10|11|5|8|2|4|0|7,0.75,0,C00,optimizer-A,1,C01,optimizer-A
24,8,5|2|1|8|6|9|0|10|7|11|3|4,0.75,0,C00,optimizer-A,1,C01,optimizer-A
24,9,0|10|5|2|3|11|4|9|1|8|7|6,0.75,0,C00,optimizer-A,0,C00,optimizer-A
24,10,7|3|9|11|6|2|10|1|5|4|8|0,0.75,0,C00,optimizer-A,7,C07,optimizer-B
24,11,3|5|8|1|0|11|10|9|4|6|2|7,0.75,0,C00,optimizer-A,1,C01,optimizer-A
24,12,6|4|8|7|5|11|3|2|9|0|1|10,0.75,0,C00,optimizer-A,6,C06,optimizer-B
24,13,5|1|0|8|10|3|2|6|11|9|7|4,0.75,0,C00,optimizer-A,1,C01,optimizer-A
24,14,8|10|3|5|1|9|4|0|11|7|6|2,0.75,0,C00,optimizer-A,1,C01,optimizer-A
24,15,0|8|6|7|11|2|9|3|1|10|5|4,0.75,0,C00,optimizer-A,0,C00,optimizer-A
24,16,8|9|2|10|4|7|6|11|1|0|5|3,0.75,0,C00,optimizer-A,7,C07,optimizer-B
24,17,7|1|6|4|0|10|11|9|5|8|3|2,0.75,0,C00,optimizer-A,7,C07,optimizer-B
24,18,10|3|5|8|4|9|2|1|6|0|11|7,0.75,0,C00,optimizer-A,1,C01,optimizer-A
24,19,9|5|3|8|11|7|0|10|1|2|4|6,0.75,0,C00,optimizer-A,7,C07,optimizer-B
24,20,10|6|5|1|3|9|4|0|2|8|11|7,0.75,0,C00,optimizer-A,6,C06,optimizer-B
24,21,0|8|3|5|9|7|11|6|1|2|10|4,0.75,0,C00,optimizer-A,0,C00,optimizer-A
24,22,10|5|11|1|4|9|6|7|8|0|2|3,0.75,0,C00,optimizer-A,1,C01,optimizer-A
24,23,4|8|10|7|6|1|5|2|11|3|0|9,0.75,0,C00,optimizer-A,7,C07,optimizer-B
24,24,7|8|6|0|1|9|2|3|11|10|4|5,0.75,0,C00,optimizer-A,7,C07,optimizer-B
25,0,2|3|1|10|6|7|0|8|4|5|9|11,0.75,1,C01,optimizer-A,2,C02,optimizer-A
25,1,0|5|11|3|2|8|10|7|6|9|1|4,0.75,1,C01,optimizer-A,2,C02,optimizer-A
25,2,11|5|2|4|0|7|6|10|1|9|3|8,0.75,1,C01,optimizer-A,2,C02,optimizer-A
25,3,4|8|0|3|5|1|10|7|2|11|6|9,0.75,1,C01,optimizer-A,8,C08,optimizer-B
25,4,7|6|0|4|9|10|1|11|2|3|8|5,0.75,1,C01,optimizer-A,7,C07,optimizer-B
25,5,0|1|8|10|5|4|7|3|2|11|9|6,0.75,1,C01,optimizer-A,1,C01,optimizer-A
25,6,6|9|7|10|5|2|3|8|11|1|4|0,0.75,1,C01,optimizer-A,7,C07,optimizer-B
25,7,1|6|3|9|10|11|5|8|2|4|0|7,0.75,1,C01,optimizer-A,1,C01,optimizer-A
25,8,5|2|1|8|6|9|0|10|7|11|3|4,0.75,1,C01,optimizer-A,2,C02,optimizer-A
25,9,0|10|5|2|3|11|4|9|1|8|7|6,0.75,1,C01,optimizer-A,2,C02,optimizer-A
25,10,7|3|9|11|6|2|10|1|5|4|8|0,0.75,1,C01,optimizer-A,7,C07,optimizer-B
25,11,3|5|8|1|0|11|10|9|4|6|2|7,0.75,1,C01,optimizer-A,8,C08,optimizer-B
25,12,6|4|8|7|5|11|3|2|9|0|1|10,0.75,1,C01,optimizer-A,8,C08,optimizer-B
25,13,5|1|0|8|10|3|2|6|11|9|7|4,0.75,1,C01,optimizer-A,1,C01,optimizer-A
25,14,8|10|3|5|1|9|4|0|11|7|6|2,0.75,1,C01,optimizer-A,8,C08,optimizer-B
25,15,0|8|6|7|11|2|9|3|1|10|5|4,0.75,1,C01,optimizer-A,8,C08,optimizer-B
25,16,8|9|2|10|4|7|6|11|1|0|5|3,0.75,1,C01,optimizer-A,8,C08,optimizer-B
25,17,7|1|6|4|0|10|11|9|5|8|3|2,0.75,1,C01,optimizer-A,7,C07,optimizer-B
25,18,10|3|5|8|4|9|2|1|6|0|11|7,0.75,1,C01,optimizer-A,8,C08,optimizer-B
25,19,9|5|3|8|11|7|0|10|1|2|4|6,0.75,1,C01,optimizer-A,8,C08,optimizer-B
25,20,10|6|5|1|3|9|4|0|2|8|11|7,0.75,1,C01,optimizer-A,1,C01,optimizer-A
25,21,0|8|3|5|9|7|11|6|1|2|10|4,0.75,1,C01,optimizer-A,8,C08,optimizer-B
25,22,10|5|11|1|4|9|6|7|8|0|2|3,0.75,1,C01,optimizer-A,1,C01,optimizer-A
25,23,4|8|10|7|6|1|5|2|11|3|0|9,0.75,1,C01,optimizer-A,8,C08,optimizer-B
25,24,7|8|6|0|1|9|2|3|11|10|4|5,0.75,1,C01,optimizer-A,7,C07,optimizer-B
26,0,2|3|1|10|6|7|0|8|4|5|9|11,0.75,2,C02,optimizer-A,2,C02,optimizer-A
26,1,0|5|11|3|2|8|10|7|6|9|1|4,0.75,2,C02,optimizer-A,3,C03,optimizer-A
26,2,11|5|2|4|0|7|6|10|1|9|3|8,0.75,2,C02,optimizer-A,2,C02,optimizer-A
26,3,4|8|0|3|5|1|10|7|2|11|6|9,0.75,2,C02,optimizer-A,8,C08,optimizer-B
26,4,7|6|0|4|9|10|1|11|2|3|8|5,0.75,2,C02,optimizer-A,9,C09,optimizer-B
26,5,0|1|8|10|5|4|7|3|2|11|9|6,0.75,2,C02,optimizer-A,8,C08,optimizer-B
26,6,6|9|7|10|5|2|3|8|11|1|4|0,0.75,2,C02,optimizer-A,9,C09,optimizer-B
26,7,1|6|3|9|10|11|5|8|2|4|0|7,0.75,2,C02,optimizer-A,3,C03,optimizer-A
26,8,5|2|1|8|6|9|0|10|7|11|3|4,0.75,2,C02,optimizer-A,2,C02,optimizer-A
26,9,0|10|5|2|3|11|4|9|1|8|7|6,0.75,2,C02,optimizer-A,2,C02,optimizer-A
26,10,7|3|9|11|6|2|10|1|5|4|8|0,0.75,2,C02,optimizer-A,3,C03,optimizer-A
26,11,3|5|8|1|0|11|10|9|4|6|2|7,0.75,2,C02,optimizer-A,3,C03,optimizer-A
26,12,6|4|8|7|5|11|3|2|9|0|1|10,0.75,2,C02,optimizer-A,8,C08,optimizer-B
26,13,5|1|0|8|10|3|2|6|11|9|7|4,0.75,2,C02,optimizer-A,8,C08,optimizer-B
26,14,8|10|3|5|1|9|4|0|11|7|6|2,0.75,2,C02,optimizer-A,8,C08,optimizer-B
26,15,0|8|6|7|11|2|9|3|1|10|5|4,0.75,2,C02,optimizer-A,8,C08,optimizer-B
26,16,8|9|2|10|4|7|6|11|1|0|5|3,0.75,2,C02,optimizer-A,8,C08,optimizer-B
26,17,7|1|6|4|0|10|11|9|5|8|3|2,0.75,2,C02,optimizer-A,9,C09,optimizer-B
26,18,10|3|5|8|4|9|2|1|6|0|11|7,0.75,2,C02,optimizer-A,3,C03,optimizer-A
26,19,9|5|3|8|11|7|0|10|1|2|4|6,0.75,2,C02,optimizer-A,9,C09,optimizer-B
26,20,10|6|5|1|3|9|4|0|2|8|11|7,0.75,2,C02,optimizer-A,3,C03,optimizer-A
26,21,0|8|3|5|9|7|11|6|1|2|10|4,0.75,2,C02,optimizer-A,8,C08,optimizer-B
26,22,10|5|11|1|4|9|6|7|8|0|2|3,0.75,2,C02,optimizer-A,9,C09,optimizer-B
26,23,4|8|10|7|6|1|5|2|11|3|0|9,0.75,2,C02,optimizer-A,8,C08,optimizer-B
26,24,7|8|6|0|1|9|2|3|11|10|4|5,0.75,2,C02,optimizer-A,8,C08,optimizer-B
27,0,2|3|1|10|6|7|0|8|4|5|9|11,0.75,3,C03,optimizer-A,3,C03,optimizer-A
27,1,0|5|11|3|2|8|10|7|6|9|1|4,0.75,3,C03,optimizer-A,3,C03,optimizer-A
27,2,11|5|2|4|0|7|6|10|1|9|3|8,0.75,3,C03,optimizer-A,4,C04,optimizer-A
27,3,4|8|0|3|5|1|10|7|2|11|6|9,0.75,3,C03,optimizer-A,4,C04,optimizer-A
27,4,7|6|0|4|9|10|1|11|2|3|8|5,0.75,3,C03,optimizer-A,4,C04,optimizer-A
27,5,0|1|8|10|5|4|7|3|2|11|9|6,0.75,3,C03,optimizer-A,10,C10,optimizer-B
27,6,6|9|7|10|5|2|3|8|11|1|4|0,0.75,3,C03,optimizer-A,9,C09,optimizer-B
27,7,1|6|3|9|10|11|5|8|2|4|0|7,0.75,3,C03,optimizer-A,3,C03,optimizer-A
27,8,5|2|1|8|6|9|0|10|7|11|3|4,0.75,3,C03,optimizer-A,9,C09,optimizer-B
27,9,0|10|5|2|3|11|4|9|1|8|7|6,0.75,3,C03,optimizer-A,10,C10,optimizer-B
27,10,7|3|9|11|6|2|10|1|5|4|8|0,0.75,3,C03,optimizer-A,3,C03,optimizer-A
27,11,3|5|8|1|0|11|10|9|4|6|2|7,0.75,3,C03,optimizer-A,3,C03,optimizer-A
27,12,6|4|8|7|5|11|3|2|9|0|1|10,0.75,3,C03,optimizer-A,4,C04,optimizer-A
27,13,5|1|0|8|10|3|2|6|11|9|7|4,0.75,3,C03,optimizer-A,10,C10,optimizer-B
27,14,8|10|3|5|1|9|4|0|11|7|6|2,0.75,3,C03,optimizer-A,10,C10,optimizer-B
27,15,0|8|6|7|11|2|9|3|1|10|5|4,0.75,3,C03,optimizer-A,9,C09,optimizer-B
27,16,8|9|2|10|4|7|6|11|1|0|5|3,0.75,3,C03,optimizer-A,9,C09,optimizer-B
27,17,7|1|6|4|0|10|11|9|5|8|3|2,0.75,3,C03,optimizer-A,4,C04,optimizer-A
27,18,10|3|5|8|4|9|2|1|6|0|11|7,0.75,3,C03,optimizer-A,10,C10,optimizer-B
27,19,9|5|3|8|11|7|0|10|1|2|4|6,0.75,3,C03,optimizer-A,9,C09,optimizer-B
27,20,10|6|5|1|3|9|4|0|2|8|11|7,0.75,3,C03,optimizer-A,10,C10,optimizer-B
27,21,0|8|3|5|9|7|11|6|1|2|10|4,0.75,3,C03,optimizer-A,3,C03,optimizer-A
27,22,10|5|11|1|4|9|6|7|8|0|2|3,0.75,3,C03,optimizer-A,10,C10,optimizer-B
27,23,4|8|10|7|6|1|5|2|11|3|0|9,0.75,3,C03,optimizer-A,4,C04,optimizer-A
27,24,7|8|6|0|1|9|2|3|11|10|4|5,0.75,3,C03,optimizer-A,9,C09,optimizer-B
28,0,2|3|1|10|6|7|0|8|4|5|9|11,0.75,4,C04,optimizer-A,10,C10,optimizer-B
28,1,0|5|11|3|2|8|10|7|6|9|1|4,0.75,4,C04,optimizer-A,5,C05,optimizer-A
28,2,11|5|2|4|0|7|6|10|1|9|3|8,0.75,4,C04,optimizer-A,11,C11,optimizer-B
28,3,4|8|0|3|5|1|10|7|2|11|6|9,0.75,4,C04,optimizer-A,4,C04,optimizer-A
28,4,7|6|0|4|9|10|1|11|2|3|8|5,0.75,4,C04,optimizer-A,4,C04,optimizer-A
28,5,0|1|8|10|5|4|7|3|2|11|9|6,0.75,4,C04,optimizer-A,10,C10,optimizer-B
28,6,6|9|7|10|5|2|3|8|11|1|4|0,0.75,4,C04,optimizer-A,10,C10,optimizer-B
28,7,1|6|3|9|10|11|5|8|2|4|0|7,0.75,4,C04,optimizer-A,10,C10,optimizer-B
28,8,5|2|1|8|6|9|0|10|7|11|3|4,0.75,4,C04,optimizer-A,5,C05,optimizer-A
28,9,0|10|5|2|3|11|4|9|1|8|7|6,0.75,4,C04,optimizer-A,10,C10,optimizer-B
28,10,7|3|9|11|6|2|10|1|5|4|8|0,0.75,4,C04,optimizer-A,11,C11,optimizer-B
28,11,3|5|8|1|0|11|10|9|4|6|2|7,0.75,4,C04,optimizer-A,5,C05,optimizer-A
28,12,6|4|8|7|5|11|3|2|9|0|1|10,0.75,4,C04,optimizer-A,4,C04,optimizer-A
28,13,5|1|0|8|10|3|2|6|11|9|7|4,0.75,4,C04,optimizer-A,5,C05,optimizer-A
28,14,8|10|3|5|1|9|4|0|11|7|6|2,0.75,4,C04,optimizer-A,10,C10,optimizer-B
28,15,0|8|6|7|11|2|9|3|1|10|5|4,0.75,4,C04,optimizer-A,11,C11,optimizer-B
28,16,8|9|2|10|4|7|6|11|1|0|5|3,0.75,4,C04,optimizer-A,10,C10,optimizer-B
28,17,7|1|6|4|0|10|11|9|5|8|3|2,0.75,4,C04,optimizer-A,4,C04,optimizer-A
28,18,10|3|5|8|4|9|2|1|6|0|11|7,0.75,4,C04,optimizer-A,10,C10,optimizer-B
28,19,9|5|3|8|11|7|0|10|1|2|4|6,0.75,4,C04,optimizer-A,5,C05,optimizer-A
28,20,10|6|5|1|3|9|4|0|2|8|11|7,0.75,4,C04,optimizer-A,10,C10,optimizer-B
28,21,0|8|3|5|9|7|11|6|1|2|10|4,0.75,4,C04,optimizer-A,5,C05,optimizer-A
28,22,10|5|11|1|4|9|6|7|8|0|2|3,0.75,4,C04,optimizer-A,10,C10,optimizer-B
28,23,4|8|10|7|6|1|5|2|11|3|0|9,0.75,4,C04,optimizer-A,4,C04,optimizer-A
28,24,7|8|6|0|1|9|2|3|11|10|4|5,0.75,4,C04,optimizer-A,11,C11,optimizer-B
29,0,2|3|1|10|6|7|0|8|4|5|9|11,0.75,0,C00,optimizer-A,6,C06,optimizer-B
29,1,0|5|11|3|2|8|10|7|6|9|1|4,0.75,0,C00,optimizer-A,0,C00,optimizer-A
29,2,11|5|2|4|0|7|6|10|1|9|3|8,0.75,0,C00,optimizer-A,11,C11,optimizer-B
29,3,4|8|0|3|5|1|10|7|2|11|6|9,0.75,0,C00,optimizer-A,0,C00,optimizer-A
29,4,7|6|0|4|9|10|1|11|2|3|8|5,0.75,0,C00,optimizer-A,6,C06,optimizer-B
29,5,0|1|8|10|5|4|7|3|2|11|9|6,0.75,0,C00,optimizer-A,0,C00,optimizer-A
29,6,6|9|7|10|5|2|3|8|11|1|4|0,0.75,0,C00,optimizer-A,6,C06,optimizer-B
29,7,1|6|3|9|10|11|5|8|2|4|0|7,0.75,0,C00,optimizer-A,6,C06,optimizer-B
29,8,5|2|1|8|6|9|0|10|7|11|3|4,0.75,0,C00,optimizer-A,5,C05,optimizer-A
29,9,0|10|5|2|3|11|4|9|1|8|7|6,0.75,0,C00,optimizer-A,0,C00,optimizer-A
29,10,7|3|9|11|6|2|10|1|5|4|8|0,0.75,0,C00,optimizer-A,11,C11,optimizer-B
29,11,3|5|8|1|0|11|10|9|4|6|2|7,0.75,0,C00,optimizer-A,5,C05,optimizer-A
29,12,6|4|8|7|5|11|3|2|9|0|1|10,0.75,0,C00,optimizer-A,6,C06,optimizer-B
29,13,5|1|0|8|10|3|2|6|11|9|7|4,0.75,0,C00,optimizer-A,5,C05,optimizer-A
29,14,8|10|3|5|1|9|4|0|11|7|6|2,0.75,0,C00,optimizer-A,5,C05,optimizer-A
29,15,0|8|6|7|11|2|9|3|1|10|5|4,0.75,0,C00,optimizer-A,0,C00,optimizer-A
29,16,8|9|2|10|4|7|6|11|1|0|5|3,0.75,0,C00,optimizer-A,6,C06,optimizer-B
29,17,7|1|6|4|0|10|11|9|5|8|3|2,0.75,0,C00,optimizer-A,6,C06,optimizer-B
29,18,10|3|5|8|4|9|2|1|6|0|11|7,0.75,0,C00,optimizer-A,5,C05,optimizer-A
29,19,9|5|3|8|11|7|0|10|1|2|4|6,0.75,0,C00,optimizer-A,5,C05,optimizer-A
29,20,10|6|5|1|3|9|4|0|2|8|11|7,0.75,0,C00,optimizer-A,6,C06,optimizer-B
29,21,0|8|3|5|9|7|11|6|1|2|10|4,0.75,0,C00,optimizer-A,0,C00,optimizer-A
29,22,10|5|11|1|4|9|6|7|8|0|2|3,0.75,0,C00,optimizer-A,5,C05,optimizer-A
29,23,4|8|10|7|6|1|5|2|11|3|0|9,0.75,0,C00,optimizer-A,6,C06,optimizer-B
29,24,7|8|6|0|1|9|2|3|11|10|4|5,0.75,0,C00,optimizer-A,6,C06,optimizer-B
30,0,2|3|1|10|6|7|0|8|4|5|9|11,0.75,0,C00,optimizer-A,1,C01,optimizer-A
30,1,0|5|11|3|2|8|10|7|6|9|1|4,0.75,0,C00,optimizer-A,0,C00,optimizer-A
30,2,11|5|2|4|0|7|6|10|1|9|3|8,0.75,0,C00,optimizer-A,0,C00,optimizer-A
30,3,4|8|0|3|5|1|10|7|2|11|6|9,0.75,0,C00,optimizer-A,0,C00,optimizer-A
30,4,7|6|0|4|9|10|1|11|2|3|8|5,0.75,0,C00,optimizer-A,7,C07,optimizer-B
30,5,0|1|8|10|5|4|7|3|2|11|9|6,0.75,0,C00,optimizer-A,0,C00,optimizer-A
30,6,6|9|7|10|5|2|3|8|11|1|4|0,0.75,0,C00,optimizer-A,6,C06,optimizer-B
30,7,1|6|3|9|10|11|5|8|2|4|0|7,0.75,0,C00,optimizer-A,1,C01,optimizer-A
30,8,5|2|1|8|6|9|0|10|7|11|3|4,0.75,0,C00,optimizer-A,1,C01,optimizer-A
30,9,0|10|5|2|3|11|4|9|1|8|7|6,0.75,0,C00,optimizer-A,0,C00,optimizer-A
30,10,7|3|9|11|6|2|10|1|5|4|8|0,0.75,0,C00,optimizer-A,7,C07,optimizer-B
30,11,3|5|8|1|0|11|10|9|4|6|2|7,0.75,0,C00,optimizer-A,1,C01,optimizer-A
30,12,6|4|8|7|5|11|3|2|9|0|1|10,0.75,0,C00,optimizer-A,6,C06,optimizer-B
30,13,5|1|0|8|10|3|2|6|11|9|7|4,0.75,0,C00,optimizer-A,1,C01,optimizer-A
30,14,8|10|3|5|1|9|4|0|11|7|6|2,0.75,0,C00,optimizer-A,1,C01,optimizer-A
30,15,0|8|6|7|11|2|9|3|1|10|5|4,0.75,0,C00,optimizer-A,0,C00,optimizer-A
30,16,8|9|2|10|4|7|6|11|1|0|5|3,0.75,0,C00,optimizer-A,7,C07,optimizer-B
30,17,7|1|6|4|0|10|11|9|5|8|3|2,0.75,0,C00,optimizer-A,7,C07,optimizer-B
30,18,10|3|5|8|4|9|2|1|6|0|11|7,0.75,0,C00,optimizer-A,1,C01,optimizer-A
30,19,9|5|3|8|11|7|0|10|1|2|4|6,0.75,0,C00,optimizer-A,7,C07,optimizer-B
30,20,10|6|5|1|3|9|4|0|2|8|11|7,0.75,0,C00,optimizer-A,6,C06,optimizer-B
30,21,0|8|3|5|9|7|11|6|1|2|10|4,0.75,0,C00,optimizer-A,0,C00,optimizer-A
30,22,10|5|11|1|4|9|6|7|8|0|2|3,0.75,0,C00,optimizer-A,1,C01,optimizer-A
30,23,4|8|10|7|6|1|5|2|11|3|0|9,0.75,0,C00,optimizer-A,7,C07,optimizer-B
30,24,7|8|6|0|1|9|2|3|11|10|4|5,0.75,0,C00,optimizer-A,7,C07,optimizer-B
31,0,2|3|1|10|6|7|0|8|4|5|9|11,0.75,1,C01,optimizer-A,2,C02,optimizer-A
31,1,0|5|11|3|2|8|10|7|6|9|1|4,0.75,1,C01,optimizer-A,2,C02,optimizer-A
31,2,11|5|2|4|0|7|6|10|1|9|3|8,0.75,1,C01,optimizer-A,2,C02,optimizer-A
31,3,4|8|0|3|5|1|10|7|2|11|6|9,0.75,1,C01,optimizer-A,8,C08,optimizer-B
31,4,7|6|0|4|9|10|1|11|2|3|8|5,0.75,1,C01,optimizer-A,7,C07,optimizer-B
31,5,0|1|8|10|5|4|7|3|2|11|9|6,0.75,1,C01,optimizer-A,1,C01,optimizer-A
31,6,6|9|7|10|5|2|3|8|11|1|4|0,0.75,1,C01,optimizer-A,7,C07,optimizer-B
31,7,1|6|3|9|10|11|5|8|2|4|0|7,0.75,1,C01,optimizer-A,1,C01,optimizer-A
31,8,5|2|1|8|6|9|0|10|7|11|3|4,0.75,1,C01,optimizer-A,2,C02,optimizer-A
31,9,0|10|5|2|3|11|4|9|1|8|7|6,0.75,1,C01,optimizer-A,2,C02,optimizer-A
31,10,7|3|9|11|6|2|10|1|5|4|8|0,0.75,1,C01,optimizer-A,7,C07,optimizer-B
31,11,3|5|8|1|0|11|10|9|4|6|2|7,0.75,1,C01,optimizer-A,8,C08,optimizer-B
31,12,6|4|8|7|5|11|3|2|9|0|1|10,0.75,1,C01,optimizer-A,8,C08,optimizer-B
31,13,5|1|0|8|10|3|2|6|11|9|7|4,0.75,1,C01,optimizer-A,1,C01,optimizer-A
31,14,8|10|3|5|1|9|4|0|11|7|6|2,0.75,1,C01,optimizer-A,8,C08,optimizer-B
31,15,0|8|6|7|11|2|9|3|1|10|5|4,0.75,1,C01,optimizer-A,8,C08,optimizer-B
31,16,8|9|2|10|4|7|6|11|1|0|5|3,0.75,1,C01,optimizer-A,8,C08,optimizer-B
31,17,7|1|6|4|0|10|11|9|5|8|3|2,0.75,1,C01,optimizer-A,7,C07,optimizer-B
31,18,10|3|5|8|4|9|2|1|6|0|11|7,0.75,1,C01,optimizer-A,8,C08,optimizer-B
31,19,9|5|3|8|11|7|0|10|1|2|4|6,0.75,1,C01,optimizer-A,8,C08,optimizer-B
31,20,10|6|5|1|3|9|4|0|2|8|11|7,0.75,1,C01,optimizer-A,1,C01,optimizer-A
31,21,0|8|3|5|9|7|11|6|1|2|10|4,0.75,1,C01,optimizer-A,8,C08,optimizer-B
31,22,10|5|11|1|4|9|6|7|8|0|2|3,0.75,1,C01,optimizer-A,1,C01,optimizer-A
31,23,4|8|10|7|6|1|5|2|11|3|0|9,0.75,1,C01,optimizer-A,8,C08,optimizer-B
31,24,7|8|6|0|1|9|2|3|11|10|4|5,0.75,1,C01,optimizer-A,7,C07,optimizer-B
32,0,2|3|1|10|6|7|0|8|4|5|9|11,0.75,2,C02,optimizer-A,2,C02,optimizer-A
32,1,0|5|11|3|2|8|10|7|6|9|1|4,0.75,2,C02,optimizer-A,3,C03,optimizer-A
32,2,11|5|2|4|0|7|6|10|1|9|3|8,0.75,2,C02,optimizer-A,2,C02,optimizer-A
32,3,4|8|0|3|5|1|10|7|2|11|6|9,0.75,2,C02,optimizer-A,8,C08,optimizer-B
32,4,7|6|0|4|9|10|1|11|2|3|8|5,0.75,2,C02,optimizer-A,9,C09,optimizer-B
32,5,0|1|8|10|5|4|7|3|2|11|9|6,0.75,2,C02,optimizer-A,8,C08,optimizer-B
32,6,6|9|7|10|5|2|3|8|11|1|4|0,0.75,2,C02,optimizer-A,9,C09,optimizer-B
32,7,1|6|3|9|10|11|5|8|2|4|0|7,0.75,2,C02,optimizer-A,3,C03,optimizer-A
32,8,5|2|1|8|6|9|0|10|7|11|3|4,0.75,2,C02,optimizer-A,2,C02,optimizer-A
32,9,0|10|5|2|3|11|4|9|1|8|7|6,0.75,2,C02,optimizer-A,2,C02,optimizer-A
32,10,7|3|9|11|6|2|10|1|5|4|8|0,0.75,2,C02,optimizer-A,3,C03,optimizer-A
32,11,3|5|8|1|0|11|10|9|4|6|2|7,0.75,2,C02,optimizer-A,3,C03,optimizer-A
32,12,6|4|8|7|5|11|3|2|9|0|1|10,0.75,2,C02,optimizer-A,8,C08,optimizer-B
32,13,5|1|0|8|10|3|2|6|11|9|7|4,0.75,2,C02,optimizer-A,8,C08,optimizer-B
32,14,8|10|3|5|1|9|4|0|11|7|6|2,0.75,2,C02,optimizer-A,8,C08,optimizer-B
32,15,0|8|6|7|11|2|9|3|1|10|5|4,0.75,2,C02,optimizer-A,8,C08,optimizer-B
32,16,8|9|2|10|4|7|6|11|1|0|5|3,0.75,2,C02,optimizer-A,8,C08,optimizer-B
32,17,7|1|6|4|0|10|11|9|5|8|3|2,0.75,2,C02,optimizer-A,9,C09,optimizer-B
32,18,10|3|5|8|4|9|2|1|6|0|11|7,0.75,2,C02,optimizer-A,3,C03,optimizer-A
32,19,9|5|3|8|11|7|0|10|1|2|4|6,0.75,2,C02,optimizer-A,9,C09,optimizer-B
32,20,10|6|5|1|3|9|4|0|2|8|11|7,0.75,2,C02,optimizer-A,3,C03,optimizer-A
32,21,0|8|3|5|9|7|11|6|1|2|10|4,0.75,2,C02,optimizer-A,8,C08,optimizer-B
32,22,10|5|11|1|4|9|6|7|8|0|2|3,0.75,2,C02,optimizer-A,9,C09,optimizer-B
32,23,4|8|10|7|6|1|5|2|11|3|0|9,0.75,2,C02,optimizer-A,8,C08,optimizer-B
32,24,7|8|6|0|1|9|2|3|11|10|4|5,0.75,2,C02,optimizer-A,8,C08,optimizer-B
33,0,2|3|1|10|6|7|0|8|4|5|9|11,0.75,3,C03,optimizer-A,3,C03,optimizer-A
33,1,0|5|11|3|2|8|10|7|6|9|1|4,0.75,3,C03,optimizer-A,3,C03,optimizer-A
33,2,11|5|2|4|0|7|6|10|1|9|3|8,0.75,3,C03,optimizer-A,4,C04,optimizer-A
33,3,4|8|0|3|5|1|10|7|2|11|6|9,0.75,3,C03,optimizer-A,4,C04,optimizer-A
33,4,7|6|0|4|9|10|1|11|2|3|8|5,0.75,3,C03,optimizer-A,4,C04,optimizer-A
33,5,0|1|8|10|5|4|7|3|2|11|9|6,0.75,3,C03,optimizer-A,10,C10,optimizer-B
33,6,6|9|7|10|5|2|3|8|11|1|4|0,0.75,3,C03,optimizer-A,9,C09,optimizer-B
33,7,1|6|3|9|10|11|5|8|2|4|0|7,0.75,3,C03,optimizer-A,3,C03,optimizer-A
33,8,5|2|1|8|6|9|0|10|7|11|3|4,0.75,3,C03,optimizer-A,9,C09,optimizer-B
33,9,0|10|5|2|3|11|4|9|1|8|7|6,0.75,3,C03,optimizer-A,10,C10,optimizer-B
33,10,7|3|9|11|6|2|10|1|5|4|8|0,0.75,3,C03,optimizer-A,3,C03,optimizer-A
33,11,3|5|8|1|0|11|10|9|4|6|2|7,0.75,3,C03,optimizer-A,3,C03,optimizer-A
33,12,6|4|8|7|5|11|3|2|9|0|1|10,0.75,3,C03,optimizer-A,4,C04,optimizer-A
33,13,5|1|0|8|10|3|2|6|11|9|7|4,0.75,3,C03,optimizer-A,10,C10,optimizer-B
33,14,8|10|3|5|1|9|4|0|11|7|6|2,0.75,3,C03,optimizer-A,10,C10,optimizer-B
33,15,0|8|6|7|11|2|9|3|1|10|5|4,0.75,3,C03,optimizer-A,9,C09,optimizer-B
33,16,8|9|2|10|4|7|6|11|1|0|5|3,0.75,3,C03,optimizer-A,9,C09,optimizer-B
33,17,7|1|6|4|0|10|11|9|5|8|3|2,0.75,3,C03,optimizer-A,4,C04,optimizer-A
33,18,10|3|5|8|4|9|2|1|6|0|11|7,0.75,3,C03,optimizer-A,10,C10,optimizer-B
33,19,9|5|3|8|11|7|0|10|1|2|4|6,0.75,3,C03,optimizer-A,9,C09,optimizer-B
33,20,10|6|5|1|3|9|4|0|2|8|11|7,0.75,3,C03,optimizer-A,10,C10,optimizer-B
33,21,0|8|3|5|9|7|11|6|1|2|10|4,0.75,3,C03,optimizer-A,3,C03,optimizer-A
33,22,10|5|11|1|4|9|6|7|8|0|2|3,0.75,3,C03,optimizer-A,10,C10,optimizer-B
33,23,4|8|10|7|6|1|5|2|11|3|0|9,0.75,3,C03,optimizer-A,4,C04,optimizer-A
33,24,7|8|6|0|1|9|2|3|11|10|4|5,0.75,3,C03,optimizer-A,9,C09,optimizer-B
34,0,2|3|1|10|6|7|0|8|4|5|9|11,0.75,4,C04,optimizer-A,10,C10,optimizer-B
34,1,0|5|11|3|2|8|10|7|6|9|1|4,0.75,4,C04,optimizer-A,5,C05,optimizer-A
34,2,11|5|2|4|0|7|6|10|1|9|3|8,0.75,4,C04,optimizer-A,11,C11,optimizer-B
34,3,4|8|0|3|5|1|10|7|2|11|6|9,0.75,4,C04,optimizer-A,4,C04,optimizer-A
34,4,7|6|0|4|9|10|1|11|2|3|8|5,0.75,4,C04,optimizer-A,4,C04,optimizer-A
34,5,0|1|8|10|5|4|7|3|2|11|9|6,0.75,4,C04,optimizer-A,10,C10,optimizer-B
34,6,6|9|7|10|5|2|3|8|11|1|4|0,0.75,4,C04,optimizer-A,10,C10,optimizer-B
34,7,1|6|3|9|10|11|5|8|2|4|0|7,0.75,4,C04,optimizer-A,10,C10,optimizer-B
34,8,5|2|1|8|6|9|0|10|7|11|3|4,0.75,4,C04,optimizer-A,5,C05,optimizer-A
34,9,0|10|5|2|3|11|4|9|1|8|7|6,0.75,4,C04,optimizer-A,10,C10,optimizer-B
34,10,7|3|9|11|6|2|10|1|5|4|8|0,0.75,4,C04,optimizer-A,11,C11,optimizer-B
34,11,3|5|8|1|0|11|10|9|4|6|2|7,0.75,4,C04,optimizer-A,5,C05,optimizer-A
34,12,6|4|8|7|5|11|3|2|9|0|1|10,0.75,4,C04,optimizer-A,4,C04,optimizer-A
34,13,5|1|0|8|10|3|2|6|11|9|7|4,0.75,4,C04,optimizer-A,5,C05,optimizer-A
34,14,8|10|3|5|1|9|4|0|11|7|6|2,0.75,4,C04,optimizer-A,10,C10,optimizer-B
34,15,0|8|6|7|11|2|9|3|1|10|5|4,0.75,4,C04,optimizer-A,11,C11,optimizer-B
34,16,8|9|2|10|4|7|6|11|1|0|5|3,0.75,4,C04,optimizer-A,10,C10,optimizer-B
34,17,7|1|6|4|0|10|11|9|5|8|3|2,0.75,4,C04,optimizer-A,4,C04,optimizer-A
34,18,10|3|5|8|4|9|2|1|6|0|11|7,0.75,4,C04,optimizer-A,10,C10,optimizer-B
34,19,9|5|3|8|11|7|0|10|1|2|4|6,0.75,4,C04,optimizer-A,5,C05,optimizer-A
34,20,10|6|5|1|3|9|4|0|2|8|11|7,0.75,4,C04,optimizer-A,10,C10,optimizer-B
34,21,0|8|3|5|9|7|11|6|1|2|10|4,0.75,4,C04,optimizer-A,5,C05,optimizer-A
34,22,10|5|11|1|4|9|6|7|8|0|2|3,0.75,4,C04,optimizer-A,10,C10,optimizer-B
34,23,4|8|10|7|6|1|5|2|11|3|0|9,0.75,4,C04,optimizer-A,4,C04,optimizer-A
34,24,7|8|6|0|1|9|2|3|11|10|4|5,0.75,4,C04,optimizer-A,11,C11,optimizer-B
35,0,2|3|1|10|6|7|0|8|4|5|9|11,0.75,0,C00,optimizer-A,6,C06,optimizer-B
35,1,0|5|11|3|2|8|10|7|6|9|1|4,0.75,0,C00,optimizer-A,0,C00,optimizer-A
35,2,11|5|2|4|0|7|6|10|1|9|3|8,0.75,0,C00,optimizer-A,11,C11,optimizer-B
35,3,4|8|0|3|5|1|10|7|2|11|6|9,0.75,0,C00,optimizer-A,0,C00,optimizer-A
35,4,7|6|0|4|9|10|1|11|2|3|8|5,0.75,0,C00,optimizer-A,6,C06,optimizer-B
35,5,0|1|8|10|5|4|7|3|2|11|9|6,0.75,0,C00,optimizer-A,0,C00,optimizer-A
35,6,6|9|7|10|5|2|3|8|11|1|4|0,0.75,0,C00,optimizer-A,6,C06,optimizer-B
35,7,1|6|3|9|10|11|5|8|2|4|0|7,0.75,0,C00,optimizer-A,6,C06,optimizer-B
35,8,5|2|1|8|6|9|0|10|7|11|3|4,0.75,0,C00,optimizer-A,5,C05,optimizer-A
35,9,0|10|5|2|3|11|4|9|1|8|7|6,0.75,0,C00,optimizer-A,0,C00,optimizer-A
35,10,7|3|9|11|6|2|10|1|5|4|8|0,0.75,0,C00,optimizer-A,11,C11,optimizer-B
35,11,3|5|8|1|0|11|10|9|4|6|2|7,0.75,0,C00,optimizer-A,5,C05,optimizer-A
35,12,6|4|8|7|5|11|3|2|9|0|1|10,0.75,0,C00,optimizer-A,6,C06,optimizer-B
35,13,5|1|0|8|10|3|2|6|11|9|7|4,0.75,0,C00,optimizer-A,5,C05,optimizer-A
35,14,8|10|3|5|1|9|4|0|11|7|6|2,0.75,0,C00,optimizer-A,5,C05,optimizer-A
35,15,0|8|6|7|11|2|9|3|1|10|5|4,0.75,0,C00,optimizer-A,0,C00,optimizer-A
35,16,8|9|2|10|4|7|6|11|1|0|5|3,0.75,0,C00,optimizer-A,6,C06,optimizer-B
35,17,7|1|6|4|0|10|11|9|5|8|3|2,0.75,0,C00,optimizer-A,6,C06,optimizer-B
35,18,10|3|5|8|4|9|2|1|6|0|11|7,0.75,0,C00,optimizer-A,5,C05,optimizer-A
35,19,9|5|3|8|11|7|0|10|1|2|4|6,0.75,0,C00,optimizer-A,5,C05,optimizer-A
35,20,10|6|5|1|3|9|4|0|2|8|11|7,0.75,0,C00,optimizer-A,6,C06,optimizer-B
35,21,0|8|3|5|9|7|11|6|1|2|10|4,0.75,0,C00,optimizer-A,0,C00,optimizer-A
35,22,10|5|11|1|4|9|6|7|8|0|2|3,0.75,0,C00,optimizer-A,5,C05,optimizer-A
35,23,4|8|10|7|6|1|5|2|11|3|0|9,0.75,0,C00,optimizer-A,6,C06,optimizer-B
35,24,7|8|6|0|1|9|2|3|11|10|4|5,0.75,0,C00,optimizer-A,6,C06,optimizer-B
36,0,2|3|1|10|6|7|0|8|4|5|9|11,0.75,0,C00,optimizer-A,1,C01,optimizer-A
36,1,0|5|11|3|2|8|10|7|6|9|1|4,0.75,0,C00,optimizer-A,0,C00,optimizer-A
36,2,11|5|2|4|0|7|6|10|1|9|3|8,0.75,0,C00,optimizer-A,0,C00,optimizer-A
36,3,4|8|0|3|5|1|10|7|2|11|6|9,0.75,0,C00,optimizer-A,0,C00,optimizer-A
36,4,7|6|0|4|9|10|1|11|2|3|8|5,0.75,0,C00,optimizer-A,7,C07,optimizer-B
36,5,0|1|8|10|5|4|7|3|2|11|9|6,0.75,0,C00,optimizer-A,0,C00,optimizer-A
36,6,6|9|7|10|5|2|3|8|11|1|4|0,0.75,0,C00,optimizer-A,6,C06,optimizer-B
36,7,1|6|3|9|10|11|5|8|2|4|0|7,0.75,0,C00,optimizer-A,1,C01,optimizer-A
36,8,5|2|1|8|6|9|0|10|7|11|3|4,0.75,0,C00,optimizer-A,1,C01,optimizer-A
36,9,0|10|5|2|3|11|4|9|1|8|7|6,0.75,0,C00,optimizer-A,0,C00,optimizer-A
36,10,7|3|9|11|6|2|10|1|5|4|8|0,0.75,0,C00,optimizer-A,7,C07,optimizer-B
36,11,3|5|8|1|0|11|10|9|4|6|2|7,0.75,0,C00,optimizer-A,1,C01,optimizer-A
36,12,6|4|8|7|5|11|3|2|9|0|1|10,0.75,0,C00,optimizer-A,6,C06,optimizer-B
36,13,5|1|0|8|10|3|2|6|11|9|7|4,0.75,0,C00,optimizer-A,1,C01,optimizer-A
36,14,8|10|3|5|1|9|4|0|11|7|6|2,0.75,0,C00,optimizer-A,1,C01,optimizer-A
36,15,0|8|6|7|11|2|9|3|1|10|5|4,0.75,0,C00,optimizer-A,0,C00,optimizer-A
36,16,8|9|2|10|4|7|6|11|1|0|5|3,0.75,0,C00,optimizer-A,7,C07,optimizer-B
36,17,7|1|6|4|0|10|11|9|5|8|3|2,0.75,0,C00,optimizer-A,7,C07,optimizer-B
36,18,10|3|5|8|4|9|2|1|6|0|11|7,0.75,0,C00,optimizer-A,1,C01,optimizer-A
36,19,9|5|3|8|11|7|0|10|1|2|4|6,0.75,0,C00,optimizer-A,7,C07,optimizer-B
36,20,10|6|5|1|3|9|4|0|2|8|11|7,0.75,0,C00,optimizer-A,6,C06,optimizer-B
36,21,0|8|3|5|9|7|11|6|1|2|10|4,0.75,0,C00,optimizer-A,0,C00,optimizer-A
36,22,10|5|11|1|4|9|6|7|8|0|2|3,0.75,0,C00,optimizer-A,1,C01,optimizer-A
36,23,4|8|10|7|6|1|5|2|11|3|0|9,0.75,0,C00,optimizer-A,7,C07,optimizer-B
36,24,7|8|6|0|1|9|2|3|11|10|4|5,0.75,0,C00,optimizer-A,7,C07,optimizer-B
37,0,2|3|1|10|6|7|0|8|4|5|9|11,0.75,1,C01,optimizer-A,2,C02,optimizer-A
37,1,0|5|11|3|2|8|10|7|6|9|1|4,0.75,1,C01,optimizer-A,2,C02,optimizer-A
37,2,11|5|2|4|0|7|6|10|1|9|3|8,0.75,1,C01,optimizer-A,2,C02,optimizer-A
37,3,4|8|0|3|5|1|10|7|2|11|6|9,0.75,1,C01,optimizer-A,8,C08,optimizer-B
37,4,7|6|0|4|9|10|1|11|2|3|8|5,0.75,1,C01,optimizer-A,7,C07,optimizer-B
37,5,0|1|8|10|5|4|7|3|2|11|9|6,0.75,1,C01,optimizer-A,1,C01,optimizer-A
37,6,6|9|7|10|5|2|3|8|11|1|4|0,0.75,1,C01,optimizer-A,7,C07,optimizer-B
37,7,1|6|3|9|10|11|5|8|2|4|0|7,0.75,1,C01,optimizer-A,1,C01,optimizer-A
37,8,5|2|1|8|6|9|0|10|7|11|3|4,0.75,1,C01,optimizer-A,2,C02,optimizer-A
37,9,0|10|5|2|3|11|4|9|1|8|7|6,0.75,1,C01,optimizer-A,2,C02,optimizer-A
37,10,7|3|9|11|6|2|10|1|5|4|8|0,0.75,1,C01,optimizer-A,7,C07,optimizer-B
37,11,3|5|8|1|0|11|10|9|4|6|2|7,0.75,1,C01,optimizer-A,8,C08,optimizer-B
37,12,6|4|8|7|5|11|3|2|9|0|1|10,0.75,1,C01,optimizer-A,8,C08,optimizer-B
37,13,5|1|0|8|10|3|2|6|11|9|7|4,0.75,1,C01,optimizer-A,1,C01,optimizer-A
37,14,8|10|3|5|1|9|4|0|11|7|6|2,0.75,1,C01,optimizer-A,8,C08,optimizer-B
37,15,0|8|6|7|11|2|9|3|1|10|5|4,0.75,1,C01,optimizer-A,8,C08,optimizer-B
37,16,8|9|2|10|4|7|6|11|1|0|5|3,0.75,1,C01,optimizer-A,8,C08,optimizer-B
37,17,7|1|6|4|0|10|11|9|5|8|3|2,0.75,1,C01,optimizer-A,7,C07,optimizer-B
37,18,10|3|5|8|4|9|2|1|6|0|11|7,0.75,1,C01,optimizer-A,8,C08,optimizer-B
37,19,9|5|3|8|11|7|0|10|1|2|4|6,0.75,1,C01,optimizer-A,8,C08,optimizer-B
37,20,10|6|5|1|3|9|4|0|2|8|11|7,0.75,1,C01,optimizer-A,1,C01,optimizer-A
37,21,0|8|3|5|9|7|11|6|1|2|10|4,0.75,1,C01,optimizer-A,8,C08,optimizer-B
37,22,10|5|11|1|4|9|6|7|8|0|2|3,0.75,1,C01,optimizer-A,1,C01,optimizer-A
37,23,4|8|10|7|6|1|5|2|11|3|0|9,0.75,1,C01,optimizer-A,8,C08,optimizer-B
37,24,7|8|6|0|1|9|2|3|11|10|4|5,0.75,1,C01,optimizer-A,7,C07,optimizer-B
38,0,2|3|1|10|6|7|0|8|4|5|9|11,0.75,2,C02,optimizer-A,2,C02,optimizer-A
38,1,0|5|11|3|2|8|10|7|6|9|1|4,0.75,2,C02,optimizer-A,3,C03,optimizer-A
38,2,11|5|2|4|0|7|6|10|1|9|3|8,0.75,2,C02,optimizer-A,2,C02,optimizer-A
38,3,4|8|0|3|5|1|10|7|2|11|6|9,0.75,2,C02,optimizer-A,8,C08,optimizer-B
38,4,7|6|0|4|9|10|1|11|2|3|8|5,0.75,2,C02,optimizer-A,9,C09,optimizer-B
38,5,0|1|8|10|5|4|7|3|2|11|9|6,0.75,2,C02,optimizer-A,8,C08,optimizer-B
38,6,6|9|7|10|5|2|3|8|11|1|4|0,0.75,2,C02,optimizer-A,9,C09,optimizer-B
38,7,1|6|3|9|10|11|5|8|2|4|0|7,0.75,2,C02,optimizer-A,3,C03,optimizer-A
38,8,5|2|1|8|6|9|0|10|7|11|3|4,0.75,2,C02,optimizer-A,2,C02,optimizer-A
38,9,0|10|5|2|3|11|4|9|1|8|7|6,0.75,2,C02,optimizer-A,2,C02,optimizer-A
38,10,7|3|9|11|6|2|10|1|5|4|8|0,0.75,2,C02,optimizer-A,3,C03,optimizer-A
38,11,3|5|8|1|0|11|10|9|4|6|2|7,0.75,2,C02,optimizer-A,3,C03,optimizer-A
38,12,6|4|8|7|5|11|3|2|9|0|1|10,0.75,2,C02,optimizer-A,8,C08,optimizer-B
38,13,5|1|0|8|10|3|2|6|11|9|7|4,0.75,2,C02,optimizer-A,8,C08,optimizer-B
38,14,8|10|3|5|1|9|4|0|11|7|6|2,0.75,2,C02,optimizer-A,8,C08,optimizer-B
38,15,0|8|6|7|11|2|9|3|1|10|5|4,0.75,2,C02,optimizer-A,8,C08,optimizer-B
38,16,8|9|2|10|4|7|6|11|1|0|5|3,0.75,2,C02,optimizer-A,8,C08,optimizer-B
38,17,7|1|6|4|0|10|11|9|5|8|3|2,0.75,2,C02,optimizer-A,9,C09,optimizer-B
38,18,10|3|5|8|4|9|2|1|6|0|11|7,0.75,2,C02,optimizer-A,3,C03,optimizer-A
38,19,9|5|3|8|11|7|0|10|1|2|4|6,0.75,2,C02,optimizer-A,9,C09,optimizer-B
38,20,10|6|5|1|3|9|4|0|2|8|11|7,0.75,2,C02,optimizer-A,3,C03,optimizer-A
38,21,0|8|3|5|9|7|11|6|1|2|10|4,0.75,2,C02,optimizer-A,8,C08,optimizer-B
38,22,10|5|11|1|4|9|6|7|8|0|2|3,0.75,2,C02,optimizer-A,9,C09,optimizer-B
38,23,4|8|10|7|6|1|5|2|11|3|0|9,0.75,2,C02,optimizer-A,8,C08,optimizer-B
38,24,7|8|6|0|1|9|2|3|11|10|4|5,0.75,2,C02,optimizer-A,8,C08,optimizer-B
39,0,2|3|1|10|6|7|0|8|4|5|9|11,0.75,3,C03,optimizer-A,3,C03,optimizer-A
39,1,0|5|11|3|2|8|10|7|6|9|1|4,0.75,3,C03,optimizer-A,3,C03,optimizer-A
39,2,11|5|2|4|0|7|6|10|1|9|3|8,0.75,3,C03,optimizer-A,4,C04,optimizer-A
39,3,4|8|0|3|5|1|10|7|2|11|6|9,0.75,3,C03,optimizer-A,4,C04,optimizer-A
39,4,7|6|0|4|9|10|1|11|2|3|8|5,0.75,3,C03,optimizer-A,4,C04,optimizer-A
39,5,0|1|8|10|5|4|7|3|2|11|9|6,0.75,3,C03,optimizer-A,10,C10,optimizer-B
39,6,6|9|7|10|5|2|3|8|11|1|4|0,0.75,3,C03,optimizer-A,9,C09,optimizer-B
39,7,1|6|3|9|10|11|5|8|2|4|0|7,0.75,3,C03,optimizer-A,3,C03,optimizer-A
39,8,5|2|1|8|6|9|0|10|7|11|3|4,0.75,3,C03,optimizer-A,9,C09,optimizer-B
39,9,0|10|5|2|3|11|4|9|1|8|7|6,0.75,3,C03,optimizer-A,10,C10,optimizer-B
39,10,7|3|9|11|6|2|10|1|5|4|8|0,0.75,3,C03,optimizer-A,3,C03,optimizer-A
39,11,3|5|8|1|0|11|10|9|4|6|2|7,0.75,3,C03,optimizer-A,3,C03,optimizer-A
39,12,6|4|8|7|5|11|3|2|9|0|1|10,0.75,3,C03,optimizer-A,4,C04,optimizer-A
39,13,5|1|0|8|10|3|2|6|11|9|7|4,0.75,3,C03,optimizer-A,10,C10,optimizer-B
39,14,8|10|3|5|1|9|4|0|11|7|6|2,0.75,3,C03,optimizer-A,10,C10,optimizer-B
39,15,0|8|6|7|11|2|9|3|1|10|5|4,0.75,3,C03,optimizer-A,9,C09,optimizer-B
39,16,8|9|2|10|4|7|6|11|1|0|5|3,0.75,3,C03,optimizer-A,9,C09,optimizer-B
39,17,7|1|6|4|0|10|11|9|5|8|3|2,0.75,3,C03,optimizer-A,4,C04,optimizer-A
39,18,10|3|5|8|4|9|2|1|6|0|11|7,0.75,3,C03,optimizer-A,10,C10,optimizer-B
39,19,9|5|3|8|11|7|0|10|1|2|4|6,0.75,3,C03,optimizer-A,9,C09,optimizer-B
39,20,10|6|5|1|3|9|4|0|2|8|11|7,0.75,3,C03,optimizer-A,10,C10,optimizer-B
39,21,0|8|3|5|9|7|11|6|1|2|10|4,0.75,3,C03,optimizer-A,3,C03,optimizer-A
39,22,10|5|11|1|4|9|6|7|8|0|2|3,0.75,3,C03,optimizer-A,10,C10,optimizer-B
39,23,4|8|10|7|6|1|5|2|11|3|0|9,0.75,3,C03,optimizer-A,4,C04,optimizer-A
39,24,7|8|6|0|1|9|2|3|11|10|4|5,0.75,3,C03,optimizer-A,9,C09,optimizer-B
40,0,2|3|1|10|6|7|0|8|4|5|9|11,0.75,4,C04,optimizer-A,10,C10,optimizer-B
40,1,0|5|11|3|2|8|10|7|6|9|1|4,0.75,4,C04,optimizer-A,5,C05,optimizer-A
40,2,11|5|2|4|0|7|6|10|1|9|3|8,0.75,4,C04,optimizer-A,11,C11,optimizer-B
40,3,4|8|0|3|5|1|10|7|2|11|6|9,0.75,4,C04,optimizer-A,4,C04,optimizer-A
40,4,7|6|0|4|9|10|1|11|2|3|8|5,0.75,4,C04,optimizer-A,4,C04,optimizer-A
40,5,0|1|8|10|5|4|7|3|2|11|9|6,0.75,4,C04,optimizer-A,10,C10,optimizer-B
40,6,6|9|7|10|5|2|3|8|11|1|4|0,0.75,4,C04,optimizer-A,10,C10,optimizer-B
40,7,1|6|3|9|10|11|5|8|2|4|0|7,0.75,4,C04,optimizer-A,10,C10,optimizer-B
40,8,5|2|1|8|6|9|0|10|7|11|3|4,0.75,4,C04,optimizer-A,5,C05,optimizer-A
40,9,0|10|5|2|3|11|4|9|1|8|7|6,0.75,4,C04,optimizer-A,10,C10,optimizer-B
40,10,7|3|9|11|6|2|10|1|5|4|8|0,0.75,4,C04,optimizer-A,11,C11,optimizer-B
40,11,3|5|8|1|0|11|10|9|4|6|2|7,0.75,4,C04,optimizer-A,5,C05,optimizer-A
40,12,6|4|8|7|5|11|3|2|9|0|1|10,0.75,4,C04,optimizer-A,4,C04,optimizer-A
40,13,5|1|0|8|10|3|2|6|11|9|7|4,0.75,4,C04,optimizer-A,5,C05,optimizer-A
40,14,8|10|3|5|1|9|4|0|11|7|6|2,0.75,4,C04,optimizer-A,10,C10,optimizer-B
40,15,0|8|6|7|11|2|9|3|1|10|5|4,0.75,4,C04,optimizer-A,11,C11,optimizer-B
40,16,8|9|2|10|4|7|6|11|1|0|5|3,0.75,4,C04,optimizer-A,10,C10,optimizer-B
40,17,7|1|6|4|0|10|11|9|5|8|3|2,0.75,4,C04,optimizer-A,4,C04,optimizer-A
40,18,10|3|5|8|4|9|2|1|6|0|11|7,0.75,4,C04,optimizer-A,10,C10,optimizer-B
40,19,9|5|3|8|11|7|0|10|1|2|4|6,0.75,4,C04,optimizer-A,5,C05,optimizer-A
40,20,10|6|5|1|3|9|4|0|2|8|11|7,0.75,4,C04,optimizer-A,10,C10,optimizer-B
40,21,0|8|3|5|9|7|11|6|1|2|10|4,0.75,4,C04,optimizer-A,5,C05,optimizer-A
40,22,10|5|11|1|4|9|6|7|8|0|2|3,0.75,4,C04,optimizer-A,10,C10,optimizer-B
40,23,4|8|10|7|6|1|5|2|11|3|0|9,0.75,4,C04,optimizer-A,4,C04,optimizer-A
40,24,7|8|6|0|1|9|2|3|11|10|4|5,0.75,4,C04,optimizer-A,11,C11,optimizer-B
41,0,2|3|1|10|6|7|0|8|4|5|9|11,0.75,0,C00,optimizer-A,6,C06,optimizer-B
41,1,0|5|11|3|2|8|10|7|6|9|1|4,0.75,0,C00,optimizer-A,0,C00,optimizer-A
41,2,11|5|2|4|0|7|6|10|1|9|3|8,0.75,0,C00,optimizer-A,11,C11,optimizer-B
41,3,4|8|0|3|5|1|10|7|2|11|6|9,0.75,0,C00,optimizer-A,0,C00,optimizer-A
41,4,7|6|0|4|9|10|1|11|2|3|8|5,0.75,0,C00,optimizer-A,6,C06,optimizer-B
41,5,0|1|8|10|5|4|7|3|2|11|9|6,0.75,0,C00,optimizer-A,0,C00,optimizer-A
41,6,6|9|7|10|5|2|3|8|11|1|4|0,0.75,0,C00,optimizer-A,6,C06,optimizer-B
41,7,1|6|3|9|10|11|5|8|2|4|0|7,0.75,0,C00,optimizer-A,6,C06,optimizer-B
41,8,5|2|1|8|6|9|0|10|7|11|3|4,0.75,0,C00,optimizer-A,5,C05,optimizer-A
41,9,0|10|5|2|3|11|4|9|1|8|7|6,0.75,0,C00,optimizer-A,0,C00,optimizer-A
41,10,7|3|9|11|6|2|10|1|5|4|8|0,0.75,0,C00,optimizer-A,11,C11,optimizer-B
41,11,3|5|8|1|0|11|10|9|4|6|2|7,0.75,0,C00,optimizer-A,5,C05,optimizer-A
41,12,6|4|8|7|5|11|3|2|9|0|1|10,0.75,0,C00,optimizer-A,6,C06,optimizer-B
41,13,5|1|0|8|10|3|2|6|11|9|7|4,0.75,0,C00,optimizer-A,5,C05,optimizer-A
41,14,8|10|3|5|1|9|4|0|11|7|6|2,0.75,0,C00,optimizer-A,5,C05,optimizer-A
41,15,0|8|6|7|11|2|9|3|1|10|5|4,0.75,0,C00,optimizer-A,0,C00,optimizer-A
41,16,8|9|2|10|4|7|6|11|1|0|5|3,0.75,0,C00,optimizer-A,6,C06,optimizer-B
41,17,7|1|6|4|0|10|11|9|5|8|3|2,0.75,0,C00,optimizer-A,6,C06,optimizer-B
41,18,10|3|5|8|4|9|2|1|6|0|11|7,0.75,0,C00,optimizer-A,5,C05,optimizer-A
41,19,9|5|3|8|11|7|0|10|1|2|4|6,0.75,0,C00,optimizer-A,5,C05,optimizer-A
41,20,10|6|5|1|3|9|4|0|2|8|11|7,0.75,0,C00,optimizer-A,6,C06,optimizer-B
41,21,0|8|3|5|9|7|11|6|1|2|10|4,0.75,0,C00,optimizer-A,0,C00,optimizer-A
41,22,10|5|11|1|4|9|6|7|8|0|2|3,0.75,0,C00,optimizer-A,5,C05,optimizer-A
41,23,4|8|10|7|6|1|5|2|11|3|0|9,0.75,0,C00,optimizer-A,6,C06,optimizer-B
41,24,7|8|6|0|1|9|2|3|11|10|4|5,0.75,0,C00,optimizer-A,6,C06,optimizer-B
42,0,2|3|1|10|6|7|0|8|4|5|9|11,0.75,0,C00,optimizer-A,1,C01,optimizer-A
42,1,0|5|11|3|2|8|10|7|6|9|1|4,0.75,0,C00,optimizer-A,0,C00,optimizer-A
42,2,11|5|2|4|0|7|6|10|1|9|3|8,0.75,0,C00,optimizer-A,0,C00,optimizer-A
42,3,4|8|0|3|5|1|10|7|2|11|6|9,0.75,0,C00,optimizer-A,0,C00,optimizer-A
42,4,7|6|0|4|9|10|1|11|2|3|8|5,0.75,0,C00,optimizer-A,7,C07,optimizer-B
42,5,0|1|8|10|5|4|7|3|2|11|9|6,0.75,0,C00,optimizer-A,0,C00,optimizer-A
42,6,6|9|7|10|5|2|3|8|11|1|4|0,0.75,0,C00,optimizer-A,6,C06,optimizer-B
42,7,1|6|3|9|10|11|5|8|2|4|0|7,0.75,0,C00,optimizer-A,1,C01,optimizer-A
42,8,5|2|1|8|6|9|0|10|7|11|3|4,0.75,0,C00,optimizer-A,1,C01,optimizer-A
42,9,0|10|5|2|3|11|4|9|1|8|7|6,0.75,0,C00,optimizer-A,0,C00,optimizer-A
42,10,7|3|9|11|6|2|10|1|5|4|8|0,0.75,0,C00,optimizer-A,7,C07,optimizer-B
42,11,3|5|8|1|0|11|10|9|4|6|2|7,0.75,0,C00,optimizer-A,1,C01,optimizer-A
42,12,6|4|8|7|5|11|3|2|9|0|1|10,0.75,0,C00,optimizer-A,6,C06,optimizer-B
42,13,5|1|0|8|10|3|2|6|11|9|7|4,0.75,0,C00,optimizer-A,1,C01,optimizer-A
42,14,8|10|3|5|1|9|4|0|11|7|6|2,0.75,0,C00,optimizer-A,1,C01,optimizer-A
42,15,0|8|6|7|11|2|9|3|1|10|5|4,0.75,0,C00,optimizer-A,0,C00,optimizer-A
42,16,8|9|2|10|4|7|6|11|1|0|5|3,0.75,0,C00,optimizer-A,7,C07,optimizer-B
42,17,7|1|6|4|0|10|11|9|5|8|3|2,0.75,0,C00,optimizer-A,7,C07,optimizer-B
42,18,10|3|5|8|4|9|2|1|6|0|11|7,0.75,0,C00,optimizer-A,1,C01,optimizer-A
42,19,9|5|3|8|11|7|0|10|1|2|4|6,0.75,0,C00,optimizer-A,7,C07,optimizer-B
42,20,10|6|5|1|3|9|4|0|2|8|11|7,0.75,0,C00,optimizer-A,6,C06,optimizer-B
42,21,0|8|3|5|9|7|11|6|1|2|10|4,0.75,0,C00,optimizer-A,0,C00,optimizer-A
42,22,10|5|11|1|4|9|6|7|8|0|2|3,0.75,0,C00,optimizer-A,1,C01,optimizer-A
42,23,4|8|10|7|6|1|5|2|11|3|0|9,0.75,0,C00,optimizer-A,7,C07,optimizer-B
42,24,7|8|6|0|1|9|2|3|11|10|4|5,0.75,0,C00,optimizer-A,7,C07,optimizer-B
43,0,2|3|1|10|6|7|0|8|4|5|9|11,0.75,1,C01,optimizer-A,2,C02,optimizer-A
43,1,0|5|11|3|2|8|10|7|6|9|1|4,0.75,1,C01,optimizer-A,2,C02,optimizer-A
43,2,11|5|2|4|0|7|6|10|1|9|3|8,0.75,1,C01,optimizer-A,2,C02,optimizer-A
43,3,4|8|0|3|5|1|10|7|2|11|6|9,0.75,1,C01,optimizer-A,8,C08,optimizer-B
43,4,7|6|0|4|9|10|1|11|2|3|8|5,0.75,1,C01,optimizer-A,7,C07,optimizer-B
43,5,0|1|8|10|5|4|7|3|2|11|9|6,0.75,1,C01,optimizer-A,1,C01,optimizer-A
43,6,6|9|7|10|5|2|3|8|11|1|4|0,0.75,1,C01,optimizer-A,7,C07,optimizer-B
43,7,1|6|3|9|10|11|5|8|2|4|0|7,0.75,1,C01,optimizer-A,1,C01,optimizer-A
43,8,5|2|1|8|6|9|0|10|7|11|3|4,0.75,1,C01,optimizer-A,2,C02,optimizer-A
43,9,0|10|5|2|3|11|4|9|1|8|7|6,0.75,1,C01,optimizer-A,2,C02,optimizer-A
43,10,7|3|9|11|6|2|10|1|5|4|8|0,0.75,1,C01,optimizer-A,7,C07,optimizer-B
43,11,3|5|8|1|0|11|10|9|4|6|2|7,0.75,1,C01,optimizer-A,8,C08,optimizer-B
43,12,6|4|8|7|5|11|3|2|9|0|1|10,0.75,1,C01,optimizer-A,8,C08,optimizer-B
43,13,5|1|0|8|10|3|2|6|11|9|7|4,0.75,1,C01,optimizer-A,1,C01,optimizer-A
43,14,8|10|3|5|1|9|4|0|11|7|6|2,0.75,1,C01,optimizer-A,8,C08,optimizer-B
43,15,0|8|6|7|11|2|9|3|1|10|5|4,0.75,1,C01,optimizer-A,8,C08,optimizer-B
43,16,8|9|2|10|4|7|6|11|1|0|5|3,0.75,1,C01,optimizer-A,8,C08,optimizer-B
43,17,7|1|6|4|0|10|11|9|5|8|3|2,0.75,1,C01,optimizer-A,7,C07,optimizer-B
43,18,10|3|5|8|4|9|2|1|6|0|11|7,0.75,1,C01,optimizer-A,8,C08,optimizer-B
43,19,9|5|3|8|11|7|0|10|1|2|4|6,0.75,1,C01,optimizer-A,8,C08,optimizer-B
43,20,10|6|5|1|3|9|4|0|2|8|11|7,0.75,1,C01,optimizer-A,1,C01,optimizer-A
43,21,0|8|3|5|9|7|11|6|1|2|10|4,0.75,1,C01,optimizer-A,8,C08,optimizer-B
43,22,10|5|11|1|4|9|6|7|8|0|2|3,0.75,1,C01,optimizer-A,1,C01,optimizer-A
43,23,4|8|10|7|6|1|5|2|11|3|0|9,0.75,1,C01,optimizer-A,8,C08,optimizer-B
43,24,7|8|6|0|1|9|2|3|11|10|4|5,0.75,1,C01,optimizer-A,7,C07,optimizer-B
44,0,2|3|1|10|6|7|0|8|4|5|9|11,0.75,2,C02,optimizer-A,2,C02,optimizer-A
44,1,0|5|11|3|2|8|10|7|6|9|1|4,0.75,2,C02,optimizer-A,3,C03,optimizer-A
44,2,11|5|2|4|0|7|6|10|1|9|3|8,0.75,2,C02,optimizer-A,2,C02,optimizer-A
44,3,4|8|0|3|5|1|10|7|2|11|6|9,0.75,2,C02,optimizer-A,8,C08,optimizer-B
44,4,7|6|0|4|9|10|1|11|2|3|8|5,0.75,2,C02,optimizer-A,9,C09,optimizer-B
44,5,0|1|8|10|5|4|7|3|2|11|9|6,0.75,2,C02,optimizer-A,8,C08,optimizer-B
44,6,6|9|7|10|5|2|3|8|11|1|4|0,0.75,2,C02,optimizer-A,9,C09,optimizer-B
44,7,1|6|3|9|10|11|5|8|2|4|0|7,0.75,2,C02,optimizer-A,3,C03,optimizer-A
44,8,5|2|1|8|6|9|0|10|7|11|3|4,0.75,2,C02,optimizer-A,2,C02,optimizer-A
44,9,0|10|5|2|3|11|4|9|1|8|7|6,0.75,2,C02,optimizer-A,2,C02,optimizer-A
44,10,7|3|9|11|6|2|10|1|5|4|8|0,0.75,2,C02,optimizer-A,3,C03,optimizer-A
44,11,3|5|8|1|0|11|10|9|4|6|2|7,0.75,2,C02,optimizer-A,3,C03,optimizer-A
44,12,6|4|8|7|5|11|3|2|9|0|1|10,0.75,2,C02,optimizer-A,8,C08,optimizer-B
44,13,5|1|0|8|10|3|2|6|11|9|7|4,0.75,2,C02,optimizer-A,8,C08,optimizer-B
44,14,8|10|3|5|1|9|4|0|11|7|6|2,0.75,2,C02,optimizer-A,8,C08,optimizer-B
44,15,0|8|6|7|11|2|9|3|1|10|5|4,0.75,2,C02,optimizer-A,8,C08,optimizer-B
44,16,8|9|2|10|4|7|6|11|1|0|5|3,0.75,2,C02,optimizer-A,8,C08,optimizer-B
44,17,7|1|6|4|0|10|11|9|5|8|3|2,0.75,2,C02,optimizer-A,9,C09,optimizer-B
44,18,10|3|5|8|4|9|2|1|6|0|11|7,0.75,2,C02,optimizer-A,3,C03,optimizer-A
44,19,9|5|3|8|11|7|0|10|1|2|4|6,0.75,2,C02,optimizer-A,9,C09,optimizer-B
44,20,10|6|5|1|3|9|4|0|2|8|11|7,0.75,2,C02,optimizer-A,3,C03,optimizer-A
44,21,0|8|3|5|9|7|11|6|1|2|10|4,0.75,2,C02,optimizer-A,8,C08,optimizer-B
44,22,10|5|11|1|4|9|6|7|8|0|2|3,0.75,2,C02,optimizer-A,9,C09,optimizer-B
44,23,4|8|10|7|6|1|5|2|11|3|0|9,0.75,2,C02,optimizer-A,8,C08,optimizer-B
44,24,7|8|6|0|1|9|2|3|11|10|4|5,0.75,2,C02,optimizer-A,8,C08,optimizer-B
45,0,2|3|1|10|6|7|0|8|4|5|9|11,0.75,3,C03,optimizer-A,3,C03,optimizer-A
45,1,0|5|11|3|2|8|10|7|6|9|1|4,0.75,3,C03,optimizer-A,3,C03,optimizer-A
45,2,11|5|2|4|0|7|6|10|1|9|3|8,0.75,3,C03,optimizer-A,4,C04,optimizer-A
45,3,4|8|0|3|5|1|10|7|2|11|6|9,0.75,3,C03,optimizer-A,4,C04,optimizer-A
45,4,7|6|0|4|9|10|1|11|2|3|8|5,0.75,3,C03,optimizer-A,4,C04,optimizer-A
45,5,0|1|8|10|5|4|7|3|2|11|9|6,0.75,3,C03,optimizer-A,10,C10,optimizer-B
45,6,6|9|7|10|5|2|3|8|11|1|4|0,0.75,3,C03,optimizer-A,9,C09,optimizer-B
45,7,1|6|3|9|10|11|5|8|2|4|0|7,0.75,3,C03,optimizer-A,3,C03,optimizer-A
45,8,5|2|1|8|6|9|0|10|7|11|3|4,0.75,3,C03,optimizer-A,9,C09,optimizer-B
45,9,0|10|5|2|3|11|4|9|1|8|7|6,0.75,3,C03,optimizer-A,10,C10,optimizer-B
45,10,7|3|9|11|6|2|10|1|5|4|8|0,0.75,3,C03,optimizer-A,3,C03,optimizer-A
45,11,3|5|8|1|0|11|10|9|4|6|2|7,0.75,3,C03,optimizer-A,3,C03,optimizer-A
45,12,6|4|8|7|5|11|3|2|9|0|1|10,0.75,3,C03,optimizer-A,4,C04,optimizer-A
45,13,5|1|0|8|10|3|2|6|11|9|7|4,0.75,3,C03,optimizer-A,10,C10,optimizer-B
45,14,8|10|3|5|1|9|4|0|11|7|6|2,0.75,3,C03,optimizer-A,10,C10,optimizer-B
45,15,0|8|6|7|11|2|9|3|1|10|5|4,0.75,3,C03,optimizer-A,9,C09,optimizer-B
45,16,8|9|2|10|4|7|6|11|1|0|5|3,0.75,3,C03,optimizer-A,9,C09,optimizer-B
45,17,7|1|6|4|0|10|11|9|5|8|3|2,0.75,3,C03,optimizer-A,4,C04,optimizer-A
45,18,10|3|5|8|4|9|2|1|6|0|11|7,0.75,3,C03,optimizer-A,10,C10,optimizer-B
45,19,9|5|3|8|11|7|0|10|1|2|4|6,0.75,3,C03,optimizer-A,9,C09,optimizer-B
45,20,10|6|5|1|3|9|4|0|2|8|11|7,0.75,3,C03,optimizer-A,10,C10,optimizer-B
45,21,0|8|3|5|9|7|11|6|1|2|10|4,0.75,3,C03,optimizer-A,3,C03,optimizer-A
45,22,10|5|11|1|4|9|6|7|8|0|2|3,0.75,3,C03,optimizer-A,10,C10,optimizer-B
45,23,4|8|10|7|6|1|5|2|11|3|0|9,0.75,3,C03,optimizer-A,4,C04,optimizer-A
45,24,7|8|6|0|1|9|2|3|11|10|4|5,0.75,3,C03,optimizer-A,9,C09,optimizer-B
46,0,2|3|1|10|6|7|0|8|4|5|9|11,0.75,4,C04,optimizer-A,10,C10,optimizer-B
46,1,0|5|11|3|2|8|10|7|6|9|1|4,0.75,4,C04,optimizer-A,5,C05,optimizer-A
46,2,11|5|2|4|0|7|6|10|1|9|3|8,0.75,4,C04,optimizer-A,11,C11,optimizer-B
46,3,4|8|0|3|5|1|10|7|2|11|6|9,0.75,4,C04,optimizer-A,4,C04,optimizer-A
46,4,7|6|0|4|9|10|1|11|2|3|8|5,0.75,4,C04,optimizer-A,4,C04,optimizer-A
46,5,0|1|8|10|5|4|7|3|2|11|9|6,0.75,4,C04,optimizer-A,10,C10,optimizer-B
46,6,6|9|7|10|5|2|3|8|11|1|4|0,0.75,4,C04,optimizer-A,10,C10,optimizer-B
46,7,1|6|3|9|10|11|5|8|2|4|0|7,0.75,4,C04,optimizer-A,10,C10,optimizer-B
46,8,5|2|1|8|6|9|0|10|7|11|3|4,0.75,4,C04,optimizer-A,5,C05,optimizer-A
46,9,0|10|5|2|3|11|4|9|1|8|7|6,0.75,4,C04,optimizer-A,10,C10,optimizer-B
46,10,7|3|9|11|6|2|10|1|5|4|8|0,0.75,4,C04,optimizer-A,11,C11,optimizer-B
46,11,3|5|8|1|0|11|10|9|4|6|2|7,0.75,4,C04,optimizer-A,5,C05,optimizer-A
46,12,6|4|8|7|5|11|3|2|9|0|1|10,0.75,4,C04,optimizer-A,4,C04,optimizer-A
46,13,5|1|0|8|10|3|2|6|11|9|7|4,0.75,4,C04,optimizer-A,5,C05,optimizer-A
46,14,8|10|3|5|1|9|4|0|11|7|6|2,0.75,4,C04,optimizer-A,10,C10,optimizer-B
46,15,0|8|6|7|11|2|9|3|1|10|5|4,0.75,4,C04,optimizer-A,11,C11,optimizer-B
46,16,8|9|2|10|4|7|6|11|1|0|5|3,0.75,4,C04,optimizer-A,10,C10,optimizer-B
46,17,7|1|6|4|0|10|11|9|5|8|3|2,0.75,4,C04,optimizer-A,4,C04,optimizer-A
46,18,10|3|5|8|4|9|2|1|6|0|11|7,0.75,4,C04,optimizer-A,10,C10,optimizer-B
46,19,9|5|3|8|11|7|0|10|1|2|4|6,0.75,4,C04,optimizer-A,5,C05,optimizer-A
46,20,10|6|5|1|3|9|4|0|2|8|11|7,0.75,4,C04,optimizer-A,10,C10,optimizer-B
46,21,0|8|3|5|9|7|11|6|1|2|10|4,0.75,4,C04,optimizer-A,5,C05,optimizer-A
46,22,10|5|11|1|4|9|6|7|8|0|2|3,0.75,4,C04,optimizer-A,10,C10,optimizer-B
46,23,4|8|10|7|6|1|5|2|11|3|0|9,0.75,4,C04,optimizer-A,4,C04,optimizer-A
46,24,7|8|6|0|1|9|2|3|11|10|4|5,0.75,4,C04,optimizer-A,11,C11,optimizer-B
47,0,2|3|1|10|6|7|0|8|4|5|9|11,0.75,0,C00,optimizer-A,6,C06,optimizer-B
47,1,0|5|11|3|2|8|10|7|6|9|1|4,0.75,0,C00,optimizer-A,0,C00,optimizer-A
47,2,11|5|2|4|0|7|6|10|1|9|3|8,0.75,0,C00,optimizer-A,11,C11,optimizer-B
47,3,4|8|0|3|5|1|10|7|2|11|6|9,0.75,0,C00,optimizer-A,0,C00,optimizer-A
47,4,7|6|0|4|9|10|1|11|2|3|8|5,0.75,0,C00,optimizer-A,6,C06,optimizer-B
47,5,0|1|8|10|5|4|7|3|2|11|9|6,0.75,0,C00,optimizer-A,0,C00,optimizer-A
47,6,6|9|7|10|5|2|3|8|11|1|4|0,0.75,0,C00,optimizer-A,6,C06,optimizer-B
47,7,1|6|3|9|10|11|5|8|2|4|0|7,0.75,0,C00,optimizer-A,6,C06,optimizer-B
47,8,5|2|1|8|6|9|0|10|7|11|3|4,0.75,0,C00,optimizer-A,5,C05,optimizer-A
47,9,0|10|5|2|3|11|4|9|1|8|7|6,0.75,0,C00,optimizer-A,0,C00,optimizer-A
47,10,7|3|9|11|6|2|10|1|5|4|8|0,0.75,0,C00,optimizer-A,11,C11,optimizer-B
47,11,3|5|8|1|0|11|10|9|4|6|2|7,0.75,0,C00,optimizer-A,5,C05,optimizer-A
47,12,6|4|8|7|5|11|3|2|9|0|1|10,0.75,0,C00,optimizer-A,6,C06,optimizer-B
47,13,5|1|0|8|10|3|2|6|11|9|7|4,0.75,0,C00,optimizer-A,5,C05,optimizer-A
47,14,8|10|3|5|1|9|4|0|11|7|6|2,0.75,0,C00,optimizer-A,5,C05,optimizer-A
47,15,0|8|6|7|11|2|9|3|1|10|5|4,0.75,0,C00,optimizer-A,0,C00,optimizer-A
47,16,8|9|2|10|4|7|6|11|1|0|5|3,0.75,0,C00,optimizer-A,6,C06,optimizer-B
47,17,7|1|6|4|0|10|11|9|5|8|3|2,0.75,0,C00,optimizer-A,6,C06,optimizer-B
47,18,10|3|5|8|4|9|2|1|6|0|11|7,0.75,0,C00,optimizer-A,5,C05,optimizer-A
47,19,9|5|3|8|11|7|0|10|1|2|4|6,0.75,0,C00,optimizer-A,5,C05,optimizer-A
47,20,10|6|5|1|3|9|4|0|2|8|11|7,0.75,0,C00,optimizer-A,6,C06,optimizer-B
47,21,0|8|3|5|9|7|11|6|1|2|10|4,0.75,0,C00,optimizer-A,0,C00,optimizer-A
47,22,10|5|11|1|4|9|6|7|8|0|2|3,0.75,0,C00,optimizer-A,5,C05,optimizer-A
47,23,4|8|10|7|6|1|5|2|11|3|0|9,0.75,0,C00,optimizer-A,6,C06,optimizer-B
47,24,7|8|6|0|1|9|2|3|11|10|4|5,0.75,0,C00,optimizer-A,6,C06,optimizer-B
48,0,2|3|1|10|6|7|0|8|4|5|9|11,0.75,0,C00,optimizer-A,1,C01,optimizer-A
48,1,0|5|11|3|2|8|10|7|6|9|1|4,0.75,0,C00,optimizer-A,0,C00,optimizer-A
48,2,11|5|2|4|0|7|6|10|1|9|3|8,0.75,0,C00,optimizer-A,0,C00,optimizer-A
48,3,4|8|0|3|5|1|10|7|2|11|6|9,0.75,0,C00,optimizer-A,0,C00,optimizer-A
48,4,7|6|0|4|9|10|1|11|2|3|8|5,0.75,0,C00,optimizer-A,7,C07,optimizer-B
48,5,0|1|8|10|5|4|7|3|2|11|9|6,0.75,0,C00,optimizer-A,0,C00,optimizer-A
48,6,6|9|7|10|5|2|3|8|11|1|4|0,0.75,0,C00,optimizer-A,6,C06,optimizer-B
48,7,1|6|3|9|10|11|5|8|2|4|0|7,0.75,0,C00,optimizer-A,1,C01,optimizer-A
48,8,5|2|1|8|6|9|0|10|7|11|3|4,0.75,0,C00,optimizer-A,1,C01,optimizer-A
48,9,0|10|5|2|3|11|4|9|1|8|7|6,0.75,0,C00,optimizer-A,0,C00,optimizer-A
48,10,7|3|9|11|6|2|10|1|5|4|8|0,0.75,0,C00,optimizer-A,7,C07,optimizer-B
48,11,3|5|8|1|0|11|10|9|4|6|2|7,0.75,0,C00,optimizer-A,1,C01,optimizer-A
48,12,6|4|8|7|5|11|3|2|9|0|1|10,0.75,0,C00,optimizer-A,6,C06,optimizer-B
48,13,5|1|0|8|10|3|2|6|11|9|7|4,0.75,0,C00,optimizer-A,1,C01,optimizer-A
48,14,8|10|3|5|1|9|4|0|11|7|6|2,0.75,0,C00,optimizer-A,1,C01,optimizer-A
48,15,0|8|6|7|11|2|9|3|1|10|5|4,0.75,0,C00,optimizer-A,0,C00,optimizer-A
48,16,8|9|2|10|4|7|6|11|1|0|5|3,0.75,0,C00,optimizer-A,7,C07,optimizer-B
48,17,7|1|6|4|0|10|11|9|5|8|3|2,0.75,0,C00,optimizer-A,7,C07,optimizer-B
48,18,10|3|5|8|4|9|2|1|6|0|11|7,0.75,0,C00,optimizer-A,1,C01,optimizer-A
48,19,9|5|3|8|11|7|0|10|1|2|4|6,0.75,0,C00,optimizer-A,7,C07,optimizer-B
48,20,10|6|5|1|3|9|4|0|2|8|11|7,0.75,0,C00,optimizer-A,6,C06,optimizer-B
48,21,0|8|3|5|9|7|11|6|1|2|10|4,0.75,0,C00,optimizer-A,0,C00,optimizer-A
48,22,10|5|11|1|4|9|6|7|8|0|2|3,0.75,0,C00,optimizer-A,1,C01,optimizer-A
48,23,4|8|10|7|6|1|5|2|11|3|0|9,0.75,0,C00,optimizer-A,7,C07,optimizer-B
48,24,7|8|6|0|1|9|2|3|11|10|4|5,0.75,0,C00,optimizer-A,7,C07,optimizer-B
49,0,2|3|1|10|6|7|0|8|4|5|9|11,0.75,1,C01,optimizer-A,2,C02,optimizer-A
49,1,0|5|11|3|2|8|10|7|6|9|1|4,0.75,1,C01,optimizer-A,2,C02,optimizer-A
49,2,11|5|2|4|0|7|6|10|1|9|3|8,0.75,1,C01,optimizer-A,2,C02,optimizer-A
49,3,4|8|0|3|5|1|10|7|2|11|6|9,0.75,1,C01,optimizer-A,8,C08,optimizer-B
49,4,7|6|0|4|9|10|1|11|2|3|8|5,0.75,1,C01,optimizer-A,7,C07,optimizer-B
49,5,0|1|8|10|5|4|7|3|2|11|9|6,0.75,1,C01,optimizer-A,1,C01,optimizer-A
49,6,6|9|7|10|5|2|3|8|11|1|4|0,0.75,1,C01,optimizer-A,7,C07,optimizer-B
49,7,1|6|3|9|10|11|5|8|2|4|0|7,0.75,1,C01,optimizer-A,1,C01,optimizer-A
49,8,5|2|1|8|6|9|0|10|7|11|3|4,0.75,1,C01,optimizer-A,2,C02,optimizer-A
49,9,0|10|5|2|3|11|4|9|1|8|7|6,0.75,1,C01,optimizer-A,2,C02,optimizer-A
49,10,7|3|9|11|6|2|10|1|5|4|8|0,0.75,1,C01,optimizer-A,7,C07,optimizer-B
49,11,3|5|8|1|0|11|10|9|4|6|2|7,0.75,1,C01,optimizer-A,8,C08,optimizer-B
49,12,6|4|8|7|5|11|3|2|9|0|1|10,0.75,1,C01,optimizer-A,8,C08,optimizer-B
49,13,5|1|0|8|10|3|2|6|11|9|7|4,0.75,1,C01,optimizer-A,1,C01,optimizer-A
49,14,8|10|3|5|1|9|4|0|11|7|6|2,0.75,1,C01,optimizer-A,8,C08,optimizer-B
49,15,0|8|6|7|11|2|9|3|1|10|5|4,0.75,1,C01,optimizer-A,8,C08,optimizer-B
49,16,8|9|2|10|4|7|6|11|1|0|5|3,0.75,1,C01,optimizer-A,8,C08,optimizer-B
49,17,7|1|6|4|0|10|11|9|5|8|3|2,0.75,1,C01,optimizer-A,7,C07,optimizer-B
49,18,10|3|5|8|4|9|2|1|6|0|11|7,0.75,1,C01,optimizer-A,8,C08,optimizer-B
49,19,9|5|3|8|11|7|0|10|1|2|4|6,0.75,1,C01,optimizer-A,8,C08,optimizer-B
49,20,10|6|5|1|3|9|4|0|2|8|11|7,0.75,1,C01,optimizer-A,1,C01,optimizer-A
49,21,0|8|3|5|9|7|11|6|1|2|10|4,0.75,1,C01,optimizer-A,8,C08,optimizer-B
49,22,10|5|11|1|4|9|6|7|8|0|2|3,0.75,1,C01,optimizer-A,1,C01,optimizer-A
49,23,4|8|10|7|6|1|5|2|11|3|0|9,0.75,1,C01,optimizer-A,8,C08,optimizer-B
49,24,7|8|6|0|1|9|2|3|11|10|4|5,0.75,1,C01,optimizer-A,7,C07,optimizer-B
50,0,2|3|1|10|6|7|0|8|4|5|9|11,0.75,2,C02,optimizer-A,2,C02,optimizer-A
50,1,0|5|11|3|2|8|10|7|6|9|1|4,0.75,2,C02,optimizer-A,3,C03,optimizer-A
50,2,11|5|2|4|0|7|6|10|1|9|3|8,0.75,2,C02,optimizer-A,2,C02,optimizer-A
50,3,4|8|0|3|5|1|10|7|2|11|6|9,0.75,2,C02,optimizer-A,8,C08,optimizer-B
50,4,7|6|0|4|9|10|1|11|2|3|8|5,0.75,2,C02,optimizer-A,9,C09,optimizer-B
50,5,0|1|8|10|5|4|7|3|2|11|9|6,0.75,2,C02,optimizer-A,8,C08,optimizer-B
50,6,6|9|7|10|5|2|3|8|11|1|4|0,0.75,2,C02,optimizer-A,9,C09,optimizer-B
50,7,1|6|3|9|10|11|5|8|2|4|0|7,0.75,2,C02,optimizer-A,3,C03,optimizer-A
50,8,5|2|1|8|6|9|0|10|7|11|3|4,0.75,2,C02,optimizer-A,2,C02,optimizer-A
50,9,0|10|5|2|3|11|4|9|1|8|7|6,0.75,2,C02,optimizer-A,2,C02,optimizer-A
50,10,7|3|9|11|6|2|10|1|5|4|8|0,0.75,2,C02,optimizer-A,3,C03,optimizer-A
50,11,3|5|8|1|0|11|10|9|4|6|2|7,0.75,2,C02,optimizer-A,3,C03,optimizer-A
50,12,6|4|8|7|5|11|3|2|9|0|1|10,0.75,2,C02,optimizer-A,8,C08,optimizer-B
50,13,5|1|0|8|10|3|2|6|11|9|7|4,0.75,2,C02,optimizer-A,8,C08,optimizer-B
50,14,8|10|3|5|1|9|4|0|11|7|6|2,0.75,2,C02,optimizer-A,8,C08,optimizer-B
50,15,0|8|6|7|11|2|9|3|1|10|5|4,0.75,2,C02,optimizer-A,8,C08,optimizer-B
50,16,8|9|2|10|4|7|6|11|1|0|5|3,0.75,2,C02,optimizer-A,8,C08,optimizer-B
50,17,7|1|6|4|0|10|11|9|5|8|3|2,0.75,2,C02,optimizer-A,9,C09,optimizer-B
50,18,10|3|5|8|4|9|2|1|6|0|11|7,0.75,2,C02,optimizer-A,3,C03,optimizer-A
50,19,9|5|3|8|11|7|0|10|1|2|4|6,0.75,2,C02,optimizer-A,9,C09,optimizer-B
50,20,10|6|5|1|3|9|4|0|2|8|11|7,0.75,2,C02,optimizer-A,3,C03,optimizer-A
50,21,0|8|3|5|9|7|11|6|1|2|10|4,0.75,2,C02,optimizer-A,8,C08,optimizer-B
50,22,10|5|11|1|4|9|6|7|8|0|2|3,0.75,2,C02,optimizer-A,9,C09,optimizer-B
50,23,4|8|10|7|6|1|5|2|11|3|0|9,0.75,2,C02,optimizer-A,8,C08,optimizer-B
50,24,7|8|6|0|1|9|2|3|11|10|4|5,0.75,2,C02,optimizer-A,8,C08,optimizer-B
51,0,2|3|1|10|6|7|0|8|4|5|9|11,0.75,3,C03,optimizer-A,3,C03,optimizer-A
51,1,0|5|11|3|2|8|10|7|6|9|1|4,0.75,3,C03,optimizer-A,3,C03,optimizer-A
51,2,11|5|2|4|0|7|6|10|1|9|3|8,0.75,3,C03,optimizer-A,4,C04,optimizer-A
51,3,4|8|0|3|5|1|10|7|2|11|6|9,0.75,3,C03,optimizer-A,4,C04,optimizer-A
51,4,7|6|0|4|9|10|1|11|2|3|8|5,0.75,3,C03,optimizer-A,4,C04,optimizer-A
51,5,0|1|8|10|5|4|7|3|2|11|9|6,0.75,3,C03,optimizer-A,10,C10,optimizer-B
51,6,6|9|7|10|5|2|3|8|11|1|4|0,0.75,3,C03,optimizer-A,9,C09,optimizer-B
51,7,1|6|3|9|10|11|5|8|2|4|0|7,0.75,3,C03,optimizer-A,3,C03,optimizer-A
51,8,5|2|1|8|6|9|0|10|7|11|3|4,0.75,3,C03,optimizer-A,9,C09,optimizer-B
51,9,0|10|5|2|3|11|4|9|1|8|7|6,0.75,3,C03,optimizer-A,10,C10,optimizer-B
51,10,7|3|9|11|6|2|10|1|5|4|8|0,0.75,3,C03,optimizer-A,3,C03,optimizer-A
51,11,3|5|8|1|0|11|10|9|4|6|2|7,0.75,3,C03,optimizer-A,3,C03,optimizer-A
51,12,6|4|8|7|5|11|3|2|9|0|1|10,0.75,3,C03,optimizer-A,4,C04,optimizer-A
51,13,5|1|0|8|10|3|2|6|11|9|7|4,0.75,3,C03,optimizer-A,10,C10,optimizer-B
51,14,8|10|3|5|1|9|4|0|11|7|6|2,0.75,3,C03,optimizer-A,10,C10,optimizer-B
51,15,0|8|6|7|11|2|9|3|1|10|5|4,0.75,3,C03,optimizer-A,9,C09,optimizer-B
51,16,8|9|2|10|4|7|6|11|1|0|5|3,0.75,3,C03,optimizer-A,9,C09,optimizer-B
51,17,7|1|6|4|0|10|11|9|5|8|3|2,0.75,3,C03,optimizer-A,4,C04,optimizer-A
51,18,10|3|5|8|4|9|2|1|6|0|11|7,0.75,3,C03,optimizer-A,10,C10,optimizer-B
51,19,9|5|3|8|11|7|0|10|1|2|4|6,0.75,3,C03,optimizer-A,9,C09,optimizer-B
51,20,10|6|5|1|3|9|4|0|2|8|11|7,0.75,3,C03,optimizer-A,10,C10,optimizer-B
51,21,0|8|3|5|9|7|11|6|1|2|10|4,0.75,3,C03,optimizer-A,3,C03,optimizer-A
51,22,10|5|11|1|4|9|6|7|8|0|2|3,0.75,3,C03,optimizer-A,10,C10,optimizer-B
51,23,4|8|10|7|6|1|5|2|11|3|0|9,0.75,3,C03,optimizer-A,4,C04,optimizer-A
51,24,7|8|6|0|1|9|2|3|11|10|4|5,0.75,3,C03,optimizer-A,9,C09,optimizer-B
52,0,2|3|1|10|6|7|0|8|4|5|9|11,0.75,4,C04,optimizer-A,10,C10,optimizer-B
52,1,0|5|11|3|2|8|10|7|6|9|1|4,0.75,4,C04,optimizer-A,5,C05,optimizer-A
52,2,11|5|2|4|0|7|6|10|1|9|3|8,0.75,4,C04,optimizer-A,11,C11,optimizer-B
52,3,4|8|0|3|5|1|10|7|2|11|6|9,0.75,4,C04,optimizer-A,4,C04,optimizer-A
52,4,7|6|0|4|9|10|1|11|2|3|8|5,0.75,4,C04,optimizer-A,4,C04,optimizer-A
52,5,0|1|8|10|5|4|7|3|2|11|9|6,0.75,4,C04,optimizer-A,10,C10,optimizer-B
52,6,6|9|7|10|5|2|3|8|11|1|4|0,0.75,4,C04,optimizer-A,10,C10,optimizer-B
52,7,1|6|3|9|10|11|5|8|2|4|0|7,0.75,4,C04,optimizer-A,10,C10,optimizer-B
52,8,5|2|1|8|6|9|0|10|7|11|3|4,0.75,4,C04,optimizer-A,5,C05,optimizer-A
52,9,0|10|5|2|3|11|4|9|1|8|7|6,0.75,4,C04,optimizer-A,10,C10,optimizer-B
52,10,7|3|9|11|6|2|10|1|5|4|8|0,0.75,4,C04,optimizer-A,11,C11,optimizer-B
52,11,3|5|8|1|0|11|10|9|4|6|2|7,0.75,4,C04,optimizer-A,5,C05,optimizer-A
52,12,6|4|8|7|5|11|3|2|9|0|1|10,0.75,4,C04,optimizer-A,4,C04,optimizer-A
52,13,5|1|0|8|10|3|2|6|11|9|7|4,0.75,4,C04,optimizer-A,5,C05,optimizer-A
52,14,8|10|3|5|1|9|4|0|11|7|6|2,0.75,4,C04,optimizer-A,10,C10,optimizer-B
52,15,0|8|6|7|11|2|9|3|1|10|5|4,0.75,4,C04,optimizer-A,11,C11,optimizer-B
52,16,8|9|2|10|4|7|6|11|1|0|5|3,0.75,4,C04,optimizer-A,10,C10,optimizer-B
52,17,7|1|6|4|0|10|11|9|5|8|3|2,0.75,4,C04,optimizer-A,4,C04,optimizer-A
52,18,10|3|5|8|4|9|2|1|6|0|11|7,0.75,4,C04,optimizer-A,10,C10,optimizer-B
52,19,9|5|3|8|11|7|0|10|1|2|4|6,0.75,4,C04,optimizer-A,5,C05,optimizer-A
52,20,10|6|5|1|3|9|4|0|2|8|11|7,0.75,4,C04,optimizer-A,10,C10,optimizer-B
52,21,0|8|3|5|9|7|11|6|1|2|10|4,0.75,4,C04,optimizer-A,5,C05,optimizer-A
52,22,10|5|11|1|4|9|6|7|8|0|2|3,0.75,4,C04,optimizer-A,10,C10,optimizer-B
52,23,4|8|10|7|6|1|5|2|11|3|0|9,0.75,4,C04,optimizer-A,4,C04,optimizer-A
52,24,7|8|6|0|1|9|2|3|11|10|4|5,0.75,4,C04,optimizer-A,11,C11,optimizer-B
53,0,2|3|1|10|6|7|0|8|4|5|9|11,0.75,0,C00,optimizer-A,6,C06,optimizer-B
53,1,0|5|11|3|2|8|10|7|6|9|1|4,0.75,0,C00,optimizer-A,0,C00,optimizer-A
53,2,11|5|2|4|0|7|6|10|1|9|3|8,0.75,0,C00,optimizer-A,11,C11,optimizer-B
53,3,4|8|0|3|5|1|10|7|2|11|6|9,0.75,0,C00,optimizer-A,0,C00,optimizer-A
53,4,7|6|0|4|9|10|1|11|2|3|8|5,0.75,0,C00,optimizer-A,6,C06,optimizer-B
53,5,0|1|8|10|5|4|7|3|2|11|9|6,0.75,0,C00,optimizer-A,0,C00,optimizer-A
53,6,6|9|7|10|5|2|3|8|11|1|4|0,0.75,0,C00,optimizer-A,6,C06,optimizer-B
53,7,1|6|3|9|10|11|5|8|2|4|0|7,0.75,0,C00,optimizer-A,6,C06,optimizer-B
53,8,5|2|1|8|6|9|0|10|7|11|3|4,0.75,0,C00,optimizer-A,5,C05,optimizer-A
53,9,0|10|5|2|3|11|4|9|1|8|7|6,0.75,0,C00,optimizer-A,0,C00,optimizer-A
53,10,7|3|9|11|6|2|10|1|5|4|8|0,0.75,0,C00,optimizer-A,11,C11,optimizer-B
53,11,3|5|8|1|0|11|10|9|4|6|2|7,0.75,0,C00,optimizer-A,5,C05,optimizer-A
53,12,6|4|8|7|5|11|3|2|9|0|1|10,0.75,0,C00,optimizer-A,6,C06,optimizer-B
53,13,5|1|0|8|10|3|2|6|11|9|7|4,0.75,0,C00,optimizer-A,5,C05,optimizer-A
53,14,8|10|3|5|1|9|4|0|11|7|6|2,0.75,0,C00,optimizer-A,5,C05,optimizer-A
53,15,0|8|6|7|11|2|9|3|1|10|5|4,0.75,0,C00,optimizer-A,0,C00,optimizer-A
53,16,8|9|2|10|4|7|6|11|1|0|5|3,0.75,0,C00,optimizer-A,6,C06,optimizer-B
53,17,7|1|6|4|0|10|11|9|5|8|3|2,0.75,0,C00,optimizer-A,6,C06,optimizer-B
53,18,10|3|5|8|4|9|2|1|6|0|11|7,0.75,0,C00,optimizer-A,5,C05,optimizer-A
53,19,9|5|3|8|11|7|0|10|1|2|4|6,0.75,0,C00,optimizer-A,5,C05,optimizer-A
53,20,10|6|5|1|3|9|4|0|2|8|11|7,0.75,0,C00,optimizer-A,6,C06,optimizer-B
53,21,0|8|3|5|9|7|11|6|1|2|10|4,0.75,0,C00,optimizer-A,0,C00,optimizer-A
53,22,10|5|11|1|4|9|6|7|8|0|2|3,0.75,0,C00,optimizer-A,5,C05,optimizer-A
53,23,4|8|10|7|6|1|5|2|11|3|0|9,0.75,0,C00,optimizer-A,6,C06,optimizer-B
53,24,7|8|6|0|1|9|2|3|11|10|4|5,0.75,0,C00,optimizer-A,6,C06,optimizer-B
54,0,2|3|1|10|6|7|0|8|4|5|9|11,0.75,0,C00,optimizer-A,1,C01,optimizer-A
54,1,0|5|11|3|2|8|10|7|6|9|1|4,0.75,0,C00,optimizer-A,0,C00,optimizer-A
54,2,11|5|2|4|0|7|6|10|1|9|3|8,0.75,0,C00,optimizer-A,0,C00,optimizer-A
54,3,4|8|0|3|5|1|10|7|2|11|6|9,0.75,0,C00,optimizer-A,0,C00,optimizer-A
54,4,7|6|0|4|9|10|1|11|2|3|8|5,0.75,0,C00,optimizer-A,7,C07,optimizer-B
54,5,0|1|8|10|5|4|7|3|2|11|9|6,0.75,0,C00,optimizer-A,0,C00,optimizer-A
54,6,6|9|7|10|5|2|3|8|11|1|4|0,0.75,0,C00,optimizer-A,6,C06,optimizer-B
54,7,1|6|3|9|10|11|5|8|2|4|0|7,0.75,0,C00,optimizer-A,1,C01,optimizer-A
54,8,5|2|1|8|6|9|0|10|7|11|3|4,0.75,0,C00,optimizer-A,1,C01,optimizer-A
54,9,0|10|5|2|3|11|4|9|1|8|7|6,0.75,0,C00,optimizer-A,0,C00,optimizer-A
54,10,7|3|9|11|6|2|10|1|5|4|8|0,0.75,0,C00,optimizer-A,7,C07,optimizer-B
54,11,3|5|8|1|0|11|10|9|4|6|2|7,0.75,0,C00,optimizer-A,1,C01,optimizer-A
54,12,6|4|8|7|5|11|3|2|9|0|1|10,0.75,0,C00,optimizer-A,6,C06,optimizer-B
54,13,5|1|0|8|10|3|2|6|11|9|7|4,0.75,0,C00,optimizer-A,1,C01,optimizer-A
54,14,8|10|3|5|1|9|4|0|11|7|6|2,0.75,0,C00,optimizer-A,1,C01,optimizer-A
54,15,0|8|6|7|11|2|9|3|1|10|5|4,0.75,0,C00,optimizer-A,0,C00,optimizer-A
54,16,8|9|2|10|4|7|6|11|1|0|5|3,0.75,0,C00,optimizer-A,7,C07,optimizer-B
54,17,7|1|6|4|0|10|11|9|5|8|3|2,0.75,0,C00,optimizer-A,7,C07,optimizer-B
54,18,10|3|5|8|4|9|2|1|6|0|11|7,0.75,0,C00,optimizer-A,1,C01,optimizer-A
54,19,9|5|3|8|11|7|0|10|1|2|4|6,0.75,0,C00,optimizer-A,7,C07,optimizer-B
54,20,10|6|5|1|3|9|4|0|2|8|11|7,0.75,0,C00,optimizer-A,6,C06,optimizer-B
54,21,0|8|3|5|9|7|11|6|1|2|10|4,0.75,0,C00,optimizer-A,0,C00,optimizer-A
54,22,10|5|11|1|4|9|6|7|8|0|2|3,0.75,0,C00,optimizer-A,1,C01,optimizer-A
54,23,4|8|10|7|6|1|5|2|11|3|0|9,0.75,0,C00,optimizer-A,7,C07,optimizer-B
54,24,7|8|6|0|1|9|2|3|11|10|4|5,0.75,0,C00,optimizer-A,7,C07,optimizer-B
55,0,2|3|1|10|6|7|0|8|4|5|9|11,0.75,1,C01,optimizer-A,2,C02,optimizer-A
55,1,0|5|11|3|2|8|10|7|6|9|1|4,0.75,1,C01,optimizer-A,2,C02,optimizer-A
55,2,11|5|2|4|0|7|6|10|1|9|3|8,0.75,1,C01,optimizer-A,2,C02,optimizer-A
55,3,4|8|0|3|5|1|10|7|2|11|6|9,0.75,1,C01,optimizer-A,8,C08,optimizer-B
55,4,7|6|0|4|9|10|1|11|2|3|8|5,0.75,1,C01,optimizer-A,7,C07,optimizer-B
55,5,0|1|8|10|5|4|7|3|2|11|9|6,0.75,1,C01,optimizer-A,1,C01,optimizer-A
55,6,6|9|7|10|5|2|3|8|11|1|4|0,0.75,1,C01,optimizer-A,7,C07,optimizer-B
55,7,1|6|3|9|10|11|5|8|2|4|0|7,0.75,1,C01,optimizer-A,1,C01,optimizer-A
55,8,5|2|1|8|6|9|0|10|7|11|3|4,0.75,1,C01,optimizer-A,2,C02,optimizer-A
55,9,0|10|5|2|3|11|4|9|1|8|7|6,0.75,1,C01,optimizer-A,2,C02,optimizer-A
55,10,7|3|9|11|6|2|10|1|5|4|8|0,0.75,1,C01,optimizer-A,7,C07,optimizer-B
55,11,3|5|8|1|0|11|10|9|4|6|2|7,0.75,1,C01,optimizer-A,8,C08,optimizer-B
55,12,6|4|8|7|5|11|3|2|9|0|1|10,0.75,1,C01,optimizer-A,8,C08,optimizer-B
55,13,5|1|0|8|10|3|2|6|11|9|7|4,0.75,1,C01,optimizer-A,1,C01,optimizer-A
55,14,8|10|3|5|1|9|4|0|11|7|6|2,0.75,1,C01,optimizer-A,8,C08,optimizer-B
55,15,0|8|6|7|11|2|9|3|1|10|5|4,0.75,1,C01,optimizer-A,8,C08,optimizer-B
55,16,8|9|2|10|4|7|6|11|1|0|5|3,0.75,1,C01,optimizer-A,8,C08,optimizer-B
55,17,7|1|6|4|0|10|11|9|5|8|3|2,0.75,1,C01,optimizer-A,7,C07,optimizer-B
55,18,10|3|5|8|4|9|2|1|6|0|11|7,0.75,1,C01,optimizer-A,8,C08,optimizer-B
55,19,9|5|3|8|11|7|0|10|1|2|4|6,0.75,1,C01,optimizer-A,8,C08,optimizer-B
55,20,10|6|5|1|3|9|4|0|2|8|11|7,0.75,1,C01,optimizer-A,1,C01,optimizer-A
55,21,0|8|3|5|9|7|11|6|1|2|10|4,0.75,1,C01,optimizer-A,8,C08,optimizer-B
55,22,10|5|11|1|4|9|6|7|8|0|2|3,0.75,1,C01,optimizer-A,1,C01,optimizer-A
55,23,4|8|10|7|6|1|5|2|11|3|0|9,0.75,1,C01,optimizer-A,8,C08,optimizer-B
55,24,7|8|6|0|1|9|2|3|11|10|4|5,0.75,1,C01,optimizer-A,7,C07,optimizer-B
56,0,2|3|1|10|6|7|0|8|4|5|9|11,0.75,2,C02,optimizer-A,2,C02,optimizer-A
56,1,0|5|11|3|2|8|10|7|6|9|1|4,0.75,2,C02,optimizer-A,3,C03,optimizer-A
56,2,11|5|2|4|0|7|6|10|1|9|3|8,0.75,2,C02,optimizer-A,2,C02,optimizer-A
56,3,4|8|0|3|5|1|10|7|2|11|6|9,0.75,2,C02,optimizer-A,8,C08,optimizer-B
56,4,7|6|0|4|9|10|1|11|2|3|8|5,0.75,2,C02,optimizer-A,9,C09,optimizer-B
56,5,0|1|8|10|5|4|7|3|2|11|9|6,0.75,2,C02,optimizer-A,8,C08,optimizer-B
56,6,6|9|7|10|5|2|3|8|11|1|4|0,0.75,2,C02,optimizer-A,9,C09,optimizer-B
56,7,1|6|3|9|10|11|5|8|2|4|0|7,0.75,2,C02,optimizer-A,3,C03,optimizer-A
56,8,5|2|1|8|6|9|0|10|7|11|3|4,0.75,2,C02,optimizer-A,2,C02,optimizer-A
56,9,0|10|5|2|3|11|4|9|1|8|7|6,0.75,2,C02,optimizer-A,2,C02,optimizer-A
56,10,7|3|9|11|6|2|10|1|5|4|8|0,0.75,2,C02,optimizer-A,3,C03,optimizer-A
56,11,3|5|8|1|0|11|10|9|4|6|2|7,0.75,2,C02,optimizer-A,3,C03,optimizer-A
56,12,6|4|8|7|5|11|3|2|9|0|1|10,0.75,2,C02,optimizer-A,8,C08,optimizer-B
56,13,5|1|0|8|10|3|2|6|11|9|7|4,0.75,2,C02,optimizer-A,8,C08,optimizer-B
56,14,8|10|3|5|1|9|4|0|11|7|6|2,0.75,2,C02,optimizer-A,8,C08,optimizer-B
56,15,0|8|6|7|11|2|9|3|1|10|5|4,0.75,2,C02,optimizer-A,8,C08,optimizer-B
56,16,8|9|2|10|4|7|6|11|1|0|5|3,0.75,2,C02,optimizer-A,8,C08,optimizer-B
56,17,7|1|6|4|0|10|11|9|5|8|3|2,0.75,2,C02,optimizer-A,9,C09,optimizer-B
56,18,10|3|5|8|4|9|2|1|6|0|11|7,0.75,2,C02,optimizer-A,3,C03,optimizer-A
56,19,9|5|3|8|11|7|0|10|1|2|4|6,0.75,2,C02,optimizer-A,9,C09,optimizer-B
56,20,10|6|5|1|3|9|4|0|2|8|11|7,0.75,2,C02,optimizer-A,3,C03,optimizer-A
56,21,0|8|3|5|9|7|11|6|1|2|10|4,0.75,2,C02,optimizer-A,8,C08,optimizer-B
56,22,10|5|11|1|4|9|6|7|8|0|2|3,0.75,2,C02,optimizer-A,9,C09,optimizer-B
56,23,4|8|10|7|6|1|5|2|11|3|0|9,0.75,2,C02,optimizer-A,8,C08,optimizer-B
56,24,7|8|6|0|1|9|2|3|11|10|4|5,0.75,2,C02,optimizer-A,8,C08,optimizer-B
57,0,2|3|1|10|6|7|0|8|4|5|9|11,0.75,3,C03,optimizer-A,3,C03,optimizer-A
57,1,0|5|11|3|2|8|10|7|6|9|1|4,0.75,3,C03,optimizer-A,3,C03,optimizer-A
57,2,11|5|2|4|0|7|6|10|1|9|3|8,0.75,3,C03,optimizer-A,4,C04,optimizer-A
57,3,4|8|0|3|5|1|10|7|2|11|6|9,0.75,3,C03,optimizer-A,4,C04,optimizer-A
57,4,7|6|0|4|9|10|1|11|2|3|8|5,0.75,3,C03,optimizer-A,4,C04,optimizer-A
57,5,0|1|8|10|5|4|7|3|2|11|9|6,0.75,3,C03,optimizer-A,10,C10,optimizer-B
57,6,6|9|7|10|5|2|3|8|11|1|4|0,0.75,3,C03,optimizer-A,9,C09,optimizer-B
57,7,1|6|3|9|10|11|5|8|2|4|0|7,0.75,3,C03,optimizer-A,3,C03,optimizer-A
57,8,5|2|1|8|6|9|0|10|7|11|3|4,0.75,3,C03,optimizer-A,9,C09,optimizer-B
57,9,0|10|5|2|3|11|4|9|1|8|7|6,0.75,3,C03,optimizer-A,10,C10,optimizer-B
57,10,7|3|9|11|6|2|10|1|5|4|8|0,0.75,3,C03,optimizer-A,3,C03,optimizer-A
57,11,3|5|8|1|0|11|10|9|4|6|2|7,0.75,3,C03,optimizer-A,3,C03,optimizer-A
57,12,6|4|8|7|5|11|3|2|9|0|1|10,0.75,3,C03,optimizer-A,4,C04,optimizer-A
57,13,5|1|0|8|10|3|2|6|11|9|7|4,0.75,3,C03,optimizer-A,10,C10,optimizer-B
57,14,8|10|3|5|1|9|4|0|11|7|6|2,0.75,3,C03,optimizer-A,10,C10,optimizer-B
57,15,0|8|6|7|11|2|9|3|1|10|5|4,0.75,3,C03,optimizer-A,9,C09,optimizer-B
57,16,8|9|2|10|4|7|6|11|1|0|5|3,0.75,3,C03,optimizer-A,9,C09,optimizer-B
57,17,7|1|6|4|0|10|11|9|5|8|3|2,0.75,3,C03,optimizer-A,4,C04,optimizer-A
57,18,10|3|5|8|4|9|2|1|6|0|11|7,0.75,3,C03,optimizer-A,10,C10,optimizer-B
57,19,9|5|3|8|11|7|0|10|1|2|4|6,0.75,3,C03,optimizer-A,9,C09,optimizer-B
57,20,10|6|5|1|3|9|4|0|2|8|11|7,0.75,3,C03,optimizer-A,10,C10,optimizer-B
57,21,0|8|3|5|9|7|11|6|1|2|10|4,0.75,3,C03,optimizer-A,3,C03,optimizer-A
57,22,10|5|11|1|4|9|6|7|8|0|2|3,0.75,3,C03,optimizer-A,10,C10,optimizer-B
57,23,4|8|10|7|6|1|5|2|11|3|0|9,0.75,3,C03,optimizer-A,4,C04,optimizer-A
57,24,7|8|6|0|1|9|2|3|11|10|4|5,0.75,3,C03,optimizer-A,9,C09,optimizer-B
58,0,2|3|1|10|6|7|0|8|4|5|9|11,0.75,4,C04,optimizer-A,10,C10,optimizer-B
58,1,0|5|11|3|2|8|10|7|6|9|1|4,0.75,4,C04,optimizer-A,5,C05,optimizer-A
58,2,11|5|2|4|0|7|6|10|1|9|3|8,0.75,4,C04,optimizer-A,11,C11,optimizer-B
58,3,4|8|0|3|5|1|10|7|2|11|6|9,0.75,4,C04,optimizer-A,4,C04,optimizer-A
58,4,7|6|0|4|9|10|1|11|2|3|8|5,0.75,4,C04,optimizer-A,4,C04,optimizer-A
58,5,0|1|8|10|5|4|7|3|2|11|9|6,0.75,4,C04,optimizer-A,10,C10,optimizer-B
58,6,6|9|7|10|5|2|3|8|11|1|4|0,0.75,4,C04,optimizer-A,10,C10,optimizer-B
58,7,1|6|3|9|10|11|5|8|2|4|0|7,0.75,4,C04,optimizer-A,10,C10,optimizer-B
58,8,5|2|1|8|6|9|0|10|7|11|3|4,0.75,4,C04,optimizer-A,5,C05,optimizer-A
58,9,0|10|5|2|3|11|4|9|1|8|7|6,0.75,4,C04,optimizer-A,10,C10,optimizer-B
58,10,7|3|9|11|6|2|10|1|5|4|8|0,0.75,4,C04,optimizer-A,11,C11,optimizer-B
58,11,3|5|8|1|0|11|10|9|4|6|2|7,0.75,4,C04,optimizer-A,5,C05,optimizer-A
58,12,6|4|8|7|5|11|3|2|9|0|1|10,0.75,4,C04,optimizer-A,4,C04,optimizer-A
58,13,5|1|0|8|10|3|2|6|11|9|7|4,0.75,4,C04,optimizer-A,5,C05,optimizer-A
58,14,8|10|3|5|1|9|4|0|11|7|6|2,0.75,4,C04,optimizer-A,10,C10,optimizer-B
58,15,0|8|6|7|11|2|9|3|1|10|5|4,0.75,4,C04,optimizer-A,11,C11,optimizer-B
58,16,8|9|2|10|4|7|6|11|1|0|5|3,0.75,4,C04,optimizer-A,10,C10,optimizer-B
58,17,7|1|6|4|0|10|11|9|5|8|3|2,0.75,4,C04,optimizer-A,4,C04,optimizer-A
58,18,10|3|5|8|4|9|2|1|6|0|11|7,0.75,4,C04,optimizer-A,10,C10,optimizer-B
58,19,9|5|3|8|11|7|0|10|1|2|4|6,0.75,4,C04,optimizer-A,5,C05,optimizer-A
58,20,10|6|5|1|3|9|4|0|2|8|11|7,0.75,4,C04,optimizer-A,10,C10,optimizer-B
58,21,0|8|3|5|9|7|11|6|1|2|10|4,0.75,4,C04,optimizer-A,5,C05,optimizer-A
58,22,10|5|11|1|4|9|6|7|8|0|2|3,0.75,4,C04,optimizer-A,10,C10,optimizer-B
58,23,4|8|10|7|6|1|5|2|11|3|0|9,0.75,4,C04,optimizer-A,4,C04,optimizer-A
58,24,7|8|6|0|1|9|2|3|11|10|4|5,0.75,4,C04,optimizer-A,11,C11,optimizer-B
59,0,2|3|1|10|6|7|0|8|4|5|9|11,0.75,0,C00,optimizer-A,6,C06,optimizer-B
59,1,0|5|11|3|2|8|10|7|6|9|1|4,0.75,0,C00,optimizer-A,0,C00,optimizer-A
59,2,11|5|2|4|0|7|6|10|1|9|3|8,0.75,0,C00,optimizer-A,11,C11,optimizer-B
59,3,4|8|0|3|5|1|10|7|2|11|6|9,0.75,0,C00,optimizer-A,0,C00,optimizer-A
59,4,7|6|0|4|9|10|1|11|2|3|8|5,0.75,0,C00,optimizer-A,6,C06,optimizer-B
59,5,0|1|8|10|5|4|7|3|2|11|9|6,0.75,0,C00,optimizer-A,0,C00,optimizer-A
59,6,6|9|7|10|5|2|3|8|11|1|4|0,0.75,0,C00,optimizer-A,6,C06,optimizer-B
59,7,1|6|3|9|10|11|5|8|2|4|0|7,0.75,0,C00,optimizer-A,6,C06,optimizer-B
59,8,5|2|1|8|6|9|0|10|7|11|3|4,0.75,0,C00,optimizer-A,5,C05,optimizer-A
59,9,0|10|5|2|3|11|4|9|1|8|7|6,0.75,0,C00,optimizer-A,0,C00,optimizer-A
59,10,7|3|9|11|6|2|10|1|5|4|8|0,0.75,0,C00,optimizer-A,11,C11,optimizer-B
59,11,3|5|8|1|0|11|10|9|4|6|2|7,0.75,0,C00,optimizer-A,5,C05,optimizer-A
59,12,6|4|8|7|5|11|3|2|9|0|1|10,0.75,0,C00,optimizer-A,6,C06,optimizer-B
59,13,5|1|0|8|10|3|2|6|11|9|7|4,0.75,0,C00,optimizer-A,5,C05,optimizer-A
59,14,8|10|3|5|1|9|4|0|11|7|6|2,0.75,0,C00,optimizer-A,5,C05,optimizer-A
59,15,0|8|6|7|11|2|9|3|1|10|5|4,0.75,0,C00,optimizer-A,0,C00,optimizer-A
59,16,8|9|2|10|4|7|6|11|1|0|5|3,0.75,0,C00,optimizer-A,6,C06,optimizer-B
59,17,7|1|6|4|0|10|11|9|5|8|3|2,0.75,0,C00,optimizer-A,6,C06,optimizer-B
59,18,10|3|5|8|4|9|2|1|6|0|11|7,0.75,0,C00,optimizer-A,5,C05,optimizer-A
59,19,9|5|3|8|11|7|0|10|1|2|4|6,0.75,0,C00,optimizer-A,5,C05,optimizer-A
59,20,10|6|5|1|3|9|4|0|2|8|11|7,0.75,0,C00,optimizer-A,6,C06,optimizer-B
59,21,0|8|3|5|9|7|11|6|1|2|10|4,0.75,0,C00,optimizer-A,0,C00,optimizer-A
59,22,10|5|11|1|4|9|6|7|8|0|2|3,0.75,0,C00,optimizer-A,5,C05,optimizer-A
59,23,4|8|10|7|6|1|5|2|11|3|0|9,0.75,0,C00,optimizer-A,6,C06,optimizer-B
59,24,7|8|6|0|1|9|2|3|11|10|4|5,0.75,0,C00,optimizer-A,6,C06,optimizer-B
