configuration,seed,step,train_accuracy,train_cross_entropy,test_accuracy,centered_logit_rms,total_parameter_norm
"A(p=17,f=0.40,h=128,lr=0.01,wd=1.0,max=40000)",11,0,0.043478260869565216,2.836169719696045,0.034482758620689655,0.019605228677392006,9.539237201973625
"A(p=17,f=0.40,h=128,lr=0.01,wd=1.0,max=40000)",11,20,1.0,0.3380544185638428,0.0,2.3965272903442383,21.76413436485804
"A(p=17,f=0.40,h=128,lr=0.01,wd=1.0,max=40000)",11,40,1.0,0.0028298282995820045,0.0,4.866635322570801,29.05050950235089
"A(p=17,f=0.40,h=128,lr=0.01,wd=1.0,max=40000)",11,60,1.0,0.009777444414794445,0.0,3.690608263015747,26.640569431737134
"A(p=17,f=0.40,h=128,lr=0.01,wd=1.0,max=40000)",11,80,1.0,0.016827676445245743,0.0,3.1276116371154785,25.02260310375338
"A(p=17,f=0.40,h=128,lr=0.01,wd=1.0,max=40000)",11,100,1.0,0.008872102946043015,0.0,3.1952643394470215,25.246990159531745
"A(p=17,f=0.40,h=128,lr=0.01,wd=1.0,max=40000)",11,120,1.0,0.007172754500061274,0.0,3.1275484561920166,25.131954624886646
"A(p=17,f=0.40,h=128,lr=0.01,wd=1.0,max=40000)",11,140,1.0,0.005451276432722807,0.0,3.13678240776062,25.185132172880273
"A(p=17,f=0.40,h=128,lr=0.01,wd=1.0,max=40000)",11,160,1.0,0.004185415804386139,0.0,3.1709470748901367,25.293057883292498
"A(p=17,f=0.40,h=128,lr=0.01,wd=1.0,max=40000)",11,180,1.0,0.0032895056065171957,0.0,3.215667724609375,25.414381375015843
"A(p=17,f=0.40,h=128,lr=0.01,wd=1.0,max=40000)",11,200,1.0,0.0025983976665884256,0.0,3.2745718955993652,25.56032195521192
"A(p=17,f=0.40,h=128,lr=0.01,wd=1.0,max=40000)",11,220,1.0,0.002065051579847932,0.0,3.3397834300994873,25.714808603522975
"A(p=17,f=0.40,h=128,lr=0.01,wd=1.0,max=40000)",11,240,1.0,0.0016610503662377596,0.0,3.4070334434509277,25.872585258008044
"A(p=17,f=0.40,h=128,lr=0.01,wd=1.0,max=40000)",11,260,1.0,0.0013386351056396961,0.0,3.47613263130188,26.037642912203676
"A(p=17,f=0.40,h=128,lr=0.01,wd=1.0,max=40000)",11,280,1.0,0.0010846852092072368,0.0,3.5479776859283447,26.202951218520163
"A(p=17,f=0.40,h=128,lr=0.01,wd=1.0,max=40000)",11,300,1.0,0.0008792545995675027,0.0,3.6236958503723145,26.366459395718252
"A(p=17,f=0.40,h=128,lr=0.01,wd=1.0,max=40000)",11,320,1.0,0.0007158919470384717,0.0,3.689934492111206,26.52280977202695
"A(p=17,f=0.40,h=128,lr=0.01,wd=1.0,max=40000)",11,340,1.0,0.0005844863480888307,0.0,3.7515499591827393,26.67849759952331
"A(p=17,f=0.40,h=128,lr=0.01,wd=1.0,max=40000)",11,360,1.0,0.0004773530818056315,0.0,3.8160383701324463,26.83381270518647
"A(p=17,f=0.40,h=128,lr=0.01,wd=1.0,max=40000)",11,380,1.0,0.00039025270962156355,0.0,3.883321762084961,26.986439253728324
"A(p=17,f=0.40,h=128,lr=0.01,wd=1.0,max=40000)",11,400,1.0,0.00031929262331686914,0.0,3.9484751224517822,27.135585287607178
"A(p=17,f=0.40,h=128,lr=0.01,wd=1.0,max=40000)",11,420,1.0,0.0002612128446344286,0.0,4.011307716369629,27.282622966136042
"A(p=17,f=0.40,h=128,lr=0.01,wd=1.0,max=40000)",11,440,1.0,0.00021425409067887813,0.0,4.071697235107422,27.426973067176633
"A(p=17,f=0.40,h=128,lr=0.01,wd=1.0,max=40000)",11,460,1.0,0.00017566823225934058,0.0,4.13394021987915,27.574569300974055
"A(p=17,f=0.40,h=128,lr=0.01,wd=1.0,max=40000)",11,480,1.0,0.00014392862794920802,0.0,4.198208332061768,27.720278467451244
"A(p=17,f=0.40,h=128,lr=0.01,wd=1.0,max=40000)",11,500,1.0,0.00011793732119258493,0.0,4.261858940124512,27.862687634412698
"A(p=17,f=0.40,h=128,lr=0.01,wd=1.0,max=40000)",11,520,1.0,9.689251601230353e-05,0.0,4.321900367736816,28.002973501934953
"A(p=17,f=0.40,h=128,lr=0.01,wd=1.0,max=40000)",11,540,1.0,7.94833613326773e-05,0.0,4.378098964691162,28.145781388872063
"A(p=17,f=0.40,h=128,lr=0.01,wd=1.0,max=40000)",11,560,1.0,6.525292701553553e-05,0.0,4.433450698852539,28.28609825796655
"A(p=17,f=0.40,h=128,lr=0.01,wd=1.0,max=40000)",11,580,1.0,5.36022380401846e-05,0.0,4.488570690155029,28.423600189939407
"A(p=17,f=0.40,h=128,lr=0.01,wd=1.0,max=40000)",11,600,1.0,4.4107458961661905e-05,0.0,4.543263912200928,28.560219129563325
"A(p=17,f=0.40,h=128,lr=0.01,wd=1.0,max=40000)",11,620,1.0,3.62461905751843e-05,0.0,4.598432540893555,28.697074984378606
"A(p=17,f=0.40,h=128,lr=0.01,wd=1.0,max=40000)",11,640,1.0,2.9838136470061727e-05,0.0,4.6523966789245605,28.83226729941115
"A(p=17,f=0.40,h=128,lr=0.01,wd=1.0,max=40000)",11,660,1.0,2.4558867153245956e-05,0.0,4.705855369567871,28.965735080309667
"A(p=17,f=0.40,h=128,lr=0.01,wd=1.0,max=40000)",11,680,1.0,2.0239447621861473e-05,0.0,4.758768558502197,29.09668098948905
"A(p=17,f=0.40,h=128,lr=0.01,wd=1.0,max=40000)",11,700,1.0,1.6679827240295708e-05,0.0,4.811922073364258,29.22401611496537
"A(p=17,f=0.40,h=128,lr=0.01,wd=1.0,max=40000)",11,720,1.0,1.3750433026871178e-05,0.0,4.863431453704834,29.347614368707667
"A(p=17,f=0.40,h=128,lr=0.01,wd=1.0,max=40000)",11,740,1.0,1.1366279068170115e-05,0.0,4.914328575134277,29.466388339878208
"A(p=17,f=0.40,h=128,lr=0.01,wd=1.0,max=40000)",11,760,1.0,9.395718734594993e-06,0.0,4.968326568603516,29.579186249099443
"A(p=17,f=0.40,h=128,lr=0.01,wd=1.0,max=40000)",11,780,1.0,7.779670340823941e-06,0.0,5.020451068878174,29.68401722634126
"A(p=17,f=0.40,h=128,lr=0.01,wd=1.0,max=40000)",11,800,1.0,6.436242983909324e-06,0.0,5.0756144523620605,29.782000527034338
"A(p=17,f=0.40,h=128,lr=0.01,wd=1.0,max=40000)",11,820,1.0,5.333305125532206e-06,0.0,5.130666732788086,29.86520241954695
"A(p=17,f=0.40,h=128,lr=0.01,wd=1.0,max=40000)",11,840,1.0,4.426282430358697e-06,0.0,5.185564041137695,29.934174714016677
"A(p=17,f=0.40,h=128,lr=0.01,wd=1.0,max=40000)",11,860,1.0,3.69548092749028e-06,0.0,5.240911960601807,29.989110235844674
"A(p=17,f=0.40,h=128,lr=0.01,wd=1.0,max=40000)",11,880,1.0,3.0787043669988634e-06,0.0,5.293359756469727,30.030896004553938
"A(p=17,f=0.40,h=128,lr=0.01,wd=1.0,max=40000)",11,900,1.0,2.580100272098207e-06,0.0,5.345003604888916,30.0545238823452
"A(p=17,f=0.40,h=128,lr=0.01,wd=1.0,max=40000)",11,920,1.0,2.1696064322895836e-06,0.0,5.394440174102783,30.05665033188179
"A(p=17,f=0.40,h=128,lr=0.01,wd=1.0,max=40000)",11,940,1.0,1.8327115185456933e-06,0.0,5.438431739807129,30.040207178526426
"A(p=17,f=0.40,h=128,lr=0.01,wd=1.0,max=40000)",11,960,1.0,1.5383169511551387e-06,0.0,5.486489772796631,30.010124277176306
"A(p=17,f=0.40,h=128,lr=0.01,wd=1.0,max=40000)",11,980,1.0,1.3278869346322608e-06,0.0,5.518326759338379,29.946550115815825
"A(p=17,f=0.40,h=128,lr=0.01,wd=1.0,max=40000)",11,1000,1.0,1.1247130942138028e-06,0.0,5.561375141143799,29.87659656977936
"A(p=17,f=0.40,h=128,lr=0.01,wd=1.0,max=40000)",11,1020,1.0,9.50564071899862e-07,0.0,5.61041259765625,29.796061071221914
"A(p=17,f=0.40,h=128,lr=0.01,wd=1.0,max=40000)",11,1040,1.0,8.147692369675497e-07,0.0,5.644359588623047,29.674082243492705
"A(p=17,f=0.40,h=128,lr=0.01,wd=1.0,max=40000)",11,1060,1.0,7.04889600910974e-07,0.0,5.688530921936035,29.56085010898772
"A(p=17,f=0.40,h=128,lr=0.01,wd=1.0,max=40000)",11,1080,1.0,6.136686465652019e-07,0.0,5.7291035652160645,29.42594665866983
"A(p=17,f=0.40,h=128,lr=0.01,wd=1.0,max=40000)",11,1100,1.0,5.525091069102928e-07,0.0,5.749608993530273,29.259515479843515
"A(p=17,f=0.40,h=128,lr=0.01,wd=1.0,max=40000)",11,1120,1.0,5.100084194964438e-07,0.0,5.742122650146484,29.077959324474126
"A(p=17,f=0.40,h=128,lr=0.01,wd=1.0,max=40000)",11,1140,1.0,4.778737547894707e-07,0.0,5.721956729888916,28.89347059248052
"A(p=17,f=0.40,h=128,lr=0.01,wd=1.0,max=40000)",11,1160,1.0,4.374462321266037e-07,0.0,5.707406044006348,28.72882812195429
"A(p=17,f=0.40,h=128,lr=0.01,wd=1.0,max=40000)",11,1180,1.0,4.115311753594142e-07,0.0,5.7081298828125,28.578098724088605
"A(p=17,f=0.40,h=128,lr=0.01,wd=1.0,max=40000)",11,1200,1.0,3.7317687429094804e-07,0.0,5.724677085876465,28.43557666738694
"A(p=17,f=0.40,h=128,lr=0.01,wd=1.0,max=40000)",11,1220,1.0,3.482984141101042e-07,0.0,5.7257232666015625,28.28320870431634
"A(p=17,f=0.40,h=128,lr=0.01,wd=1.0,max=40000)",11,1240,1.0,3.2445655051560607e-07,0.0,5.7175445556640625,28.14320610991048
"A(p=17,f=0.40,h=128,lr=0.01,wd=1.0,max=40000)",11,1260,1.0,3.1927353916216816e-07,0.0,5.714930057525635,28.02419773009909
"A(p=17,f=0.40,h=128,lr=0.01,wd=1.0,max=40000)",11,1280,1.0,3.0061468692110793e-07,0.0,5.720938205718994,27.919622643586507
"A(p=17,f=0.40,h=128,lr=0.01,wd=1.0,max=40000)",11,1300,1.0,2.9128528922228725e-07,0.0,5.722244739532471,27.82910007635534
"A(p=17,f=0.40,h=128,lr=0.01,wd=1.0,max=40000)",11,1320,1.0,2.840290562744485e-07,0.0,5.727258682250977,27.750108594983345
"A(p=17,f=0.40,h=128,lr=0.01,wd=1.0,max=40000)",11,1340,1.0,2.72626436981227e-07,0.0,5.728715419769287,27.67719457557983
"A(p=17,f=0.40,h=128,lr=0.01,wd=1.0,max=40000)",11,1360,1.0,2.612238176880055e-07,0.0,5.729244232177734,27.616091383324704
"A(p=17,f=0.40,h=128,lr=0.01,wd=1.0,max=40000)",11,1380,1.0,2.58113999507259e-07,0.0,5.7319817543029785,27.5657284885935
"A(p=17,f=0.40,h=128,lr=0.01,wd=1.0,max=40000)",11,1400,1.0,2.560408063345676e-07,0.0,5.725686073303223,27.516587512983417
"A(p=17,f=0.40,h=128,lr=0.01,wd=1.0,max=40000)",11,1420,1.0,2.43601562033291e-07,0.0,5.71920108795166,27.47492419112764
"A(p=17,f=0.40,h=128,lr=0.01,wd=1.0,max=40000)",11,1440,1.0,2.550042097482219e-07,0.0,5.712053298950195,27.439821398430972
"A(p=17,f=0.40,h=128,lr=0.01,wd=1.0,max=40000)",11,1460,1.0,2.487846018084383e-07,0.0,5.702383041381836,27.40849558228718
"A(p=17,f=0.40,h=128,lr=0.01,wd=1.0,max=40000)",11,1480,1.0,2.3427215012361557e-07,0.0,5.698192119598389,27.3862167236564
"A(p=17,f=0.40,h=128,lr=0.01,wd=1.0,max=40000)",11,1500,1.0,2.43601562033291e-07,0.0,5.689980506896973,27.362560788750137
"A(p=17,f=0.40,h=128,lr=0.01,wd=1.0,max=40000)",11,1520,1.0,2.446381870413461e-07,0.0,5.6861958503723145,27.345672186871273
"A(p=17,f=0.40,h=128,lr=0.01,wd=1.0,max=40000)",11,1540,1.0,2.43601562033291e-07,0.0,5.681966304779053,27.328753370458756
"A(p=17,f=0.40,h=128,lr=0.01,wd=1.0,max=40000)",11,1560,1.0,2.425649654469453e-07,0.0,5.678244590759277,27.313984415118025
"A(p=17,f=0.40,h=128,lr=0.01,wd=1.0,max=40000)",11,1580,1.0,2.404917722742539e-07,0.0,5.676031112670898,27.301476114129688
"A(p=17,f=0.40,h=128,lr=0.01,wd=1.0,max=40000)",11,1600,1.0,2.3427215012361557e-07,0.0,5.673033237457275,27.29044802854277
"A(p=17,f=0.40,h=128,lr=0.01,wd=1.0,max=40000)",11,1620,1.0,2.394551756879082e-07,0.0,5.671833515167236,27.279490629754413
"A(p=17,f=0.40,h=128,lr=0.01,wd=1.0,max=40000)",11,1640,1.0,2.3427215012361557e-07,0.0,5.6706013679504395,27.271125460175757
"A(p=17,f=0.40,h=128,lr=0.01,wd=1.0,max=40000)",11,1660,1.0,2.43601562033291e-07,0.0,5.666680812835693,27.261372766849856
"A(p=17,f=0.40,h=128,lr=0.01,wd=1.0,max=40000)",11,1680,1.0,2.404917722742539e-07,0.0,5.665328025817871,27.251629645972763
"A(p=17,f=0.40,h=128,lr=0.01,wd=1.0,max=40000)",11,1700,1.0,2.3427215012361557e-07,0.0,5.6646013259887695,27.248186163860602
"A(p=17,f=0.40,h=128,lr=0.01,wd=1.0,max=40000)",11,1720,1.0,2.3116234615372377e-07,0.0,5.664487838745117,27.24038724595008
"A(p=17,f=0.40,h=128,lr=0.01,wd=1.0,max=40000)",11,1740,1.0,2.3530876092081598e-07,0.0,5.661658763885498,27.233432244090146
"A(p=17,f=0.40,h=128,lr=0.01,wd=1.0,max=40000)",11,1760,1.0,2.2597933480028587e-07,0.0,5.663681507110596,27.22916644894196
"A(p=17,f=0.40,h=128,lr=0.01,wd=1.0,max=40000)",11,1780,1.0,2.3116234615372377e-07,0.0,5.65900182723999,27.22038992862021
"A(p=17,f=0.40,h=128,lr=0.01,wd=1.0,max=40000)",11,1800,1.0,2.3012574956737808e-07,0.0,5.659068584442139,27.215584062309354
"A(p=17,f=0.40,h=128,lr=0.01,wd=1.0,max=40000)",11,1820,1.0,2.3219894274006947e-07,0.0,5.6574859619140625,27.209679296395127
"A(p=17,f=0.40,h=128,lr=0.01,wd=1.0,max=40000)",11,1840,1.0,2.3323555353726988e-07,0.0,5.655982971191406,27.202986289116016
"A(p=17,f=0.40,h=128,lr=0.01,wd=1.0,max=40000)",11,1860,1.0,2.2908913877017767e-07,0.0,5.6561055183410645,27.199667792040174
"A(p=17,f=0.40,h=128,lr=0.01,wd=1.0,max=40000)",11,1880,1.0,2.3738195409350737e-07,0.0,5.65425968170166,27.19380182410007
"A(p=17,f=0.40,h=128,lr=0.01,wd=1.0,max=40000)",11,1900,1.0,2.3323555353726988e-07,0.0,5.653300762176514,27.18864880835533
"A(p=17,f=0.40,h=128,lr=0.01,wd=1.0,max=40000)",11,1920,1.0,2.3634535750716168e-07,0.0,5.651670932769775,27.184209650594134
"A(p=17,f=0.40,h=128,lr=0.01,wd=1.0,max=40000)",11,1940,1.0,2.2494272400308546e-07,0.0,5.6523919105529785,27.181033687784275
"A(p=17,f=0.40,h=128,lr=0.01,wd=1.0,max=40000)",11,1960,1.0,2.394551756879082e-07,0.0,5.651041030883789,27.176193880735077
"A(p=17,f=0.40,h=128,lr=0.01,wd=1.0,max=40000)",11,1980,1.0,2.3116234615372377e-07,0.0,5.651197910308838,27.173972620885557
"A(p=17,f=0.40,h=128,lr=0.01,wd=1.0,max=40000)",11,2000,1.0,2.3738195409350737e-07,0.0,5.649181842803955,27.168164292972616
"A(p=17,f=0.40,h=128,lr=0.01,wd=1.0,max=40000)",11,2020,1.0,2.3116234615372377e-07,0.0,5.650566101074219,27.16605744547992
"A(p=17,f=0.40,h=128,lr=0.01,wd=1.0,max=40000)",11,2040,1.0,2.3323555353726988e-07,0.0,5.647946834564209,27.16080108943636
"A(p=17,f=0.40,h=128,lr=0.01,wd=1.0,max=40000)",11,2060,1.0,2.3530876092081598e-07,0.0,5.646592140197754,27.156981282454122
"A(p=17,f=0.40,h=128,lr=0.01,wd=1.0,max=40000)",11,2080,1.0,2.3427215012361557e-07,0.0,5.6445746421813965,27.15231700443379
"A(p=17,f=0.40,h=128,lr=0.01,wd=1.0,max=40000)",11,2100,1.0,2.2701593138663156e-07,0.0,5.645857334136963,27.151164875998404
"A(p=17,f=0.40,h=128,lr=0.01,wd=1.0,max=40000)",11,2120,1.0,2.3219894274006947e-07,0.0,5.640223979949951,27.144141677829907
"A(p=17,f=0.40,h=128,lr=0.01,wd=1.0,max=40000)",11,2140,1.0,2.2805254218383197e-07,0.0,5.640866756439209,27.142170775499448
"A(p=17,f=0.40,h=128,lr=0.01,wd=1.0,max=40000)",11,2160,1.0,2.2079632344684796e-07,0.0,5.641727924346924,27.14096671391114
"A(p=17,f=0.40,h=128,lr=0.01,wd=1.0,max=40000)",11,2180,1.0,2.2701593138663156e-07,0.0,5.63792085647583,27.135009774136638
"A(p=17,f=0.40,h=128,lr=0.01,wd=1.0,max=40000)",11,2200,1.0,2.3116234615372377e-07,0.0,5.636422157287598,27.132093931038202
"A(p=17,f=0.40,h=128,lr=0.01,wd=1.0,max=40000)",11,2220,1.0,2.3219894274006947e-07,0.0,5.635429859161377,27.128115499981238
"A(p=17,f=0.40,h=128,lr=0.01,wd=1.0,max=40000)",11,2240,1.0,2.3427215012361557e-07,0.0,5.631968021392822,27.123493398490105
"A(p=17,f=0.40,h=128,lr=0.01,wd=1.0,max=40000)",11,2260,1.0,2.2701593138663156e-07,0.0,5.631740093231201,27.121600708932576
"A(p=17,f=0.40,h=128,lr=0.01,wd=1.0,max=40000)",11,2280,1.0,2.3530876092081598e-07,0.0,5.6298723220825195,27.11842669428044
"A(p=17,f=0.40,h=128,lr=0.01,wd=1.0,max=40000)",11,2300,1.0,2.2805254218383197e-07,0.0,5.631714344024658,27.119931411708162
"A(p=17,f=0.40,h=128,lr=0.01,wd=1.0,max=40000)",11,2320,1.0,2.2908913877017767e-07,0.0,5.629643440246582,27.116105918368454
"A(p=17,f=0.40,h=128,lr=0.01,wd=1.0,max=40000)",11,2340,1.0,2.3219894274006947e-07,0.0,5.626199722290039,27.111888730465477
"A(p=17,f=0.40,h=128,lr=0.01,wd=1.0,max=40000)",11,2360,1.0,2.3738195409350737e-07,0.0,5.6228156089782715,27.10811503238092
"A(p=17,f=0.40,h=128,lr=0.01,wd=1.0,max=40000)",11,2380,1.0,2.3427215012361557e-07,0.0,5.6235575675964355,27.109209768422403
"A(p=17,f=0.40,h=128,lr=0.01,wd=1.0,max=40000)",11,2400,1.0,2.3219894274006947e-07,0.0,5.622045516967773,27.10625726983702
"A(p=17,f=0.40,h=128,lr=0.01,wd=1.0,max=40000)",11,2420,1.0,2.2805254218383197e-07,0.0,5.621567249298096,27.104305910076924
"A(p=17,f=0.40,h=128,lr=0.01,wd=1.0,max=40000)",11,2440,1.0,2.2494272400308546e-07,0.0,5.621347904205322,27.101511031006478
"A(p=17,f=0.40,h=128,lr=0.01,wd=1.0,max=40000)",11,2460,1.0,2.3116234615372377e-07,0.0,5.618502140045166,27.09786007290555
"A(p=17,f=0.40,h=128,lr=0.01,wd=1.0,max=40000)",11,2480,1.0,2.3634535750716168e-07,0.0,5.618902683258057,27.095168197941774
"A(p=17,f=0.40,h=128,lr=0.01,wd=1.0,max=40000)",11,2500,1.0,2.1872311606330186e-07,0.0,5.619359493255615,27.094786062755635
"A(p=17,f=0.40,h=128,lr=0.01,wd=1.0,max=40000)",11,2520,1.0,2.3738195409350737e-07,0.0,5.61263370513916,27.088174098170477
"A(p=17,f=0.40,h=128,lr=0.01,wd=1.0,max=40000)",11,2540,1.0,2.2183292003319366e-07,0.0,5.616459846496582,27.090958716882557
"A(p=17,f=0.40,h=128,lr=0.01,wd=1.0,max=40000)",11,2560,1.0,2.1872311606330186e-07,0.0,5.613759994506836,27.08719000556178
"A(p=17,f=0.40,h=128,lr=0.01,wd=1.0,max=40000)",11,2580,1.0,2.3427215012361557e-07,0.0,5.608089447021484,27.080794046170794
"A(p=17,f=0.40,h=128,lr=0.01,wd=1.0,max=40000)",11,2600,1.0,2.2701593138663156e-07,0.0,5.609044075012207,27.081271000793144
"A(p=17,f=0.40,h=128,lr=0.01,wd=1.0,max=40000)",11,2620,1.0,2.3116234615372377e-07,0.0,5.606621742248535,27.077110327941703
"A(p=17,f=0.40,h=128,lr=0.01,wd=1.0,max=40000)",11,2640,1.0,2.2597933480028587e-07,0.0,5.606240272521973,27.077618650042528
"A(p=17,f=0.40,h=128,lr=0.01,wd=1.0,max=40000)",11,2660,1.0,2.2494272400308546e-07,0.0,5.603302001953125,27.07453802717044
"A(p=17,f=0.40,h=128,lr=0.01,wd=1.0,max=40000)",11,2680,1.0,2.3219894274006947e-07,0.0,5.601236343383789,27.072124365038178
"A(p=17,f=0.40,h=128,lr=0.01,wd=1.0,max=40000)",11,2700,1.0,2.2908913877017767e-07,0.0,5.600454807281494,27.07183662778306
"A(p=17,f=0.40,h=128,lr=0.01,wd=1.0,max=40000)",11,2720,1.0,2.3012574956737808e-07,0.0,5.59967041015625,27.06895560191596
"A(p=17,f=0.40,h=128,lr=0.01,wd=1.0,max=40000)",11,2740,1.0,2.2701593138663156e-07,0.0,5.597611427307129,27.067819968281412
"A(p=17,f=0.40,h=128,lr=0.01,wd=1.0,max=40000)",11,2760,1.0,2.2390612741673976e-07,0.0,5.599100589752197,27.068443810552147
"A(p=17,f=0.40,h=128,lr=0.01,wd=1.0,max=40000)",11,2780,1.0,2.2597933480028587e-07,0.0,5.599305152893066,27.06801653453281
"A(p=17,f=0.40,h=128,lr=0.01,wd=1.0,max=40000)",11,2800,1.0,2.3116234615372377e-07,0.0,5.596750736236572,27.06416196681636
"A(p=17,f=0.40,h=128,lr=0.01,wd=1.0,max=40000)",11,2820,1.0,2.2908913877017767e-07,0.0,5.598049640655518,27.064578522237586
"A(p=17,f=0.40,h=128,lr=0.01,wd=1.0,max=40000)",11,2840,1.0,2.2805254218383197e-07,0.0,5.59776496887207,27.06326579296287
"A(p=17,f=0.40,h=128,lr=0.01,wd=1.0,max=40000)",11,2860,1.0,2.415283688605996e-07,0.0,5.594985485076904,27.058110731038145
"A(p=17,f=0.40,h=128,lr=0.01,wd=1.0,max=40000)",11,2880,1.0,2.2908913877017767e-07,0.0,5.5965189933776855,27.060463016641975
"A(p=17,f=0.40,h=128,lr=0.01,wd=1.0,max=40000)",11,2900,1.0,2.3219894274006947e-07,0.0,5.595230579376221,27.058027093103924
"A(p=17,f=0.40,h=128,lr=0.01,wd=1.0,max=40000)",11,2920,1.0,2.3219894274006947e-07,0.0,5.5975141525268555,27.058124624308217
"A(p=17,f=0.40,h=128,lr=0.01,wd=1.0,max=40000)",11,2940,1.0,2.2805254218383197e-07,0.0,5.5962138175964355,27.05683756660819
"A(p=17,f=0.40,h=128,lr=0.01,wd=1.0,max=40000)",11,2960,1.0,2.3323555353726988e-07,0.0,5.594048500061035,27.05445284290802
"A(p=17,f=0.40,h=128,lr=0.01,wd=1.0,max=40000)",11,2980,1.0,2.3012574956737808e-07,0.0,5.592714786529541,27.053978537138057
"A(p=17,f=0.40,h=128,lr=0.01,wd=1.0,max=40000)",11,3000,1.0,2.3427215012361557e-07,0.0,5.592474460601807,27.052943062018937
"A(p=17,f=0.40,h=128,lr=0.01,wd=1.0,max=40000)",11,3020,1.0,2.2286953083039407e-07,0.0,5.593793869018555,27.054110899873187
"A(p=17,f=0.40,h=128,lr=0.01,wd=1.0,max=40000)",11,3040,1.0,2.2908913877017767e-07,0.0,5.590363502502441,27.04935818376474
"A(p=17,f=0.40,h=128,lr=0.01,wd=1.0,max=40000)",11,3060,1.0,2.2390612741673976e-07,0.0,5.58978796005249,27.04772184485931
"A(p=17,f=0.40,h=128,lr=0.01,wd=1.0,max=40000)",11,3080,1.0,2.3219894274006947e-07,0.0,5.586671829223633,27.045313738088524
"A(p=17,f=0.40,h=128,lr=0.01,wd=1.0,max=40000)",11,3100,1.0,2.3219894274006947e-07,0.0,5.586770534515381,27.045002418584055
"A(p=17,f=0.40,h=128,lr=0.01,wd=1.0,max=40000)",11,3120,1.0,2.1872311606330186e-07,0.0,5.589151382446289,27.0458817500709
"A(p=17,f=0.40,h=128,lr=0.01,wd=1.0,max=40000)",11,3140,1.0,2.3841856489070778e-07,0.0,5.584939002990723,27.03988085247854
"A(p=17,f=0.40,h=128,lr=0.01,wd=1.0,max=40000)",11,3160,1.0,2.2494272400308546e-07,0.0,5.5865702629089355,27.04146793309061
"A(p=17,f=0.40,h=128,lr=0.01,wd=1.0,max=40000)",11,3180,1.0,2.3219894274006947e-07,0.0,5.585938930511475,27.04009685464332
"A(p=17,f=0.40,h=128,lr=0.01,wd=1.0,max=40000)",11,3200,1.0,2.2494272400308546e-07,0.0,5.585023880004883,27.039006786975587
"A(p=17,f=0.40,h=128,lr=0.01,wd=1.0,max=40000)",11,3220,1.0,2.3427215012361557e-07,0.0,5.582993507385254,27.03675640134724
"A(p=17,f=0.40,h=128,lr=0.01,wd=1.0,max=40000)",11,3240,1.0,2.3219894274006947e-07,0.0,5.5829901695251465,27.037330650824664
"A(p=17,f=0.40,h=128,lr=0.01,wd=1.0,max=40000)",11,3260,1.0,2.3012574956737808e-07,0.0,5.581677436828613,27.034890057686265
"A(p=17,f=0.40,h=128,lr=0.01,wd=1.0,max=40000)",11,3280,1.0,2.2805254218383197e-07,0.0,5.58155632019043,27.034969563552803
"A(p=17,f=0.40,h=128,lr=0.01,wd=1.0,max=40000)",11,3300,1.0,2.3427215012361557e-07,0.0,5.580292701721191,27.03189289454244
"A(p=17,f=0.40,h=128,lr=0.01,wd=1.0,max=40000)",11,3320,1.0,2.2183292003319366e-07,0.0,5.581539154052734,27.033800021618003
"A(p=17,f=0.40,h=128,lr=0.01,wd=1.0,max=40000)",11,3340,1.0,2.3012574956737808e-07,0.0,5.579981327056885,27.031973728287156
"A(p=17,f=0.40,h=128,lr=0.01,wd=1.0,max=40000)",11,3360,1.0,2.2701593138663156e-07,0.0,5.580005645751953,27.031636356088967
"A(p=17,f=0.40,h=128,lr=0.01,wd=1.0,max=40000)",11,3380,1.0,2.2597933480028587e-07,0.0,5.578643798828125,27.029352488814567
"A(p=17,f=0.40,h=128,lr=0.01,wd=1.0,max=40000)",11,3400,1.0,2.2805254218383197e-07,0.0,5.577869415283203,27.028544320756115
"A(p=17,f=0.40,h=128,lr=0.01,wd=1.0,max=40000)",11,3420,1.0,2.2597933480028587e-07,0.0,5.579222202301025,27.03006694824795
"A(p=17,f=0.40,h=128,lr=0.01,wd=1.0,max=40000)",11,3440,1.0,2.3012574956737808e-07,0.0,5.576949119567871,27.026466231077617
"A(p=17,f=0.40,h=128,lr=0.01,wd=1.0,max=40000)",11,3460,1.0,2.2079632344684796e-07,0.0,5.578293323516846,27.02710151307947
"A(p=17,f=0.40,h=128,lr=0.01,wd=1.0,max=40000)",11,3480,1.0,2.3427215012361557e-07,0.0,5.575624465942383,27.02557026488198
"A(p=17,f=0.40,h=128,lr=0.01,wd=1.0,max=40000)",11,3500,1.0,2.2494272400308546e-07,0.0,5.577004432678223,27.02721123271492
"A(p=17,f=0.40,h=128,lr=0.01,wd=1.0,max=40000)",11,3520,1.0,2.2597933480028587e-07,0.0,5.576050758361816,27.024945528227075
"A(p=17,f=0.40,h=128,lr=0.01,wd=1.0,max=40000)",11,3540,1.0,2.3116234615372377e-07,0.0,5.575082778930664,27.022973299371923
"A(p=17,f=0.40,h=128,lr=0.01,wd=1.0,max=40000)",11,3560,1.0,2.2494272400308546e-07,0.0,5.5768513679504395,27.023972603478107
"A(p=17,f=0.40,h=128,lr=0.01,wd=1.0,max=40000)",11,3580,1.0,2.2701593138663156e-07,0.0,5.5749335289001465,27.022601302229436
"A(p=17,f=0.40,h=128,lr=0.01,wd=1.0,max=40000)",11,3600,1.0,2.3219894274006947e-07,0.0,5.573007106781006,27.0216746080646
"A(p=17,f=0.40,h=128,lr=0.01,wd=1.0,max=40000)",11,3620,1.0,2.2805254218383197e-07,0.0,5.574007511138916,27.02073884896496
"A(p=17,f=0.40,h=128,lr=0.01,wd=1.0,max=40000)",11,3640,1.0,2.2597933480028587e-07,0.0,5.572961330413818,27.02085739394259
"A(p=17,f=0.40,h=128,lr=0.01,wd=1.0,max=40000)",11,3660,1.0,2.3530876092081598e-07,0.0,5.571425914764404,27.01802844130035
"A(p=17,f=0.40,h=128,lr=0.01,wd=1.0,max=40000)",11,3680,1.0,2.2597933480028587e-07,0.0,5.572073936462402,27.01938336724801
"A(p=17,f=0.40,h=128,lr=0.01,wd=1.0,max=40000)",11,3700,1.0,2.2390612741673976e-07,0.0,5.570688724517822,27.018867067148864
"A(p=17,f=0.40,h=128,lr=0.01,wd=1.0,max=40000)",11,3720,1.0,2.2597933480028587e-07,0.0,5.567853927612305,27.01545555404738
"A(p=17,f=0.40,h=128,lr=0.01,wd=1.0,max=40000)",11,3740,1.0,2.2908913877017767e-07,0.0,5.568292617797852,27.01685578314336
"A(p=17,f=0.40,h=128,lr=0.01,wd=1.0,max=40000)",11,3760,1.0,2.2286953083039407e-07,0.0,5.567873001098633,27.016347385057397
"A(p=17,f=0.40,h=128,lr=0.01,wd=1.0,max=40000)",11,3780,1.0,2.3012574956737808e-07,0.0,5.566477298736572,27.0159809170248
"A(p=17,f=0.40,h=128,lr=0.01,wd=1.0,max=40000)",11,3800,1.0,2.3427215012361557e-07,0.0,5.5636796951293945,27.012952570305274
"A(p=17,f=0.40,h=128,lr=0.01,wd=1.0,max=40000)",11,3820,1.0,2.3530876092081598e-07,0.0,5.561460494995117,27.01117983312509
"A(p=17,f=0.40,h=128,lr=0.01,wd=1.0,max=40000)",11,3840,1.0,2.3427215012361557e-07,0.0,5.561068058013916,27.010610827739153
"A(p=17,f=0.40,h=128,lr=0.01,wd=1.0,max=40000)",11,3860,1.0,2.2597933480028587e-07,0.0,5.5616865158081055,27.011662174142156
"A(p=17,f=0.40,h=128,lr=0.01,wd=1.0,max=40000)",11,3880,1.0,2.3116234615372377e-07,0.0,5.559319496154785,27.008030375758878
"A(p=17,f=0.40,h=128,lr=0.01,wd=1.0,max=40000)",11,3900,1.0,2.2183292003319366e-07,0.0,5.5576090812683105,27.00911454083173
"A(p=17,f=0.40,h=128,lr=0.01,wd=1.0,max=40000)",11,3920,1.0,2.2494272400308546e-07,0.0,5.555237293243408,27.00686254039545
"A(p=17,f=0.40,h=128,lr=0.01,wd=1.0,max=40000)",11,3940,1.0,2.2286953083039407e-07,0.0,5.554709434509277,27.00579796236567
"A(p=17,f=0.40,h=128,lr=0.01,wd=1.0,max=40000)",11,3960,1.0,2.2908913877017767e-07,0.005747126436781609,5.553293228149414,27.007100730564165
"A(p=17,f=0.40,h=128,lr=0.01,wd=1.0,max=40000)",11,3980,1.0,2.3012574956737808e-07,0.005747126436781609,5.550451278686523,27.002124621487287
"A(p=17,f=0.40,h=128,lr=0.01,wd=1.0,max=40000)",11,4000,1.0,2.2390612741673976e-07,0.005747126436781609,5.54996395111084,27.00231232485395
"A(p=17,f=0.40,h=128,lr=0.01,wd=1.0,max=40000)",11,4020,1.0,2.2908913877017767e-07,0.005747126436781609,5.548168659210205,27.002202781503122
"A(p=17,f=0.40,h=128,lr=0.01,wd=1.0,max=40000)",11,4040,1.0,2.3116234615372377e-07,0.005747126436781609,5.547458648681641,27.001062148464555
"A(p=17,f=0.40,h=128,lr=0.01,wd=1.0,max=40000)",11,4060,1.0,2.3219894274006947e-07,0.005747126436781609,5.546046257019043,27.002040680578254
"A(p=17,f=0.40,h=128,lr=0.01,wd=1.0,max=40000)",11,4080,1.0,2.2286953083039407e-07,0.005747126436781609,5.545461177825928,27.00104155383578
"A(p=17,f=0.40,h=128,lr=0.01,wd=1.0,max=40000)",11,4100,1.0,2.2908913877017767e-07,0.005747126436781609,5.544816970825195,27.002180000127208
"A(p=17,f=0.40,h=128,lr=0.01,wd=1.0,max=40000)",11,4120,1.0,2.2805254218383197e-07,0.005747126436781609,5.543867111206055,27.000476542784178
"A(p=17,f=0.40,h=128,lr=0.01,wd=1.0,max=40000)",11,4140,1.0,2.2390612741673976e-07,0.005747126436781609,5.542356967926025,27.000535912364647
"A(p=17,f=0.40,h=128,lr=0.01,wd=1.0,max=40000)",11,4160,1.0,2.2183292003319366e-07,0.005747126436781609,5.542447566986084,26.99988995017993
"A(p=17,f=0.40,h=128,lr=0.01,wd=1.0,max=40000)",11,4180,1.0,2.1872311606330186e-07,0.005747126436781609,5.543159484863281,27.000893260727842
"A(p=17,f=0.40,h=128,lr=0.01,wd=1.0,max=40000)",11,4200,1.0,2.2701593138663156e-07,0.005747126436781609,5.5399861335754395,26.998341302919513
"A(p=17,f=0.40,h=128,lr=0.01,wd=1.0,max=40000)",11,4220,1.0,2.1768651947695616e-07,0.005747126436781609,5.542514801025391,27.00053676210419
"A(p=17,f=0.40,h=128,lr=0.01,wd=1.0,max=40000)",11,4240,1.0,2.2494272400308546e-07,0.005747126436781609,5.537575721740723,26.994968126574033
"A(p=17,f=0.40,h=128,lr=0.01,wd=1.0,max=40000)",11,4260,1.0,2.2079632344684796e-07,0.005747126436781609,5.536407470703125,26.995792735219577
"A(p=17,f=0.40,h=128,lr=0.01,wd=1.0,max=40000)",11,4280,1.0,2.3219894274006947e-07,0.005747126436781609,5.536131381988525,26.99553443612554
"A(p=17,f=0.40,h=128,lr=0.01,wd=1.0,max=40000)",11,4300,1.0,2.2390612741673976e-07,0.005747126436781609,5.535887718200684,26.993984311111863
"A(p=17,f=0.40,h=128,lr=0.01,wd=1.0,max=40000)",11,4320,1.0,2.2597933480028587e-07,0.005747126436781609,5.535750389099121,26.99481328641265
"A(p=17,f=0.40,h=128,lr=0.01,wd=1.0,max=40000)",11,4340,1.0,2.3012574956737808e-07,0.005747126436781609,5.534054756164551,26.99247014377958
"A(p=17,f=0.40,h=128,lr=0.01,wd=1.0,max=40000)",11,4360,1.0,2.3634535750716168e-07,0.005747126436781609,5.532314300537109,26.991535649605968
"A(p=17,f=0.40,h=128,lr=0.01,wd=1.0,max=40000)",11,4380,1.0,2.2597933480028587e-07,0.005747126436781609,5.533090114593506,26.992362318969327
"A(p=17,f=0.40,h=128,lr=0.01,wd=1.0,max=40000)",11,4400,1.0,2.2286953083039407e-07,0.005747126436781609,5.531528949737549,26.992997065397894
"A(p=17,f=0.40,h=128,lr=0.01,wd=1.0,max=40000)",11,4420,1.0,2.2183292003319366e-07,0.005747126436781609,5.529576778411865,26.990026720300573
"A(p=17,f=0.40,h=128,lr=0.01,wd=1.0,max=40000)",11,4440,1.0,2.3738195409350737e-07,0.005747126436781609,5.528271198272705,26.98755951262585
"A(p=17,f=0.40,h=128,lr=0.01,wd=1.0,max=40000)",11,4460,1.0,2.2908913877017767e-07,0.005747126436781609,5.528353214263916,26.988823923271454
"A(p=17,f=0.40,h=128,lr=0.01,wd=1.0,max=40000)",11,4480,1.0,2.1354010470986395e-07,0.005747126436781609,5.531069278717041,26.990604071303597
"A(p=17,f=0.40,h=128,lr=0.01,wd=1.0,max=40000)",11,4500,1.0,2.1872311606330186e-07,0.005747126436781609,5.528510093688965,26.989197475937257
"A(p=17,f=0.40,h=128,lr=0.01,wd=1.0,max=40000)",11,4520,1.0,2.3012574956737808e-07,0.005747126436781609,5.524810791015625,26.985503201845443
"A(p=17,f=0.40,h=128,lr=0.01,wd=1.0,max=40000)",11,4540,1.0,2.2390612741673976e-07,0.005747126436781609,5.524713516235352,26.98688126507645
"A(p=17,f=0.40,h=128,lr=0.01,wd=1.0,max=40000)",11,4560,1.0,2.2908913877017767e-07,0.005747126436781609,5.522953510284424,26.985086824837882
"A(p=17,f=0.40,h=128,lr=0.01,wd=1.0,max=40000)",11,4580,1.0,2.2701593138663156e-07,0.005747126436781609,5.524598121643066,26.987364538553585
"A(p=17,f=0.40,h=128,lr=0.01,wd=1.0,max=40000)",11,4600,1.0,2.1768651947695616e-07,0.005747126436781609,5.523965835571289,26.9879406890948
"A(p=17,f=0.40,h=128,lr=0.01,wd=1.0,max=40000)",11,4620,1.0,2.2183292003319366e-07,0.005747126436781609,5.52447509765625,26.98813620013999
"A(p=17,f=0.40,h=128,lr=0.01,wd=1.0,max=40000)",11,4640,1.0,2.3427215012361557e-07,0.005747126436781609,5.520269393920898,26.98367655481831
"A(p=17,f=0.40,h=128,lr=0.01,wd=1.0,max=40000)",11,4660,1.0,2.2494272400308546e-07,0.005747126436781609,5.521232604980469,26.98523827767117
"A(p=17,f=0.40,h=128,lr=0.01,wd=1.0,max=40000)",11,4680,1.0,2.3427215012361557e-07,0.005747126436781609,5.518228530883789,26.984000279621064
"A(p=17,f=0.40,h=128,lr=0.01,wd=1.0,max=40000)",11,4700,1.0,2.1768651947695616e-07,0.005747126436781609,5.519684314727783,26.985388953257253
"A(p=17,f=0.40,h=128,lr=0.01,wd=1.0,max=40000)",11,4720,1.0,2.3427215012361557e-07,0.005747126436781609,5.515717029571533,26.981625645320335
"A(p=17,f=0.40,h=128,lr=0.01,wd=1.0,max=40000)",11,4740,1.0,2.2079632344684796e-07,0.005747126436781609,5.518538475036621,26.984055073066358
"A(p=17,f=0.40,h=128,lr=0.01,wd=1.0,max=40000)",11,4760,1.0,2.2494272400308546e-07,0.005747126436781609,5.516759872436523,26.983800452993613
"A(p=17,f=0.40,h=128,lr=0.01,wd=1.0,max=40000)",11,4780,1.0,2.2183292003319366e-07,0.005747126436781609,5.517115592956543,26.98307199187772
"A(p=17,f=0.40,h=128,lr=0.01,wd=1.0,max=40000)",11,4800,1.0,2.3012574956737808e-07,0.005747126436781609,5.516973972320557,26.98228378700167
"A(p=17,f=0.40,h=128,lr=0.01,wd=1.0,max=40000)",11,4820,1.0,2.2183292003319366e-07,0.005747126436781609,5.516700744628906,26.983362106553702
"A(p=17,f=0.40,h=128,lr=0.01,wd=1.0,max=40000)",11,4840,1.0,2.3530876092081598e-07,0.005747126436781609,5.513242244720459,26.980042401124347
"A(p=17,f=0.40,h=128,lr=0.01,wd=1.0,max=40000)",11,4860,1.0,2.2494272400308546e-07,0.005747126436781609,5.512440204620361,26.979248083239373
"A(p=17,f=0.40,h=128,lr=0.01,wd=1.0,max=40000)",11,4880,1.0,2.3116234615372377e-07,0.005747126436781609,5.511305332183838,26.979280875213398
"A(p=17,f=0.40,h=128,lr=0.01,wd=1.0,max=40000)",11,4900,1.0,2.3219894274006947e-07,0.005747126436781609,5.5106120109558105,26.97966773064228
"A(p=17,f=0.40,h=128,lr=0.01,wd=1.0,max=40000)",11,4920,1.0,2.2390612741673976e-07,0.005747126436781609,5.510185718536377,26.98012560885771
"A(p=17,f=0.40,h=128,lr=0.01,wd=1.0,max=40000)",11,4940,1.0,2.3427215012361557e-07,0.005747126436781609,5.507358074188232,26.976824346307634
"A(p=17,f=0.40,h=128,lr=0.01,wd=1.0,max=40000)",11,4960,1.0,2.2597933480028587e-07,0.005747126436781609,5.507421970367432,26.978518695749287
"A(p=17,f=0.40,h=128,lr=0.01,wd=1.0,max=40000)",11,4980,1.0,2.2805254218383197e-07,0.005747126436781609,5.5073323249816895,26.978882282691288
"A(p=17,f=0.40,h=128,lr=0.01,wd=1.0,max=40000)",11,5000,1.0,2.1768651947695616e-07,0.005747126436781609,5.508502006530762,26.97918233178523
"A(p=17,f=0.40,h=128,lr=0.01,wd=1.0,max=40000)",11,5020,1.0,2.3427215012361557e-07,0.005747126436781609,5.505663871765137,26.978615724243824
"A(p=17,f=0.40,h=128,lr=0.01,wd=1.0,max=40000)",11,5040,1.0,2.2701593138663156e-07,0.005747126436781609,5.503682613372803,26.97566315771749
"A(p=17,f=0.40,h=128,lr=0.01,wd=1.0,max=40000)",11,5060,1.0,2.2701593138663156e-07,0.005747126436781609,5.506309986114502,26.97871450437166
"A(p=17,f=0.40,h=128,lr=0.01,wd=1.0,max=40000)",11,5080,1.0,2.3012574956737808e-07,0.005747126436781609,5.505118370056152,26.97678085292058
"A(p=17,f=0.40,h=128,lr=0.01,wd=1.0,max=40000)",11,5100,1.0,2.2183292003319366e-07,0.005747126436781609,5.5034708976745605,26.97658940165149
"A(p=17,f=0.40,h=128,lr=0.01,wd=1.0,max=40000)",11,5120,1.0,2.1975971264964755e-07,0.005747126436781609,5.5024638175964355,26.97643622429491
"A(p=17,f=0.40,h=128,lr=0.01,wd=1.0,max=40000)",11,5140,1.0,2.2597933480028587e-07,0.005747126436781609,5.501321315765381,26.975840941651587
"A(p=17,f=0.40,h=128,lr=0.01,wd=1.0,max=40000)",11,5160,1.0,2.2494272400308546e-07,0.005747126436781609,5.500502586364746,26.97475696802591
"A(p=17,f=0.40,h=128,lr=0.01,wd=1.0,max=40000)",11,5180,1.0,2.2390612741673976e-07,0.005747126436781609,5.499752521514893,26.9754088153495
"A(p=17,f=0.40,h=128,lr=0.01,wd=1.0,max=40000)",11,5200,1.0,2.2908913877017767e-07,0.005747126436781609,5.499327182769775,26.97390519322781
"A(p=17,f=0.40,h=128,lr=0.01,wd=1.0,max=40000)",11,5220,1.0,2.2701593138663156e-07,0.0,5.497532844543457,26.972017310581155
"A(p=17,f=0.40,h=128,lr=0.01,wd=1.0,max=40000)",11,5240,1.0,2.1768651947695616e-07,0.0,5.498215675354004,26.973740659300077
"A(p=17,f=0.40,h=128,lr=0.01,wd=1.0,max=40000)",11,5260,1.0,2.2390612741673976e-07,0.0,5.497951507568359,26.972995475998985
"A(p=17,f=0.40,h=128,lr=0.01,wd=1.0,max=40000)",11,5280,1.0,2.2183292003319366e-07,0.0,5.497456073760986,26.971663022435468
"A(p=17,f=0.40,h=128,lr=0.01,wd=1.0,max=40000)",11,5300,1.0,2.2390612741673976e-07,0.0,5.497683048248291,26.97129295229412
"A(p=17,f=0.40,h=128,lr=0.01,wd=1.0,max=40000)",11,5320,1.0,2.2390612741673976e-07,0.0,5.495847225189209,26.970642610742573
"A(p=17,f=0.40,h=128,lr=0.01,wd=1.0,max=40000)",11,5340,1.0,2.1975971264964755e-07,0.0,5.4972381591796875,26.97066451646519
"A(p=17,f=0.40,h=128,lr=0.01,wd=1.0,max=40000)",11,5360,1.0,2.2701593138663156e-07,0.0,5.49658727645874,26.97032400944438
"A(p=17,f=0.40,h=128,lr=0.01,wd=1.0,max=40000)",11,5380,1.0,2.2805254218383197e-07,0.0,5.497203350067139,26.971028385580514
"A(p=17,f=0.40,h=128,lr=0.01,wd=1.0,max=40000)",11,5400,1.0,2.3738195409350737e-07,0.0,5.495720386505127,26.96797756861588
"A(p=17,f=0.40,h=128,lr=0.01,wd=1.0,max=40000)",11,5420,1.0,2.1975971264964755e-07,0.0,5.497302532196045,26.968314418367786
"A(p=17,f=0.40,h=128,lr=0.01,wd=1.0,max=40000)",11,5440,1.0,2.2183292003319366e-07,0.0,5.496401786804199,26.969157431019266
"A(p=17,f=0.40,h=128,lr=0.01,wd=1.0,max=40000)",11,5460,1.0,2.1872311606330186e-07,0.0,5.495672225952148,26.96789888836973
"A(p=17,f=0.40,h=128,lr=0.01,wd=1.0,max=40000)",11,5480,1.0,2.3012574956737808e-07,0.0,5.495328426361084,26.967508501478623
"A(p=17,f=0.40,h=128,lr=0.01,wd=1.0,max=40000)",11,5500,1.0,2.2286953083039407e-07,0.0,5.495182991027832,26.967119406252326
"A(p=17,f=0.40,h=128,lr=0.01,wd=1.0,max=40000)",11,5520,1.0,2.1975971264964755e-07,0.0,5.496803283691406,26.968248082472584
"A(p=17,f=0.40,h=128,lr=0.01,wd=1.0,max=40000)",11,5540,1.0,2.3219894274006947e-07,0.0,5.494501113891602,26.965467475134506
"A(p=17,f=0.40,h=128,lr=0.01,wd=1.0,max=40000)",11,5560,1.0,2.2079632344684796e-07,0.0,5.496243476867676,26.96724883811055
"A(p=17,f=0.40,h=128,lr=0.01,wd=1.0,max=40000)",11,5580,1.0,2.2805254218383197e-07,0.0,5.494913578033447,26.965564724363567
"A(p=17,f=0.40,h=128,lr=0.01,wd=1.0,max=40000)",11,5600,1.0,2.2701593138663156e-07,0.0,5.494872570037842,26.96505675950279
"A(p=17,f=0.40,h=128,lr=0.01,wd=1.0,max=40000)",11,5620,1.0,2.2908913877017767e-07,0.0,5.495957374572754,26.965646915688623
"A(p=17,f=0.40,h=128,lr=0.01,wd=1.0,max=40000)",11,5640,1.0,2.2390612741673976e-07,0.0,5.4973835945129395,26.968068541771096
"A(p=17,f=0.40,h=128,lr=0.01,wd=1.0,max=40000)",11,5660,1.0,2.3012574956737808e-07,0.0,5.4957499504089355,26.965738078768133
"A(p=17,f=0.40,h=128,lr=0.01,wd=1.0,max=40000)",11,5680,1.0,2.2908913877017767e-07,0.0,5.493922233581543,26.964002969353963
"A(p=17,f=0.40,h=128,lr=0.01,wd=1.0,max=40000)",11,5700,1.0,2.2701593138663156e-07,0.0,5.4938435554504395,26.963581964427032
"A(p=17,f=0.40,h=128,lr=0.01,wd=1.0,max=40000)",11,5720,1.0,2.1872311606330186e-07,0.0,5.495324611663818,26.96602497684275
"A(p=17,f=0.40,h=128,lr=0.01,wd=1.0,max=40000)",11,5740,1.0,2.2390612741673976e-07,0.0,5.494853973388672,26.965699023619024
"A(p=17,f=0.40,h=128,lr=0.01,wd=1.0,max=40000)",11,5760,1.0,2.2494272400308546e-07,0.0,5.493682861328125,26.9651288931676
"A(p=17,f=0.40,h=128,lr=0.01,wd=1.0,max=40000)",11,5780,1.0,2.2494272400308546e-07,0.0,5.494818210601807,26.965977995677054
"A(p=17,f=0.40,h=128,lr=0.01,wd=1.0,max=40000)",11,5800,1.0,2.2597933480028587e-07,0.0,5.494055271148682,26.965007870716992
"A(p=17,f=0.40,h=128,lr=0.01,wd=1.0,max=40000)",11,5820,1.0,2.2079632344684796e-07,0.0,5.493019104003906,26.96463273041243
"A(p=17,f=0.40,h=128,lr=0.01,wd=1.0,max=40000)",11,5840,1.0,2.3012574956737808e-07,0.0,5.492006301879883,26.963590721950222
"A(p=17,f=0.40,h=128,lr=0.01,wd=1.0,max=40000)",11,5860,1.0,2.2805254218383197e-07,0.0,5.493479251861572,26.964509279555216
"A(p=17,f=0.40,h=128,lr=0.01,wd=1.0,max=40000)",11,5880,1.0,2.2597933480028587e-07,0.0,5.491666793823242,26.962973723180344
"A(p=17,f=0.40,h=128,lr=0.01,wd=1.0,max=40000)",11,5900,1.0,2.2805254218383197e-07,0.0,5.49043083190918,26.962274178430935
"A(p=17,f=0.40,h=128,lr=0.01,wd=1.0,max=40000)",11,5920,1.0,2.1975971264964755e-07,0.0,5.492794513702393,26.964256553413573
"A(p=17,f=0.40,h=128,lr=0.01,wd=1.0,max=40000)",11,5940,1.0,2.3012574956737808e-07,0.0,5.492221832275391,26.96384789371543
"A(p=17,f=0.40,h=128,lr=0.01,wd=1.0,max=40000)",11,5960,1.0,2.2597933480028587e-07,0.0,5.493361949920654,26.966101663262627
"A(p=17,f=0.40,h=128,lr=0.01,wd=1.0,max=40000)",11,5980,1.0,2.2494272400308546e-07,0.0,5.4923996925354,26.963004383381165
"A(p=17,f=0.40,h=128,lr=0.01,wd=1.0,max=40000)",11,6000,1.0,2.3323555353726988e-07,0.0,5.492478847503662,26.962987769165913
"A(p=17,f=0.40,h=128,lr=0.01,wd=1.0,max=40000)",11,6020,1.0,2.2908913877017767e-07,0.0,5.491645336151123,26.962582317339972
"A(p=17,f=0.40,h=128,lr=0.01,wd=1.0,max=40000)",11,6040,1.0,2.2183292003319366e-07,0.0,5.4933390617370605,26.963339161588138
"A(p=17,f=0.40,h=128,lr=0.01,wd=1.0,max=40000)",11,6060,1.0,2.3634535750716168e-07,0.0,5.490963459014893,26.960808237000567
"A(p=17,f=0.40,h=128,lr=0.01,wd=1.0,max=40000)",11,6080,1.0,2.3219894274006947e-07,0.0,5.491977691650391,26.960792884555282
"A(p=17,f=0.40,h=128,lr=0.01,wd=1.0,max=40000)",11,6100,1.0,2.2494272400308546e-07,0.0,5.491915225982666,26.961520762041797
"A(p=17,f=0.40,h=128,lr=0.01,wd=1.0,max=40000)",11,6120,1.0,2.2908913877017767e-07,0.0,5.4909234046936035,26.961644920244087
"A(p=17,f=0.40,h=128,lr=0.01,wd=1.0,max=40000)",11,6140,1.0,2.2805254218383197e-07,0.0,5.490053176879883,26.959620725638974
"A(p=17,f=0.40,h=128,lr=0.01,wd=1.0,max=40000)",11,6160,1.0,2.1664990867975575e-07,0.0,5.4921064376831055,26.961452208897537
"A(p=17,f=0.40,h=128,lr=0.01,wd=1.0,max=40000)",11,6180,1.0,2.1768651947695616e-07,0.0,5.490429878234863,26.961399803174007
"A(p=17,f=0.40,h=128,lr=0.01,wd=1.0,max=40000)",11,6200,1.0,2.2701593138663156e-07,0.0,5.4900803565979,26.960445457228424
"A(p=17,f=0.40,h=128,lr=0.01,wd=1.0,max=40000)",11,6220,1.0,2.3116234615372377e-07,0.0,5.488698959350586,26.960041812349722
"A(p=17,f=0.40,h=128,lr=0.01,wd=1.0,max=40000)",11,6240,1.0,2.1457670129620965e-07,0.0,5.490359306335449,26.96105187759176
"A(p=17,f=0.40,h=128,lr=0.01,wd=1.0,max=40000)",11,6260,1.0,2.3012574956737808e-07,0.0,5.487770080566406,26.957982214036175
"A(p=17,f=0.40,h=128,lr=0.01,wd=1.0,max=40000)",11,6280,1.0,2.1768651947695616e-07,0.0,5.489678382873535,26.96006976392765
"A(p=17,f=0.40,h=128,lr=0.01,wd=1.0,max=40000)",11,6300,1.0,2.2908913877017767e-07,0.0,5.490386009216309,26.96047006802298
"A(p=17,f=0.40,h=128,lr=0.01,wd=1.0,max=40000)",11,6320,1.0,2.2805254218383197e-07,0.0,5.487442493438721,26.9577015862786
"A(p=17,f=0.40,h=128,lr=0.01,wd=1.0,max=40000)",11,6340,1.0,2.2494272400308546e-07,0.0,5.489346981048584,26.959793057676904
"A(p=17,f=0.40,h=128,lr=0.01,wd=1.0,max=40000)",11,6360,1.0,2.2390612741673976e-07,0.0,5.48832893371582,26.958635014240866
"A(p=17,f=0.40,h=128,lr=0.01,wd=1.0,max=40000)",11,6380,1.0,2.3323555353726988e-07,0.0,5.486412048339844,26.95827838357391
"A(p=17,f=0.40,h=128,lr=0.01,wd=1.0,max=40000)",11,6400,1.0,2.2908913877017767e-07,0.0,5.486937522888184,26.958440050360306
"A(p=17,f=0.40,h=128,lr=0.01,wd=1.0,max=40000)",11,6420,1.0,2.3219894274006947e-07,0.0,5.487353324890137,26.957389651148368
"A(p=17,f=0.40,h=128,lr=0.01,wd=1.0,max=40000)",11,6440,1.0,2.1872311606330186e-07,0.0,5.488198280334473,26.9584239900736
"A(p=17,f=0.40,h=128,lr=0.01,wd=1.0,max=40000)",11,6460,1.0,2.2390612741673976e-07,0.0,5.486701488494873,26.95604566698261
"A(p=17,f=0.40,h=128,lr=0.01,wd=1.0,max=40000)",11,6480,1.0,2.2908913877017767e-07,0.0,5.484223365783691,26.95452044040941
"A(p=17,f=0.40,h=128,lr=0.01,wd=1.0,max=40000)",11,6500,1.0,2.2805254218383197e-07,0.0,5.4845194816589355,26.95610662476517
"A(p=17,f=0.40,h=128,lr=0.01,wd=1.0,max=40000)",11,6520,1.0,2.2286953083039407e-07,0.0,5.4862470626831055,26.957267849768517
"A(p=17,f=0.40,h=128,lr=0.01,wd=1.0,max=40000)",11,6540,1.0,2.2183292003319366e-07,0.005747126436781609,5.485942363739014,26.95727693275123
"A(p=17,f=0.40,h=128,lr=0.01,wd=1.0,max=40000)",11,6560,1.0,2.404917722742539e-07,0.0,5.483468532562256,26.954542937269572
"A(p=17,f=0.40,h=128,lr=0.01,wd=1.0,max=40000)",11,6580,1.0,2.2390612741673976e-07,0.0,5.486571311950684,26.957301055854508
"A(p=17,f=0.40,h=128,lr=0.01,wd=1.0,max=40000)",11,6600,1.0,2.2805254218383197e-07,0.0,5.485419273376465,26.95633752859309
"A(p=17,f=0.40,h=128,lr=0.01,wd=1.0,max=40000)",11,6620,1.0,2.2908913877017767e-07,0.0,5.483170986175537,26.95447555899634
"A(p=17,f=0.40,h=128,lr=0.01,wd=1.0,max=40000)",11,6640,1.0,2.2494272400308546e-07,0.005747126436781609,5.484066486358643,26.95457835487671
"A(p=17,f=0.40,h=128,lr=0.01,wd=1.0,max=40000)",11,6660,1.0,2.2908913877017767e-07,0.005747126436781609,5.484376430511475,26.9553298784768
"A(p=17,f=0.40,h=128,lr=0.01,wd=1.0,max=40000)",11,6680,1.0,2.1975971264964755e-07,0.005747126436781609,5.484286785125732,26.954841296129448
"A(p=17,f=0.40,h=128,lr=0.01,wd=1.0,max=40000)",11,6700,1.0,2.1872311606330186e-07,0.005747126436781609,5.486934185028076,26.956692230712655
"A(p=17,f=0.40,h=128,lr=0.01,wd=1.0,max=40000)",11,6720,1.0,2.3530876092081598e-07,0.0,5.483072757720947,26.952657732704424
"A(p=17,f=0.40,h=128,lr=0.01,wd=1.0,max=40000)",11,6740,1.0,2.2390612741673976e-07,0.005747126436781609,5.485572814941406,26.955601374075883
"A(p=17,f=0.40,h=128,lr=0.01,wd=1.0,max=40000)",11,6760,1.0,2.2390612741673976e-07,0.005747126436781609,5.486118793487549,26.955069688840954
"A(p=17,f=0.40,h=128,lr=0.01,wd=1.0,max=40000)",11,6780,1.0,2.2286953083039407e-07,0.005747126436781609,5.486753463745117,26.95457810048215
"A(p=17,f=0.40,h=128,lr=0.01,wd=1.0,max=40000)",11,6800,1.0,2.2494272400308546e-07,0.005747126436781609,5.486804962158203,26.95530024055236
"A(p=17,f=0.40,h=128,lr=0.01,wd=1.0,max=40000)",11,6820,1.0,2.3530876092081598e-07,0.005747126436781609,5.48573637008667,26.952853213927195
"A(p=17,f=0.40,h=128,lr=0.01,wd=1.0,max=40000)",11,6840,1.0,2.2390612741673976e-07,0.005747126436781609,5.485897541046143,26.954211693192324
"A(p=17,f=0.40,h=128,lr=0.01,wd=1.0,max=40000)",11,6860,1.0,2.2701593138663156e-07,0.005747126436781609,5.485414028167725,26.95251755853093
"A(p=17,f=0.40,h=128,lr=0.01,wd=1.0,max=40000)",11,6880,1.0,2.2286953083039407e-07,0.005747126436781609,5.485950469970703,26.952631890193853
"A(p=17,f=0.40,h=128,lr=0.01,wd=1.0,max=40000)",11,6900,1.0,2.2286953083039407e-07,0.005747126436781609,5.48870849609375,26.95518785724884
"A(p=17,f=0.40,h=128,lr=0.01,wd=1.0,max=40000)",11,6920,1.0,2.1975971264964755e-07,0.005747126436781609,5.489001274108887,26.955097889331164
"A(p=17,f=0.40,h=128,lr=0.01,wd=1.0,max=40000)",11,6940,1.0,2.1457670129620965e-07,0.005747126436781609,5.4897589683532715,26.95579054149854
"A(p=17,f=0.40,h=128,lr=0.01,wd=1.0,max=40000)",11,6960,1.0,2.2701593138663156e-07,0.005747126436781609,5.489424228668213,26.955265402825844
"A(p=17,f=0.40,h=128,lr=0.01,wd=1.0,max=40000)",11,6980,1.0,2.2286953083039407e-07,0.005747126436781609,5.488307952880859,26.95273609323078
"A(p=17,f=0.40,h=128,lr=0.01,wd=1.0,max=40000)",11,7000,1.0,2.3116234615372377e-07,0.005747126436781609,5.486526966094971,26.951707579082488
"A(p=17,f=0.40,h=128,lr=0.01,wd=1.0,max=40000)",11,7020,1.0,2.2494272400308546e-07,0.005747126436781609,5.4891510009765625,26.953848811988998
"A(p=17,f=0.40,h=128,lr=0.01,wd=1.0,max=40000)",11,7040,1.0,2.1664990867975575e-07,0.005747126436781609,5.488016128540039,26.953258563829362
"A(p=17,f=0.40,h=128,lr=0.01,wd=1.0,max=40000)",11,7060,1.0,2.2805254218383197e-07,0.005747126436781609,5.487002372741699,26.95101145605086
"A(p=17,f=0.40,h=128,lr=0.01,wd=1.0,max=40000)",11,7080,1.0,2.2701593138663156e-07,0.005747126436781609,5.489321708679199,26.953589667240145
"A(p=17,f=0.40,h=128,lr=0.01,wd=1.0,max=40000)",11,7100,1.0,2.1457670129620965e-07,0.005747126436781609,5.489646911621094,26.954908062849793
"A(p=17,f=0.40,h=128,lr=0.01,wd=1.0,max=40000)",11,7120,1.0,2.2183292003319366e-07,0.005747126436781609,5.4889936447143555,26.952657882447312
"A(p=17,f=0.40,h=128,lr=0.01,wd=1.0,max=40000)",11,7140,1.0,2.2494272400308546e-07,0.005747126436781609,5.488702774047852,26.9515206463355
"A(p=17,f=0.40,h=128,lr=0.01,wd=1.0,max=40000)",11,7160,1.0,2.2805254218383197e-07,0.005747126436781609,5.486474990844727,26.947825394822182
"A(p=17,f=0.40,h=128,lr=0.01,wd=1.0,max=40000)",11,7180,1.0,2.2079632344684796e-07,0.005747126436781609,5.487629413604736,26.95102005075486
"A(p=17,f=0.40,h=128,lr=0.01,wd=1.0,max=40000)",11,7200,1.0,2.1768651947695616e-07,0.005747126436781609,5.4873785972595215,26.9497741392215
"A(p=17,f=0.40,h=128,lr=0.01,wd=1.0,max=40000)",11,7220,1.0,2.1768651947695616e-07,0.005747126436781609,5.488336086273193,26.950871957023583
"A(p=17,f=0.40,h=128,lr=0.01,wd=1.0,max=40000)",11,7240,1.0,2.2286953083039407e-07,0.005747126436781609,5.488619327545166,26.949423585377676
"A(p=17,f=0.40,h=128,lr=0.01,wd=1.0,max=40000)",11,7260,1.0,2.2494272400308546e-07,0.005747126436781609,5.488185405731201,26.950847851124
"A(p=17,f=0.40,h=128,lr=0.01,wd=1.0,max=40000)",11,7280,1.0,2.2597933480028587e-07,0.005747126436781609,5.486122131347656,26.947644667347877
"A(p=17,f=0.40,h=128,lr=0.01,wd=1.0,max=40000)",11,7300,1.0,2.2494272400308546e-07,0.005747126436781609,5.485717296600342,26.948819934166284
"A(p=17,f=0.40,h=128,lr=0.01,wd=1.0,max=40000)",11,7320,1.0,2.2286953083039407e-07,0.005747126436781609,5.486715793609619,26.949678402572694
"A(p=17,f=0.40,h=128,lr=0.01,wd=1.0,max=40000)",11,7340,1.0,2.2183292003319366e-07,0.005747126436781609,5.486410140991211,26.949086064112446
"A(p=17,f=0.40,h=128,lr=0.01,wd=1.0,max=40000)",11,7360,1.0,2.2805254218383197e-07,0.005747126436781609,5.484088897705078,26.948169607684328
"A(p=17,f=0.40,h=128,lr=0.01,wd=1.0,max=40000)",11,7380,1.0,2.1872311606330186e-07,0.005747126436781609,5.486026763916016,26.948985582633767
"A(p=17,f=0.40,h=128,lr=0.01,wd=1.0,max=40000)",11,7400,1.0,2.2701593138663156e-07,0.005747126436781609,5.4842963218688965,26.947903393142727
"A(p=17,f=0.40,h=128,lr=0.01,wd=1.0,max=40000)",11,7420,1.0,2.1768651947695616e-07,0.005747126436781609,5.487430095672607,26.949138906174593
"A(p=17,f=0.40,h=128,lr=0.01,wd=1.0,max=40000)",11,7440,1.0,2.2805254218383197e-07,0.005747126436781609,5.485836982727051,26.947652990952335
"A(p=17,f=0.40,h=128,lr=0.01,wd=1.0,max=40000)",11,7460,1.0,2.2286953083039407e-07,0.005747126436781609,5.483458042144775,26.946113123551665
"A(p=17,f=0.40,h=128,lr=0.01,wd=1.0,max=40000)",11,7480,1.0,2.2390612741673976e-07,0.005747126436781609,5.483543872833252,26.94649672211713
"A(p=17,f=0.40,h=128,lr=0.01,wd=1.0,max=40000)",11,7500,1.0,2.2597933480028587e-07,0.005747126436781609,5.482726573944092,26.947028432378488
"A(p=17,f=0.40,h=128,lr=0.01,wd=1.0,max=40000)",11,7520,1.0,2.1768651947695616e-07,0.005747126436781609,5.483651638031006,26.947381079018168
"A(p=17,f=0.40,h=128,lr=0.01,wd=1.0,max=40000)",11,7540,1.0,2.1250349391266354e-07,0.005747126436781609,5.485715866088867,26.949936517609416
"A(p=17,f=0.40,h=128,lr=0.01,wd=1.0,max=40000)",11,7560,1.0,2.2183292003319366e-07,0.005747126436781609,5.4857497215271,26.949505620286388
"A(p=17,f=0.40,h=128,lr=0.01,wd=1.0,max=40000)",11,7580,1.0,2.2286953083039407e-07,0.005747126436781609,5.484145641326904,26.946309275779406
"A(p=17,f=0.40,h=128,lr=0.01,wd=1.0,max=40000)",11,7600,1.0,2.2079632344684796e-07,0.005747126436781609,5.484405994415283,26.946743798963332
"A(p=17,f=0.40,h=128,lr=0.01,wd=1.0,max=40000)",11,7620,1.0,2.3427215012361557e-07,0.005747126436781609,5.482834815979004,26.945090716525964
"A(p=17,f=0.40,h=128,lr=0.01,wd=1.0,max=40000)",11,7640,1.0,2.2805254218383197e-07,0.005747126436781609,5.483267784118652,26.946425132925878
"A(p=17,f=0.40,h=128,lr=0.01,wd=1.0,max=40000)",11,7660,1.0,2.2805254218383197e-07,0.005747126436781609,5.481893062591553,26.944747444443546
"A(p=17,f=0.40,h=128,lr=0.01,wd=1.0,max=40000)",11,7680,1.0,2.1872311606330186e-07,0.005747126436781609,5.485710144042969,26.947451347807437
"A(p=17,f=0.40,h=128,lr=0.01,wd=1.0,max=40000)",11,7700,1.0,2.2597933480028587e-07,0.005747126436781609,5.482114791870117,26.944442639685015
"A(p=17,f=0.40,h=128,lr=0.01,wd=1.0,max=40000)",11,7720,1.0,2.2494272400308546e-07,0.005747126436781609,5.4827799797058105,26.944878213566568
"A(p=17,f=0.40,h=128,lr=0.01,wd=1.0,max=40000)",11,7740,1.0,2.2908913877017767e-07,0.005747126436781609,5.483196258544922,26.944827600618115
"A(p=17,f=0.40,h=128,lr=0.01,wd=1.0,max=40000)",11,7760,1.0,2.2597933480028587e-07,0.005747126436781609,5.482364654541016,26.945703188712912
"A(p=17,f=0.40,h=128,lr=0.01,wd=1.0,max=40000)",11,7780,1.0,2.2079632344684796e-07,0.005747126436781609,5.484259605407715,26.946868726784263
"A(p=17,f=0.40,h=128,lr=0.01,wd=1.0,max=40000)",11,7800,1.0,2.2494272400308546e-07,0.005747126436781609,5.483222961425781,26.94579455716
"A(p=17,f=0.40,h=128,lr=0.01,wd=1.0,max=40000)",11,7820,1.0,2.3219894274006947e-07,0.005747126436781609,5.482792854309082,26.94426808616763
"A(p=17,f=0.40,h=128,lr=0.01,wd=1.0,max=40000)",11,7840,1.0,2.2597933480028587e-07,0.005747126436781609,5.482994079589844,26.944181043626443
"A(p=17,f=0.40,h=128,lr=0.01,wd=1.0,max=40000)",11,7860,1.0,2.3116234615372377e-07,0.005747126436781609,5.48424768447876,26.94502692523689
"A(p=17,f=0.40,h=128,lr=0.01,wd=1.0,max=40000)",11,7880,1.0,2.2390612741673976e-07,0.005747126436781609,5.484458923339844,26.945797298600553
"A(p=17,f=0.40,h=128,lr=0.01,wd=1.0,max=40000)",11,7900,1.0,2.2494272400308546e-07,0.005747126436781609,5.483302116394043,26.944476189873033
"A(p=17,f=0.40,h=128,lr=0.01,wd=1.0,max=40000)",11,7920,1.0,2.2908913877017767e-07,0.005747126436781609,5.482265949249268,26.944281577449143
"A(p=17,f=0.40,h=128,lr=0.01,wd=1.0,max=40000)",11,7940,1.0,2.3530876092081598e-07,0.005747126436781609,5.481022357940674,26.942541883875304
"A(p=17,f=0.40,h=128,lr=0.01,wd=1.0,max=40000)",11,7960,1.0,2.1975971264964755e-07,0.005747126436781609,5.485220432281494,26.94543962386247
"A(p=17,f=0.40,h=128,lr=0.01,wd=1.0,max=40000)",11,7980,1.0,2.2390612741673976e-07,0.005747126436781609,5.484766006469727,26.944136077452974
"A(p=17,f=0.40,h=128,lr=0.01,wd=1.0,max=40000)",11,8000,1.0,2.2390612741673976e-07,0.005747126436781609,5.484382152557373,26.943440152018226
"A(p=17,f=0.40,h=128,lr=0.01,wd=1.0,max=40000)",11,8020,1.0,2.2597933480028587e-07,0.005747126436781609,5.484094142913818,26.944019521380525
"A(p=17,f=0.40,h=128,lr=0.01,wd=1.0,max=40000)",11,8040,1.0,2.2079632344684796e-07,0.005747126436781609,5.483242511749268,26.942115832301244
"A(p=17,f=0.40,h=128,lr=0.01,wd=1.0,max=40000)",11,8060,1.0,2.2286953083039407e-07,0.005747126436781609,5.483493328094482,26.942764278334707
"A(p=17,f=0.40,h=128,lr=0.01,wd=1.0,max=40000)",11,8080,1.0,2.2494272400308546e-07,0.005747126436781609,5.4841814041137695,26.94385428846041
"A(p=17,f=0.40,h=128,lr=0.01,wd=1.0,max=40000)",11,8100,1.0,2.2701593138663156e-07,0.005747126436781609,5.48416805267334,26.94146286307168
"A(p=17,f=0.40,h=128,lr=0.01,wd=1.0,max=40000)",11,8120,1.0,2.2597933480028587e-07,0.005747126436781609,5.484044075012207,26.942708590193764
"A(p=17,f=0.40,h=128,lr=0.01,wd=1.0,max=40000)",11,8140,1.0,2.2286953083039407e-07,0.005747126436781609,5.484559059143066,26.942248821837175
"A(p=17,f=0.40,h=128,lr=0.01,wd=1.0,max=40000)",11,8160,1.0,2.3012574956737808e-07,0.005747126436781609,5.482844352722168,26.94090691912531
"A(p=17,f=0.40,h=128,lr=0.01,wd=1.0,max=40000)",11,8180,1.0,2.3116234615372377e-07,0.005747126436781609,5.483162879943848,26.93916647217487
"A(p=17,f=0.40,h=128,lr=0.01,wd=1.0,max=40000)",11,8200,1.0,2.2079632344684796e-07,0.005747126436781609,5.485184669494629,26.94163374697158
"A(p=17,f=0.40,h=128,lr=0.01,wd=1.0,max=40000)",11,8220,1.0,2.1664990867975575e-07,0.005747126436781609,5.485167026519775,26.941557845637423
"A(p=17,f=0.40,h=128,lr=0.01,wd=1.0,max=40000)",11,8240,1.0,2.2701593138663156e-07,0.005747126436781609,5.484224319458008,26.940577575816054
"A(p=17,f=0.40,h=128,lr=0.01,wd=1.0,max=40000)",11,8260,1.0,2.2494272400308546e-07,0.005747126436781609,5.483302116394043,26.94097969858179
"A(p=17,f=0.40,h=128,lr=0.01,wd=1.0,max=40000)",11,8280,1.0,2.2701593138663156e-07,0.005747126436781609,5.4830169677734375,26.938849486977094
"A(p=17,f=0.40,h=128,lr=0.01,wd=1.0,max=40000)",11,8300,1.0,2.2286953083039407e-07,0.005747126436781609,5.483257293701172,26.939749384291133
"A(p=17,f=0.40,h=128,lr=0.01,wd=1.0,max=40000)",11,8320,1.0,2.2701593138663156e-07,0.005747126436781609,5.483447551727295,26.94068680544034
"A(p=17,f=0.40,h=128,lr=0.01,wd=1.0,max=40000)",11,8340,1.0,2.1457670129620965e-07,0.005747126436781609,5.485175132751465,26.94189139207929
"A(p=17,f=0.40,h=128,lr=0.01,wd=1.0,max=40000)",11,8360,1.0,2.2597933480028587e-07,0.005747126436781609,5.484299659729004,26.940887715150815
"A(p=17,f=0.40,h=128,lr=0.01,wd=1.0,max=40000)",11,8380,1.0,2.2908913877017767e-07,0.005747126436781609,5.481529235839844,26.937822281549057
"A(p=17,f=0.40,h=128,lr=0.01,wd=1.0,max=40000)",11,8400,1.0,2.2494272400308546e-07,0.005747126436781609,5.4830427169799805,26.939892887499692
"A(p=17,f=0.40,h=128,lr=0.01,wd=1.0,max=40000)",11,8420,1.0,2.3012574956737808e-07,0.005747126436781609,5.482948303222656,26.939260459961435
"A(p=17,f=0.40,h=128,lr=0.01,wd=1.0,max=40000)",11,8440,1.0,2.2805254218383197e-07,0.005747126436781609,5.482682704925537,26.93894102182441
"A(p=17,f=0.40,h=128,lr=0.01,wd=1.0,max=40000)",11,8460,1.0,2.1975971264964755e-07,0.005747126436781609,5.4849700927734375,26.941528572341085
"A(p=17,f=0.40,h=128,lr=0.01,wd=1.0,max=40000)",11,8480,1.0,2.1250349391266354e-07,0.005747126436781609,5.483909606933594,26.93985448465628
"A(p=17,f=0.40,h=128,lr=0.01,wd=1.0,max=40000)",11,8500,1.0,2.2701593138663156e-07,0.005747126436781609,5.482331275939941,26.938210815883668
"A(p=17,f=0.40,h=128,lr=0.01,wd=1.0,max=40000)",11,8520,1.0,2.2390612741673976e-07,0.005747126436781609,5.481670379638672,26.9377480087692
"A(p=17,f=0.40,h=128,lr=0.01,wd=1.0,max=40000)",11,8540,1.0,2.2494272400308546e-07,0.005747126436781609,5.482533931732178,26.938221319443382
"A(p=17,f=0.40,h=128,lr=0.01,wd=1.0,max=40000)",11,8560,1.0,2.2079632344684796e-07,0.005747126436781609,5.482889652252197,26.93957689933175
"A(p=17,f=0.40,h=128,lr=0.01,wd=1.0,max=40000)",11,8580,1.0,2.3323555353726988e-07,0.005747126436781609,5.480687141418457,26.935705445430354
"A(p=17,f=0.40,h=128,lr=0.01,wd=1.0,max=40000)",11,8600,1.0,2.2390612741673976e-07,0.005747126436781609,5.4815778732299805,26.937847324228503
"A(p=17,f=0.40,h=128,lr=0.01,wd=1.0,max=40000)",11,8620,1.0,2.3323555353726988e-07,0.005747126436781609,5.480409622192383,26.935866583442884
"A(p=17,f=0.40,h=128,lr=0.01,wd=1.0,max=40000)",11,8640,1.0,2.1457670129620965e-07,0.005747126436781609,5.48334264755249,26.93966458067499
"A(p=17,f=0.40,h=128,lr=0.01,wd=1.0,max=40000)",11,8660,1.0,2.3012574956737808e-07,0.005747126436781609,5.481081008911133,26.937325823040297
"A(p=17,f=0.40,h=128,lr=0.01,wd=1.0,max=40000)",11,8680,1.0,2.1975971264964755e-07,0.005747126436781609,5.482671737670898,26.9383618289009
"A(p=17,f=0.40,h=128,lr=0.01,wd=1.0,max=40000)",11,8700,1.0,2.3427215012361557e-07,0.005747126436781609,5.481017112731934,26.935811391570375
"A(p=17,f=0.40,h=128,lr=0.01,wd=1.0,max=40000)",11,8720,1.0,2.3634535750716168e-07,0.005747126436781609,5.480749130249023,26.937365498288994
"A(p=17,f=0.40,h=128,lr=0.01,wd=1.0,max=40000)",11,8740,1.0,2.3738195409350737e-07,0.005747126436781609,5.480170726776123,26.93569599884205
"A(p=17,f=0.40,h=128,lr=0.01,wd=1.0,max=40000)",11,8760,1.0,2.3427215012361557e-07,0.005747126436781609,5.478704929351807,26.935477067206023
"A(p=17,f=0.40,h=128,lr=0.01,wd=1.0,max=40000)",11,8780,1.0,2.1872311606330186e-07,0.005747126436781609,5.482565879821777,26.939725068320595
"A(p=17,f=0.40,h=128,lr=0.01,wd=1.0,max=40000)",11,8800,1.0,2.2701593138663156e-07,0.005747126436781609,5.479760646820068,26.936578089057576
"A(p=17,f=0.40,h=128,lr=0.01,wd=1.0,max=40000)",11,8820,1.0,2.2494272400308546e-07,0.005747126436781609,5.480113506317139,26.93683703310694
"A(p=17,f=0.40,h=128,lr=0.01,wd=1.0,max=40000)",11,8840,1.0,2.1664990867975575e-07,0.005747126436781609,5.4811625480651855,26.938746448621387
"A(p=17,f=0.40,h=128,lr=0.01,wd=1.0,max=40000)",11,8860,1.0,2.2390612741673976e-07,0.005747126436781609,5.480764865875244,26.93753876217902
"A(p=17,f=0.40,h=128,lr=0.01,wd=1.0,max=40000)",11,8880,1.0,2.2183292003319366e-07,0.005747126436781609,5.4811224937438965,26.936703766193464
"A(p=17,f=0.40,h=128,lr=0.01,wd=1.0,max=40000)",11,8900,1.0,2.2390612741673976e-07,0.005747126436781609,5.479372024536133,26.936405803984183
"A(p=17,f=0.40,h=128,lr=0.01,wd=1.0,max=40000)",11,8920,1.0,2.2908913877017767e-07,0.005747126436781609,5.4798760414123535,26.936331725081097
"A(p=17,f=0.40,h=128,lr=0.01,wd=1.0,max=40000)",11,8940,1.0,2.2286953083039407e-07,0.005747126436781609,5.479107856750488,26.937541206566948
"A(p=17,f=0.40,h=128,lr=0.01,wd=1.0,max=40000)",11,8960,1.0,2.2701593138663156e-07,0.005747126436781609,5.479125499725342,26.93634583533825
"A(p=17,f=0.40,h=128,lr=0.01,wd=1.0,max=40000)",11,8980,1.0,2.394551756879082e-07,0.005747126436781609,5.478179454803467,26.934451423603598
"A(p=17,f=0.40,h=128,lr=0.01,wd=1.0,max=40000)",11,9000,1.0,2.3116234615372377e-07,0.005747126436781609,5.4787821769714355,26.936285697207545
"A(p=17,f=0.40,h=128,lr=0.01,wd=1.0,max=40000)",11,9020,1.0,2.2286953083039407e-07,0.005747126436781609,5.479637622833252,26.937031094140213
"A(p=17,f=0.40,h=128,lr=0.01,wd=1.0,max=40000)",11,9040,1.0,2.2079632344684796e-07,0.005747126436781609,5.481240749359131,26.938713780869566
"A(p=17,f=0.40,h=128,lr=0.01,wd=1.0,max=40000)",11,9060,1.0,2.2286953083039407e-07,0.005747126436781609,5.479177951812744,26.935443426899553
"A(p=17,f=0.40,h=128,lr=0.01,wd=1.0,max=40000)",11,9080,1.0,2.1975971264964755e-07,0.005747126436781609,5.481096267700195,26.937264025482943
"A(p=17,f=0.40,h=128,lr=0.01,wd=1.0,max=40000)",11,9100,1.0,2.2908913877017767e-07,0.005747126436781609,5.477859020233154,26.934370013374714
"A(p=17,f=0.40,h=128,lr=0.01,wd=1.0,max=40000)",11,9120,1.0,2.1354010470986395e-07,0.005747126436781609,5.480288982391357,26.937346880804327
"A(p=17,f=0.40,h=128,lr=0.01,wd=1.0,max=40000)",11,9140,1.0,2.2183292003319366e-07,0.005747126436781609,5.478732585906982,26.935188435278484
"A(p=17,f=0.40,h=128,lr=0.01,wd=1.0,max=40000)",11,9160,1.0,2.3841856489070778e-07,0.005747126436781609,5.47747278213501,26.934595076797734
"A(p=17,f=0.40,h=128,lr=0.01,wd=1.0,max=40000)",11,9180,1.0,2.1768651947695616e-07,0.005747126436781609,5.48102331161499,26.938598272157034
"A(p=17,f=0.40,h=128,lr=0.01,wd=1.0,max=40000)",11,9200,1.0,2.1975971264964755e-07,0.005747126436781609,5.480595111846924,26.93643596214656
"A(p=17,f=0.40,h=128,lr=0.01,wd=1.0,max=40000)",11,9220,1.0,2.2805254218383197e-07,0.005747126436781609,5.478936672210693,26.93698940299044
"A(p=17,f=0.40,h=128,lr=0.01,wd=1.0,max=40000)",11,9240,1.0,2.2494272400308546e-07,0.005747126436781609,5.4796671867370605,26.937650637734816
"A(p=17,f=0.40,h=128,lr=0.01,wd=1.0,max=40000)",11,9260,1.0,2.3012574956737808e-07,0.005747126436781609,5.478157043457031,26.935087533259225
"A(p=17,f=0.40,h=128,lr=0.01,wd=1.0,max=40000)",11,9280,1.0,2.2805254218383197e-07,0.005747126436781609,5.4789557456970215,26.937601712468673
"A(p=17,f=0.40,h=128,lr=0.01,wd=1.0,max=40000)",11,9300,1.0,2.3116234615372377e-07,0.005747126436781609,5.479119777679443,26.937612395492142
"A(p=17,f=0.40,h=128,lr=0.01,wd=1.0,max=40000)",11,9320,1.0,2.3012574956737808e-07,0.005747126436781609,5.476374626159668,26.934559930370185
"A(p=17,f=0.40,h=128,lr=0.01,wd=1.0,max=40000)",11,9340,1.0,2.2079632344684796e-07,0.005747126436781609,5.478299140930176,26.937081378750005
"A(p=17,f=0.40,h=128,lr=0.01,wd=1.0,max=40000)",11,9360,1.0,2.2701593138663156e-07,0.005747126436781609,5.4767985343933105,26.935454995690836
"A(p=17,f=0.40,h=128,lr=0.01,wd=1.0,max=40000)",11,9380,1.0,2.2597933480028587e-07,0.005747126436781609,5.477377891540527,26.936118145067375
"A(p=17,f=0.40,h=128,lr=0.01,wd=1.0,max=40000)",11,9400,1.0,2.1664990867975575e-07,0.005747126436781609,5.4794487953186035,26.938187069769942
"A(p=17,f=0.40,h=128,lr=0.01,wd=1.0,max=40000)",11,9420,1.0,2.1975971264964755e-07,0.005747126436781609,5.477323055267334,26.93644785732185
"A(p=17,f=0.40,h=128,lr=0.01,wd=1.0,max=40000)",11,9440,1.0,2.2908913877017767e-07,0.005747126436781609,5.4771270751953125,26.93575078456722
"A(p=17,f=0.40,h=128,lr=0.01,wd=1.0,max=40000)",11,9460,1.0,2.3116234615372377e-07,0.005747126436781609,5.477003574371338,26.93465243116701
"A(p=17,f=0.40,h=128,lr=0.01,wd=1.0,max=40000)",11,9480,1.0,2.2390612741673976e-07,0.005747126436781609,5.477910041809082,26.93685610077601
"A(p=17,f=0.40,h=128,lr=0.01,wd=1.0,max=40000)",11,9500,1.0,2.2079632344684796e-07,0.005747126436781609,5.478468894958496,26.938045823417003
"A(p=17,f=0.40,h=128,lr=0.01,wd=1.0,max=40000)",11,9520,1.0,2.2597933480028587e-07,0.005747126436781609,5.476184844970703,26.935641072519598
"A(p=17,f=0.40,h=128,lr=0.01,wd=1.0,max=40000)",11,9540,1.0,2.2494272400308546e-07,0.005747126436781609,5.478147983551025,26.936353578553184
"A(p=17,f=0.40,h=128,lr=0.01,wd=1.0,max=40000)",11,9560,1.0,2.1975971264964755e-07,0.005747126436781609,5.478229522705078,26.936348899057773
"A(p=17,f=0.40,h=128,lr=0.01,wd=1.0,max=40000)",11,9580,1.0,2.2908913877017767e-07,0.005747126436781609,5.477969169616699,26.93556722431589
"A(p=17,f=0.40,h=128,lr=0.01,wd=1.0,max=40000)",11,9600,1.0,2.2805254218383197e-07,0.005747126436781609,5.479168891906738,26.936549956856645
"A(p=17,f=0.40,h=128,lr=0.01,wd=1.0,max=40000)",11,9620,1.0,2.3323555353726988e-07,0.005747126436781609,5.475373268127441,26.933802874622458
"A(p=17,f=0.40,h=128,lr=0.01,wd=1.0,max=40000)",11,9640,1.0,2.2079632344684796e-07,0.005747126436781609,5.478048801422119,26.936667649390834
"A(p=17,f=0.40,h=128,lr=0.01,wd=1.0,max=40000)",11,9660,1.0,2.2701593138663156e-07,0.005747126436781609,5.4762983322143555,26.93547689657328
"A(p=17,f=0.40,h=128,lr=0.01,wd=1.0,max=40000)",11,9680,1.0,2.2805254218383197e-07,0.005747126436781609,5.47859001159668,26.936053619973347
"A(p=17,f=0.40,h=128,lr=0.01,wd=1.0,max=40000)",11,9700,1.0,2.2597933480028587e-07,0.005747126436781609,5.4768595695495605,26.934948278105956
"A(p=17,f=0.40,h=128,lr=0.01,wd=1.0,max=40000)",11,9720,1.0,2.2908913877017767e-07,0.005747126436781609,5.47626256942749,26.934349123825395
"A(p=17,f=0.40,h=128,lr=0.01,wd=1.0,max=40000)",11,9740,1.0,2.2286953083039407e-07,0.005747126436781609,5.477554798126221,26.935359944702228
"A(p=17,f=0.40,h=128,lr=0.01,wd=1.0,max=40000)",11,9760,1.0,2.2805254218383197e-07,0.005747126436781609,5.477078437805176,26.934726748341497
"A(p=17,f=0.40,h=128,lr=0.01,wd=1.0,max=40000)",11,9780,1.0,2.2908913877017767e-07,0.005747126436781609,5.47808837890625,26.935198082677733
"A(p=17,f=0.40,h=128,lr=0.01,wd=1.0,max=40000)",11,9800,1.0,2.2286953083039407e-07,0.005747126436781609,5.478565692901611,26.93674075512529
"A(p=17,f=0.40,h=128,lr=0.01,wd=1.0,max=40000)",11,9820,1.0,2.2390612741673976e-07,0.005747126436781609,5.4792256355285645,26.93792933682508
"A(p=17,f=0.40,h=128,lr=0.01,wd=1.0,max=40000)",11,9840,1.0,2.2597933480028587e-07,0.005747126436781609,5.477180480957031,26.934385447278967
"A(p=17,f=0.40,h=128,lr=0.01,wd=1.0,max=40000)",11,9860,1.0,2.2494272400308546e-07,0.005747126436781609,5.477629661560059,26.936794764322276
"A(p=17,f=0.40,h=128,lr=0.01,wd=1.0,max=40000)",11,9880,1.0,2.2701593138663156e-07,0.005747126436781609,5.479925632476807,26.93761079023624
"A(p=17,f=0.40,h=128,lr=0.01,wd=1.0,max=40000)",11,9900,1.0,2.3012574956737808e-07,0.005747126436781609,5.4778828620910645,26.933814502317116
"A(p=17,f=0.40,h=128,lr=0.01,wd=1.0,max=40000)",11,9920,1.0,2.2183292003319366e-07,0.005747126436781609,5.477869987487793,26.935949391207696
"A(p=17,f=0.40,h=128,lr=0.01,wd=1.0,max=40000)",11,9940,1.0,2.3323555353726988e-07,0.005747126436781609,5.4763641357421875,26.933762748118898
"A(p=17,f=0.40,h=128,lr=0.01,wd=1.0,max=40000)",11,9960,1.0,2.3116234615372377e-07,0.005747126436781609,5.4764204025268555,26.934603239752473
"A(p=17,f=0.40,h=128,lr=0.01,wd=1.0,max=40000)",11,9980,1.0,2.2390612741673976e-07,0.005747126436781609,5.477245807647705,26.934068066443775
"A(p=17,f=0.40,h=128,lr=0.01,wd=1.0,max=40000)",11,10000,1.0,2.2286953083039407e-07,0.005747126436781609,5.477438449859619,26.93433336651941
"A(p=17,f=0.40,h=128,lr=0.01,wd=1.0,max=40000)",11,10020,1.0,2.1768651947695616e-07,0.005747126436781609,5.478888034820557,26.936703551990348
"A(p=17,f=0.40,h=128,lr=0.01,wd=1.0,max=40000)",11,10040,1.0,2.2597933480028587e-07,0.005747126436781609,5.4786763191223145,26.936773968677947
"A(p=17,f=0.40,h=128,lr=0.01,wd=1.0,max=40000)",11,10060,1.0,2.2805254218383197e-07,0.005747126436781609,5.4776787757873535,26.9351229070891
"A(p=17,f=0.40,h=128,lr=0.01,wd=1.0,max=40000)",11,10080,1.0,2.2701593138663156e-07,0.005747126436781609,5.477409839630127,26.93459114176002
"A(p=17,f=0.40,h=128,lr=0.01,wd=1.0,max=40000)",11,10100,1.0,2.1975971264964755e-07,0.005747126436781609,5.476654052734375,26.934463376028923
"A(p=17,f=0.40,h=128,lr=0.01,wd=1.0,max=40000)",11,10120,1.0,2.3012574956737808e-07,0.005747126436781609,5.476272106170654,26.93392865104914
"A(p=17,f=0.40,h=128,lr=0.01,wd=1.0,max=40000)",11,10140,1.0,2.3116234615372377e-07,0.005747126436781609,5.475151538848877,26.93259273080796
"A(p=17,f=0.40,h=128,lr=0.01,wd=1.0,max=40000)",11,10160,1.0,2.2390612741673976e-07,0.005747126436781609,5.475924015045166,26.934261470821145
"A(p=17,f=0.40,h=128,lr=0.01,wd=1.0,max=40000)",11,10180,1.0,2.2701593138663156e-07,0.005747126436781609,5.476766586303711,26.935295522572684
"A(p=17,f=0.40,h=128,lr=0.01,wd=1.0,max=40000)",11,10200,1.0,2.2494272400308546e-07,0.005747126436781609,5.474382400512695,26.933071755173604
"A(p=17,f=0.40,h=128,lr=0.01,wd=1.0,max=40000)",11,10220,1.0,2.2701593138663156e-07,0.005747126436781609,5.47426176071167,26.93288946353944
"A(p=17,f=0.40,h=128,lr=0.01,wd=1.0,max=40000)",11,10240,1.0,2.2286953083039407e-07,0.005747126436781609,5.474673271179199,26.933714780246465
"A(p=17,f=0.40,h=128,lr=0.01,wd=1.0,max=40000)",11,10260,1.0,2.2494272400308546e-07,0.005747126436781609,5.475497722625732,26.934070950907042
"A(p=17,f=0.40,h=128,lr=0.01,wd=1.0,max=40000)",11,10280,1.0,2.2183292003319366e-07,0.005747126436781609,5.4771552085876465,26.93486216669473
"A(p=17,f=0.40,h=128,lr=0.01,wd=1.0,max=40000)",11,10300,1.0,2.2494272400308546e-07,0.005747126436781609,5.475975513458252,26.93312583585989
"A(p=17,f=0.40,h=128,lr=0.01,wd=1.0,max=40000)",11,10320,1.0,2.2494272400308546e-07,0.005747126436781609,5.475801944732666,26.9336425793437
"A(p=17,f=0.40,h=128,lr=0.01,wd=1.0,max=40000)",11,10340,1.0,2.1975971264964755e-07,0.005747126436781609,5.474693775177002,26.932732461153734
"A(p=17,f=0.40,h=128,lr=0.01,wd=1.0,max=40000)",11,10360,1.0,2.3012574956737808e-07,0.005747126436781609,5.471920490264893,26.93109103265977
"A(p=17,f=0.40,h=128,lr=0.01,wd=1.0,max=40000)",11,10380,1.0,2.2286953083039407e-07,0.005747126436781609,5.474184989929199,26.932904393248446
"A(p=17,f=0.40,h=128,lr=0.01,wd=1.0,max=40000)",11,10400,1.0,2.2183292003319366e-07,0.005747126436781609,5.474133491516113,26.932981546562395
"A(p=17,f=0.40,h=128,lr=0.01,wd=1.0,max=40000)",11,10420,1.0,2.2701593138663156e-07,0.005747126436781609,5.475122928619385,26.93428626646387
"A(p=17,f=0.40,h=128,lr=0.01,wd=1.0,max=40000)",11,10440,1.0,2.2805254218383197e-07,0.005747126436781609,5.47506856918335,26.93315682566974
"A(p=17,f=0.40,h=128,lr=0.01,wd=1.0,max=40000)",11,10460,1.0,2.3012574956737808e-07,0.005747126436781609,5.476079940795898,26.93474281145478
"A(p=17,f=0.40,h=128,lr=0.01,wd=1.0,max=40000)",11,10480,1.0,2.3219894274006947e-07,0.005747126436781609,5.4732232093811035,26.932182300886936
"A(p=17,f=0.40,h=128,lr=0.01,wd=1.0,max=40000)",11,10500,1.0,2.2597933480028587e-07,0.005747126436781609,5.475326061248779,26.935117398266918
"A(p=17,f=0.40,h=128,lr=0.01,wd=1.0,max=40000)",11,10520,1.0,2.3427215012361557e-07,0.005747126436781609,5.471971035003662,26.93037139058589
"A(p=17,f=0.40,h=128,lr=0.01,wd=1.0,max=40000)",11,10540,1.0,2.1768651947695616e-07,0.005747126436781609,5.474045753479004,26.93307970234576
"A(p=17,f=0.40,h=128,lr=0.01,wd=1.0,max=40000)",11,10560,1.0,2.1561331209341006e-07,0.005747126436781609,5.475478172302246,26.936407718023652
"A(p=17,f=0.40,h=128,lr=0.01,wd=1.0,max=40000)",11,10580,1.0,2.3219894274006947e-07,0.005747126436781609,5.472805500030518,26.931662844217282
"A(p=17,f=0.40,h=128,lr=0.01,wd=1.0,max=40000)",11,10600,1.0,2.3219894274006947e-07,0.005747126436781609,5.473488807678223,26.932892958021124
"A(p=17,f=0.40,h=128,lr=0.01,wd=1.0,max=40000)",11,10620,1.0,2.1664990867975575e-07,0.005747126436781609,5.473343849182129,26.933153753054924
"A(p=17,f=0.40,h=128,lr=0.01,wd=1.0,max=40000)",11,10640,1.0,2.2079632344684796e-07,0.005747126436781609,5.473646640777588,26.934891223811217
"A(p=17,f=0.40,h=128,lr=0.01,wd=1.0,max=40000)",11,10660,1.0,2.3219894274006947e-07,0.005747126436781609,5.474746227264404,26.934109009555026
"A(p=17,f=0.40,h=128,lr=0.01,wd=1.0,max=40000)",11,10680,1.0,2.2494272400308546e-07,0.005747126436781609,5.473518371582031,26.933591237214056
"A(p=17,f=0.40,h=128,lr=0.01,wd=1.0,max=40000)",11,10700,1.0,2.2805254218383197e-07,0.005747126436781609,5.474782943725586,26.935104409715315
"A(p=17,f=0.40,h=128,lr=0.01,wd=1.0,max=40000)",11,10720,1.0,2.1768651947695616e-07,0.005747126436781609,5.475351810455322,26.935202603882516
"A(p=17,f=0.40,h=128,lr=0.01,wd=1.0,max=40000)",11,10740,1.0,2.2597933480028587e-07,0.005747126436781609,5.472248554229736,26.93143284423305
"A(p=17,f=0.40,h=128,lr=0.01,wd=1.0,max=40000)",11,10760,1.0,2.3012574956737808e-07,0.005747126436781609,5.473534107208252,26.932503758165407
"A(p=17,f=0.40,h=128,lr=0.01,wd=1.0,max=40000)",11,10780,1.0,2.2079632344684796e-07,0.005747126436781609,5.474141597747803,26.934961192959776
"A(p=17,f=0.40,h=128,lr=0.01,wd=1.0,max=40000)",11,10800,1.0,2.1872311606330186e-07,0.005747126436781609,5.47413444519043,26.934481783419514
"A(p=17,f=0.40,h=128,lr=0.01,wd=1.0,max=40000)",11,10820,1.0,2.3116234615372377e-07,0.005747126436781609,5.472454071044922,26.932247746954424
"A(p=17,f=0.40,h=128,lr=0.01,wd=1.0,max=40000)",11,10840,1.0,2.3116234615372377e-07,0.005747126436781609,5.471675395965576,26.932257962674633
"A(p=17,f=0.40,h=128,lr=0.01,wd=1.0,max=40000)",11,10860,1.0,2.2701593138663156e-07,0.005747126436781609,5.4739885330200195,26.935749872067962
"A(p=17,f=0.40,h=128,lr=0.01,wd=1.0,max=40000)",11,10880,1.0,2.3116234615372377e-07,0.005747126436781609,5.47210693359375,26.93269637770463
"A(p=17,f=0.40,h=128,lr=0.01,wd=1.0,max=40000)",11,10900,1.0,2.2805254218383197e-07,0.005747126436781609,5.474074363708496,26.935481725343273
"A(p=17,f=0.40,h=128,lr=0.01,wd=1.0,max=40000)",11,10920,1.0,2.2390612741673976e-07,0.005747126436781609,5.474040508270264,26.933992330134743
"A(p=17,f=0.40,h=128,lr=0.01,wd=1.0,max=40000)",11,10940,1.0,2.2079632344684796e-07,0.005747126436781609,5.473945617675781,26.93433597858103
"A(p=17,f=0.40,h=128,lr=0.01,wd=1.0,max=40000)",11,10960,1.0,2.2805254218383197e-07,0.005747126436781609,5.474132061004639,26.934836453267025
"A(p=17,f=0.40,h=128,lr=0.01,wd=1.0,max=40000)",11,10980,1.0,2.3323555353726988e-07,0.005747126436781609,5.470678329467773,26.931810050541916
"A(p=17,f=0.40,h=128,lr=0.01,wd=1.0,max=40000)",11,11000,1.0,2.2286953083039407e-07,0.005747126436781609,5.472997188568115,26.934206773318223
"A(p=17,f=0.40,h=128,lr=0.01,wd=1.0,max=40000)",11,11020,1.0,2.1975971264964755e-07,0.005747126436781609,5.4745659828186035,26.935606739977665
"A(p=17,f=0.40,h=128,lr=0.01,wd=1.0,max=40000)",11,11040,1.0,2.2183292003319366e-07,0.005747126436781609,5.473118305206299,26.93570254770173
"A(p=17,f=0.40,h=128,lr=0.01,wd=1.0,max=40000)",11,11060,1.0,2.1457670129620965e-07,0.005747126436781609,5.4741339683532715,26.936103717475454
"A(p=17,f=0.40,h=128,lr=0.01,wd=1.0,max=40000)",11,11080,1.0,2.2494272400308546e-07,0.005747126436781609,5.471449851989746,26.93348744956292
"A(p=17,f=0.40,h=128,lr=0.01,wd=1.0,max=40000)",11,11100,1.0,2.2079632344684796e-07,0.005747126436781609,5.47258186340332,26.93455464706174
"A(p=17,f=0.40,h=128,lr=0.01,wd=1.0,max=40000)",11,11120,1.0,2.2494272400308546e-07,0.005747126436781609,5.471332550048828,26.93333729540567
"A(p=17,f=0.40,h=128,lr=0.01,wd=1.0,max=40000)",11,11140,1.0,2.1561331209341006e-07,0.005747126436781609,5.4729905128479,26.935931475564274
"A(p=17,f=0.40,h=128,lr=0.01,wd=1.0,max=40000)",11,11160,1.0,2.2390612741673976e-07,0.005747126436781609,5.471063613891602,26.93292100332863
"A(p=17,f=0.40,h=128,lr=0.01,wd=1.0,max=40000)",11,11180,1.0,2.2597933480028587e-07,0.005747126436781609,5.471681118011475,26.93349641091171
"A(p=17,f=0.40,h=128,lr=0.01,wd=1.0,max=40000)",11,11200,1.0,2.2286953083039407e-07,0.005747126436781609,5.472262859344482,26.934286673336878
"A(p=17,f=0.40,h=128,lr=0.01,wd=1.0,max=40000)",11,11220,1.0,2.3634535750716168e-07,0.005747126436781609,5.467988014221191,26.92913900678245
"A(p=17,f=0.40,h=128,lr=0.01,wd=1.0,max=40000)",11,11240,1.0,2.1872311606330186e-07,0.005747126436781609,5.471310615539551,26.933578710359583
"A(p=17,f=0.40,h=128,lr=0.01,wd=1.0,max=40000)",11,11260,1.0,2.2701593138663156e-07,0.005747126436781609,5.471415996551514,26.9342319792704
"A(p=17,f=0.40,h=128,lr=0.01,wd=1.0,max=40000)",11,11280,1.0,2.1975971264964755e-07,0.005747126436781609,5.471480846405029,26.932554427385476
"A(p=17,f=0.40,h=128,lr=0.01,wd=1.0,max=40000)",11,11300,1.0,2.1561331209341006e-07,0.005747126436781609,5.471210479736328,26.933876872900356
"A(p=17,f=0.40,h=128,lr=0.01,wd=1.0,max=40000)",11,11320,1.0,2.2494272400308546e-07,0.005747126436781609,5.470487117767334,26.93313033935703
"A(p=17,f=0.40,h=128,lr=0.01,wd=1.0,max=40000)",11,11340,1.0,2.2286953083039407e-07,0.005747126436781609,5.470224857330322,26.932886151362563
"A(p=17,f=0.40,h=128,lr=0.01,wd=1.0,max=40000)",11,11360,1.0,2.2390612741673976e-07,0.005747126436781609,5.470239162445068,26.934052031662638
"A(p=17,f=0.40,h=128,lr=0.01,wd=1.0,max=40000)",11,11380,1.0,2.2805254218383197e-07,0.005747126436781609,5.469909191131592,26.933008206095398
"A(p=17,f=0.40,h=128,lr=0.01,wd=1.0,max=40000)",11,11400,1.0,2.3012574956737808e-07,0.005747126436781609,5.470571517944336,26.933164240323528
"A(p=17,f=0.40,h=128,lr=0.01,wd=1.0,max=40000)",11,11420,1.0,2.3116234615372377e-07,0.005747126436781609,5.4690842628479,26.932549022857906
"A(p=17,f=0.40,h=128,lr=0.01,wd=1.0,max=40000)",11,11440,1.0,2.2286953083039407e-07,0.005747126436781609,5.470261096954346,26.933989251153786
"A(p=17,f=0.40,h=128,lr=0.01,wd=1.0,max=40000)",11,11460,1.0,2.2390612741673976e-07,0.005747126436781609,5.471218585968018,26.933210377505375
"A(p=17,f=0.40,h=128,lr=0.01,wd=1.0,max=40000)",11,11480,1.0,2.2079632344684796e-07,0.005747126436781609,5.4724602699279785,26.935060420458814
"A(p=17,f=0.40,h=128,lr=0.01,wd=1.0,max=40000)",11,11500,1.0,2.2701593138663156e-07,0.005747126436781609,5.469451904296875,26.932603170543615
"A(p=17,f=0.40,h=128,lr=0.01,wd=1.0,max=40000)",11,11520,1.0,2.2908913877017767e-07,0.005747126436781609,5.470955848693848,26.932967223345706
"A(p=17,f=0.40,h=128,lr=0.01,wd=1.0,max=40000)",11,11540,1.0,2.2494272400308546e-07,0.005747126436781609,5.470597267150879,26.932141724412574
"A(p=17,f=0.40,h=128,lr=0.01,wd=1.0,max=40000)",11,11560,1.0,2.2286953083039407e-07,0.005747126436781609,5.471202850341797,26.934484013456274
"A(p=17,f=0.40,h=128,lr=0.01,wd=1.0,max=40000)",11,11580,1.0,2.2079632344684796e-07,0.005747126436781609,5.471957683563232,26.934589677726578
"A(p=17,f=0.40,h=128,lr=0.01,wd=1.0,max=40000)",11,11600,1.0,2.2805254218383197e-07,0.005747126436781609,5.470010757446289,26.93383693863233
"A(p=17,f=0.40,h=128,lr=0.01,wd=1.0,max=40000)",11,11620,1.0,2.2494272400308546e-07,0.005747126436781609,5.471540927886963,26.933026351484482
"A(p=17,f=0.40,h=128,lr=0.01,wd=1.0,max=40000)",11,11640,1.0,2.2701593138663156e-07,0.005747126436781609,5.4719672203063965,26.93367168865593
"A(p=17,f=0.40,h=128,lr=0.01,wd=1.0,max=40000)",11,11660,1.0,2.2494272400308546e-07,0.005747126436781609,5.472062110900879,26.932674442352027
"A(p=17,f=0.40,h=128,lr=0.01,wd=1.0,max=40000)",11,11680,1.0,2.1872311606330186e-07,0.005747126436781609,5.472698211669922,26.933079523590138
"A(p=17,f=0.40,h=128,lr=0.01,wd=1.0,max=40000)",11,11700,1.0,2.1975971264964755e-07,0.005747126436781609,5.471527576446533,26.931985235010124
"A(p=17,f=0.40,h=128,lr=0.01,wd=1.0,max=40000)",11,11720,1.0,2.2805254218383197e-07,0.005747126436781609,5.4716057777404785,26.93162460184862
"A(p=17,f=0.40,h=128,lr=0.01,wd=1.0,max=40000)",11,11740,1.0,2.2286953083039407e-07,0.005747126436781609,5.470562934875488,26.931183468988884
"A(p=17,f=0.40,h=128,lr=0.01,wd=1.0,max=40000)",11,11760,1.0,2.2701593138663156e-07,0.005747126436781609,5.469520092010498,26.928911650388663
"A(p=17,f=0.40,h=128,lr=0.01,wd=1.0,max=40000)",11,11780,1.0,2.1664990867975575e-07,0.005747126436781609,5.472729682922363,26.933106218933982
"A(p=17,f=0.40,h=128,lr=0.01,wd=1.0,max=40000)",11,11800,1.0,2.2183292003319366e-07,0.005747126436781609,5.473167419433594,26.93352691360369
"A(p=17,f=0.40,h=128,lr=0.01,wd=1.0,max=40000)",11,11820,1.0,2.3323555353726988e-07,0.005747126436781609,5.471227169036865,26.930228844458107
"A(p=17,f=0.40,h=128,lr=0.01,wd=1.0,max=40000)",11,11840,1.0,2.2183292003319366e-07,0.005747126436781609,5.471307754516602,26.931147630549656
"A(p=17,f=0.40,h=128,lr=0.01,wd=1.0,max=40000)",11,11860,1.0,2.2701593138663156e-07,0.005747126436781609,5.472246170043945,26.93199690438214
"A(p=17,f=0.40,h=128,lr=0.01,wd=1.0,max=40000)",11,11880,1.0,2.2908913877017767e-07,0.005747126436781609,5.471296787261963,26.930476729353206
"A(p=17,f=0.40,h=128,lr=0.01,wd=1.0,max=40000)",11,11900,1.0,2.3012574956737808e-07,0.005747126436781609,5.471233367919922,26.930455050314293
"A(p=17,f=0.40,h=128,lr=0.01,wd=1.0,max=40000)",11,11920,1.0,2.2494272400308546e-07,0.005747126436781609,5.472402572631836,26.931463263314715
"A(p=17,f=0.40,h=128,lr=0.01,wd=1.0,max=40000)",11,11940,1.0,2.2908913877017767e-07,0.005747126436781609,5.472898960113525,26.93133690515532
"A(p=17,f=0.40,h=128,lr=0.01,wd=1.0,max=40000)",11,11960,1.0,2.2805254218383197e-07,0.005747126436781609,5.473332405090332,26.930755600169828
"A(p=17,f=0.40,h=128,lr=0.01,wd=1.0,max=40000)",11,11980,1.0,2.2908913877017767e-07,0.005747126436781609,5.472159385681152,26.930286864898488
"A(p=17,f=0.40,h=128,lr=0.01,wd=1.0,max=40000)",11,12000,1.0,2.3219894274006947e-07,0.005747126436781609,5.473460674285889,26.932014640348903
"A(p=17,f=0.40,h=128,lr=0.01,wd=1.0,max=40000)",11,12020,1.0,2.1768651947695616e-07,0.005747126436781609,5.473806381225586,26.93323190298613
"A(p=17,f=0.40,h=128,lr=0.01,wd=1.0,max=40000)",11,12040,1.0,2.2494272400308546e-07,0.005747126436781609,5.471750736236572,26.931658648533332
"A(p=17,f=0.40,h=128,lr=0.01,wd=1.0,max=40000)",11,12060,1.0,2.1768651947695616e-07,0.005747126436781609,5.474616050720215,26.934273220647707
"A(p=17,f=0.40,h=128,lr=0.01,wd=1.0,max=40000)",11,12080,1.0,2.1250349391266354e-07,0.005747126436781609,5.474275588989258,26.933548336182387
"A(p=17,f=0.40,h=128,lr=0.01,wd=1.0,max=40000)",11,12100,1.0,2.2286953083039407e-07,0.005747126436781609,5.47205114364624,26.932520102736156
"A(p=17,f=0.40,h=128,lr=0.01,wd=1.0,max=40000)",11,12120,1.0,2.2494272400308546e-07,0.005747126436781609,5.472172260284424,26.931889169482194
"A(p=17,f=0.40,h=128,lr=0.01,wd=1.0,max=40000)",11,12140,1.0,2.3116234615372377e-07,0.005747126436781609,5.470980167388916,26.931089135917965
"A(p=17,f=0.40,h=128,lr=0.01,wd=1.0,max=40000)",11,12160,1.0,2.2494272400308546e-07,0.005747126436781609,5.4720940589904785,26.93132736130919
"A(p=17,f=0.40,h=128,lr=0.01,wd=1.0,max=40000)",11,12180,1.0,2.2908913877017767e-07,0.005747126436781609,5.470856189727783,26.93093115816039
"A(p=17,f=0.40,h=128,lr=0.01,wd=1.0,max=40000)",11,12200,1.0,2.2390612741673976e-07,0.005747126436781609,5.47113037109375,26.930698478410022
"A(p=17,f=0.40,h=128,lr=0.01,wd=1.0,max=40000)",11,12220,1.0,2.2390612741673976e-07,0.005747126436781609,5.4713006019592285,26.930876709708695
"A(p=17,f=0.40,h=128,lr=0.01,wd=1.0,max=40000)",11,12240,1.0,2.2597933480028587e-07,0.005747126436781609,5.4702348709106445,26.930635748400274
"A(p=17,f=0.40,h=128,lr=0.01,wd=1.0,max=40000)",11,12260,1.0,2.2494272400308546e-07,0.005747126436781609,5.47056770324707,26.930763764826768
"A(p=17,f=0.40,h=128,lr=0.01,wd=1.0,max=40000)",11,12280,1.0,2.2805254218383197e-07,0.005747126436781609,5.471707820892334,26.931909113252697
"A(p=17,f=0.40,h=128,lr=0.01,wd=1.0,max=40000)",11,12300,1.0,2.2701593138663156e-07,0.005747126436781609,5.4719953536987305,26.93243258539254
"A(p=17,f=0.40,h=128,lr=0.01,wd=1.0,max=40000)",11,12320,1.0,2.2805254218383197e-07,0.005747126436781609,5.470097541809082,26.929754828246764
"A(p=17,f=0.40,h=128,lr=0.01,wd=1.0,max=40000)",11,12340,1.0,2.2079632344684796e-07,0.005747126436781609,5.471858024597168,26.93269400591665
"A(p=17,f=0.40,h=128,lr=0.01,wd=1.0,max=40000)",11,12360,1.0,2.2494272400308546e-07,0.005747126436781609,5.470220565795898,26.93027630030181
"A(p=17,f=0.40,h=128,lr=0.01,wd=1.0,max=40000)",11,12380,1.0,2.3530876092081598e-07,0.005747126436781609,5.47006893157959,26.930151914548926
"A(p=17,f=0.40,h=128,lr=0.01,wd=1.0,max=40000)",11,12400,1.0,2.1768651947695616e-07,0.005747126436781609,5.472231864929199,26.932493332229576
"A(p=17,f=0.40,h=128,lr=0.01,wd=1.0,max=40000)",11,12420,1.0,2.2908913877017767e-07,0.005747126436781609,5.469907283782959,26.929832197510713
"A(p=17,f=0.40,h=128,lr=0.01,wd=1.0,max=40000)",11,12440,1.0,2.2701593138663156e-07,0.005747126436781609,5.470157623291016,26.92972966282126
"A(p=17,f=0.40,h=128,lr=0.01,wd=1.0,max=40000)",11,12460,1.0,2.1768651947695616e-07,0.005747126436781609,5.47174072265625,26.93238914826994
"A(p=17,f=0.40,h=128,lr=0.01,wd=1.0,max=40000)",11,12480,1.0,2.1975971264964755e-07,0.005747126436781609,5.472507953643799,26.932817577868047
"A(p=17,f=0.40,h=128,lr=0.01,wd=1.0,max=40000)",11,12500,1.0,2.2183292003319366e-07,0.005747126436781609,5.471505641937256,26.930805744472085
"A(p=17,f=0.40,h=128,lr=0.01,wd=1.0,max=40000)",11,12520,1.0,2.2079632344684796e-07,0.005747126436781609,5.470721244812012,26.930599042797176
"A(p=17,f=0.40,h=128,lr=0.01,wd=1.0,max=40000)",11,12540,1.0,2.2908913877017767e-07,0.005747126436781609,5.470015048980713,26.930966644278147
"A(p=17,f=0.40,h=128,lr=0.01,wd=1.0,max=40000)",11,12560,1.0,2.2805254218383197e-07,0.005747126436781609,5.471039295196533,26.931005799799948
"A(p=17,f=0.40,h=128,lr=0.01,wd=1.0,max=40000)",11,12580,1.0,2.2183292003319366e-07,0.005747126436781609,5.471771240234375,26.931488089200677
"A(p=17,f=0.40,h=128,lr=0.01,wd=1.0,max=40000)",11,12600,1.0,2.1664990867975575e-07,0.005747126436781609,5.4732465744018555,26.932519834233872
"A(p=17,f=0.40,h=128,lr=0.01,wd=1.0,max=40000)",11,12620,1.0,2.2597933480028587e-07,0.005747126436781609,5.4711809158325195,26.93023222920585
"A(p=17,f=0.40,h=128,lr=0.01,wd=1.0,max=40000)",11,12640,1.0,2.2701593138663156e-07,0.005747126436781609,5.471360206604004,26.930348643387507
"A(p=17,f=0.40,h=128,lr=0.01,wd=1.0,max=40000)",11,12660,1.0,2.3116234615372377e-07,0.005747126436781609,5.4705424308776855,26.92929231296098
"A(p=17,f=0.40,h=128,lr=0.01,wd=1.0,max=40000)",11,12680,1.0,2.2390612741673976e-07,0.005747126436781609,5.4730939865112305,26.93167676104774
"A(p=17,f=0.40,h=128,lr=0.01,wd=1.0,max=40000)",11,12700,1.0,2.2286953083039407e-07,0.005747126436781609,5.4700117111206055,26.92760905062598
"A(p=17,f=0.40,h=128,lr=0.01,wd=1.0,max=40000)",11,12720,1.0,2.2701593138663156e-07,0.005747126436781609,5.470530033111572,26.92986362290242
"A(p=17,f=0.40,h=128,lr=0.01,wd=1.0,max=40000)",11,12740,1.0,2.2494272400308546e-07,0.005747126436781609,5.469626426696777,26.926970095607043
"A(p=17,f=0.40,h=128,lr=0.01,wd=1.0,max=40000)",11,12760,1.0,2.2494272400308546e-07,0.005747126436781609,5.468682289123535,26.9266278439942
"A(p=17,f=0.40,h=128,lr=0.01,wd=1.0,max=40000)",11,12780,1.0,2.2494272400308546e-07,0.005747126436781609,5.468327522277832,26.926886020270107
"A(p=17,f=0.40,h=128,lr=0.01,wd=1.0,max=40000)",11,12800,1.0,2.2079632344684796e-07,0.005747126436781609,5.468204498291016,26.926596917042275
"A(p=17,f=0.40,h=128,lr=0.01,wd=1.0,max=40000)",11,12820,1.0,2.1768651947695616e-07,0.005747126436781609,5.469438552856445,26.927802002426834
"A(p=17,f=0.40,h=128,lr=0.01,wd=1.0,max=40000)",11,12840,1.0,2.2390612741673976e-07,0.005747126436781609,5.468745708465576,26.926348812800402
"A(p=17,f=0.40,h=128,lr=0.01,wd=1.0,max=40000)",11,12860,1.0,2.2079632344684796e-07,0.005747126436781609,5.468307018280029,26.92671715006404
"A(p=17,f=0.40,h=128,lr=0.01,wd=1.0,max=40000)",11,12880,1.0,2.2597933480028587e-07,0.005747126436781609,5.466213703155518,26.92421959774487
"A(p=17,f=0.40,h=128,lr=0.01,wd=1.0,max=40000)",11,12900,1.0,2.2183292003319366e-07,0.005747126436781609,5.468349933624268,26.92619347846812
"A(p=17,f=0.40,h=128,lr=0.01,wd=1.0,max=40000)",11,12920,1.0,2.2908913877017767e-07,0.005747126436781609,5.464570999145508,26.923318715239265
"A(p=17,f=0.40,h=128,lr=0.01,wd=1.0,max=40000)",11,12940,1.0,2.1872311606330186e-07,0.005747126436781609,5.465371131896973,26.925147994930963
"A(p=17,f=0.40,h=128,lr=0.01,wd=1.0,max=40000)",11,12960,1.0,2.2390612741673976e-07,0.005747126436781609,5.465973377227783,26.924854971174867
"A(p=17,f=0.40,h=128,lr=0.01,wd=1.0,max=40000)",11,12980,1.0,2.3012574956737808e-07,0.005747126436781609,5.463130950927734,26.92197205650628
"A(p=17,f=0.40,h=128,lr=0.01,wd=1.0,max=40000)",11,13000,1.0,2.1975971264964755e-07,0.005747126436781609,5.463774681091309,26.923801485436424
"A(p=17,f=0.40,h=128,lr=0.01,wd=1.0,max=40000)",11,13020,1.0,2.2597933480028587e-07,0.005747126436781609,5.461690425872803,26.92210597247186
"A(p=17,f=0.40,h=128,lr=0.01,wd=1.0,max=40000)",11,13040,1.0,2.2597933480028587e-07,0.005747126436781609,5.460963726043701,26.921730808592486
"A(p=17,f=0.40,h=128,lr=0.01,wd=1.0,max=40000)",11,13060,1.0,2.1975971264964755e-07,0.005747126436781609,5.462640762329102,26.92282210940825
"A(p=17,f=0.40,h=128,lr=0.01,wd=1.0,max=40000)",11,13080,1.0,2.1561331209341006e-07,0.005747126436781609,5.463183403015137,26.924458250370044
"A(p=17,f=0.40,h=128,lr=0.01,wd=1.0,max=40000)",11,13100,1.0,2.2494272400308546e-07,0.005747126436781609,5.460870742797852,26.92139301634971
"A(p=17,f=0.40,h=128,lr=0.01,wd=1.0,max=40000)",11,13120,1.0,2.2494272400308546e-07,0.005747126436781609,5.4606404304504395,26.92074583787856
"A(p=17,f=0.40,h=128,lr=0.01,wd=1.0,max=40000)",11,13140,1.0,2.1664990867975575e-07,0.005747126436781609,5.462331771850586,26.923509334386758
"A(p=17,f=0.40,h=128,lr=0.01,wd=1.0,max=40000)",11,13160,1.0,2.2701593138663156e-07,0.005747126436781609,5.460596084594727,26.922062954319383
"A(p=17,f=0.40,h=128,lr=0.01,wd=1.0,max=40000)",11,13180,1.0,2.2597933480028587e-07,0.005747126436781609,5.4596943855285645,26.921193010339284
"A(p=17,f=0.40,h=128,lr=0.01,wd=1.0,max=40000)",11,13200,1.0,2.2494272400308546e-07,0.005747126436781609,5.460320949554443,26.921581455596478
"A(p=17,f=0.40,h=128,lr=0.01,wd=1.0,max=40000)",11,13220,1.0,2.3012574956737808e-07,0.005747126436781609,5.458059310913086,26.919814016960178
"A(p=17,f=0.40,h=128,lr=0.01,wd=1.0,max=40000)",11,13240,1.0,2.2390612741673976e-07,0.005747126436781609,5.458822727203369,26.920460518800468
"A(p=17,f=0.40,h=128,lr=0.01,wd=1.0,max=40000)",11,13260,1.0,2.2597933480028587e-07,0.005747126436781609,5.458370208740234,26.92004439700438
"A(p=17,f=0.40,h=128,lr=0.01,wd=1.0,max=40000)",11,13280,1.0,2.2701593138663156e-07,0.005747126436781609,5.456376075744629,26.91886625685039
"A(p=17,f=0.40,h=128,lr=0.01,wd=1.0,max=40000)",11,13300,1.0,2.2079632344684796e-07,0.005747126436781609,5.459244251251221,26.92190748885336
"A(p=17,f=0.40,h=128,lr=0.01,wd=1.0,max=40000)",11,13320,1.0,2.2390612741673976e-07,0.005747126436781609,5.458704948425293,26.92146468177297
"A(p=17,f=0.40,h=128,lr=0.01,wd=1.0,max=40000)",11,13340,1.0,2.1561331209341006e-07,0.005747126436781609,5.459184169769287,26.92357648905438
"A(p=17,f=0.40,h=128,lr=0.01,wd=1.0,max=40000)",11,13360,1.0,2.3012574956737808e-07,0.005747126436781609,5.457094192504883,26.920407939220286
"A(p=17,f=0.40,h=128,lr=0.01,wd=1.0,max=40000)",11,13380,1.0,2.2286953083039407e-07,0.005747126436781609,5.45652437210083,26.920388170001647
"A(p=17,f=0.40,h=128,lr=0.01,wd=1.0,max=40000)",11,13400,1.0,2.3427215012361557e-07,0.005747126436781609,5.456287384033203,26.91871291813846
"A(p=17,f=0.40,h=128,lr=0.01,wd=1.0,max=40000)",11,13420,1.0,2.2079632344684796e-07,0.005747126436781609,5.45636510848999,26.920366383048503
"A(p=17,f=0.40,h=128,lr=0.01,wd=1.0,max=40000)",11,13440,1.0,2.2390612741673976e-07,0.005747126436781609,5.455438613891602,26.918498840074538
"A(p=17,f=0.40,h=128,lr=0.01,wd=1.0,max=40000)",11,13460,1.0,2.2908913877017767e-07,0.005747126436781609,5.455425262451172,26.917665492286854
"A(p=17,f=0.40,h=128,lr=0.01,wd=1.0,max=40000)",11,13480,1.0,2.2183292003319366e-07,0.005747126436781609,5.455667972564697,26.92051397891178
"A(p=17,f=0.40,h=128,lr=0.01,wd=1.0,max=40000)",11,13500,1.0,2.2597933480028587e-07,0.005747126436781609,5.455742359161377,26.92011272931467
"A(p=17,f=0.40,h=128,lr=0.01,wd=1.0,max=40000)",11,13520,1.0,2.1975971264964755e-07,0.005747126436781609,5.45575475692749,26.91934898943652
"A(p=17,f=0.40,h=128,lr=0.01,wd=1.0,max=40000)",11,13540,1.0,2.2597933480028587e-07,0.005747126436781609,5.455788612365723,26.92021302106416
"A(p=17,f=0.40,h=128,lr=0.01,wd=1.0,max=40000)",11,13560,1.0,2.2494272400308546e-07,0.005747126436781609,5.455728054046631,26.91958390173049
"A(p=17,f=0.40,h=128,lr=0.01,wd=1.0,max=40000)",11,13580,1.0,2.2079632344684796e-07,0.005747126436781609,5.455471038818359,26.91970541549597
"A(p=17,f=0.40,h=128,lr=0.01,wd=1.0,max=40000)",11,13600,1.0,2.1664990867975575e-07,0.005747126436781609,5.455109596252441,26.91931570043829
"A(p=17,f=0.40,h=128,lr=0.01,wd=1.0,max=40000)",11,13620,1.0,2.2390612741673976e-07,0.005747126436781609,5.453538417816162,26.918910853654
"A(p=17,f=0.40,h=128,lr=0.01,wd=1.0,max=40000)",11,13640,1.0,2.2286953083039407e-07,0.005747126436781609,5.454432010650635,26.92121490654147
"A(p=17,f=0.40,h=128,lr=0.01,wd=1.0,max=40000)",11,13660,1.0,2.2701593138663156e-07,0.005747126436781609,5.4532365798950195,26.91916941426989
"A(p=17,f=0.40,h=128,lr=0.01,wd=1.0,max=40000)",11,13680,1.0,2.2597933480028587e-07,0.005747126436781609,5.452932834625244,26.917231794967385
"A(p=17,f=0.40,h=128,lr=0.01,wd=1.0,max=40000)",11,13700,1.0,2.2390612741673976e-07,0.005747126436781609,5.455580711364746,26.922333647433952
"A(p=17,f=0.40,h=128,lr=0.01,wd=1.0,max=40000)",11,13720,1.0,2.2597933480028587e-07,0.005747126436781609,5.453075408935547,26.918971602592716
"A(p=17,f=0.40,h=128,lr=0.01,wd=1.0,max=40000)",11,13740,1.0,2.2079632344684796e-07,0.005747126436781609,5.453268051147461,26.919012769225603
"A(p=17,f=0.40,h=128,lr=0.01,wd=1.0,max=40000)",11,13760,1.0,2.2701593138663156e-07,0.005747126436781609,5.451206207275391,26.916973565257514
"A(p=17,f=0.40,h=128,lr=0.01,wd=1.0,max=40000)",11,13780,1.0,2.2286953083039407e-07,0.005747126436781609,5.45264196395874,26.9181989988492
"A(p=17,f=0.40,h=128,lr=0.01,wd=1.0,max=40000)",11,13800,1.0,2.1768651947695616e-07,0.005747126436781609,5.452775001525879,26.919489351302097
"A(p=17,f=0.40,h=128,lr=0.01,wd=1.0,max=40000)",11,13820,1.0,2.2597933480028587e-07,0.005747126436781609,5.450850009918213,26.917946532943503
"A(p=17,f=0.40,h=128,lr=0.01,wd=1.0,max=40000)",11,13840,1.0,2.1975971264964755e-07,0.005747126436781609,5.452325820922852,26.920052147490196
"A(p=17,f=0.40,h=128,lr=0.01,wd=1.0,max=40000)",11,13860,1.0,2.2597933480028587e-07,0.005747126436781609,5.45217752456665,26.920165720308447
"A(p=17,f=0.40,h=128,lr=0.01,wd=1.0,max=40000)",11,13880,1.0,2.2494272400308546e-07,0.005747126436781609,5.452255725860596,26.91917422910434
"A(p=17,f=0.40,h=128,lr=0.01,wd=1.0,max=40000)",11,13900,1.0,2.2805254218383197e-07,0.005747126436781609,5.450450897216797,26.917557128816117
"A(p=17,f=0.40,h=128,lr=0.01,wd=1.0,max=40000)",11,13920,1.0,2.1561331209341006e-07,0.005747126436781609,5.452359199523926,26.918125928423198
"A(p=17,f=0.40,h=128,lr=0.01,wd=1.0,max=40000)",11,13940,1.0,2.2805254218383197e-07,0.005747126436781609,5.451015472412109,26.916524807348335
"A(p=17,f=0.40,h=128,lr=0.01,wd=1.0,max=40000)",11,13960,1.0,2.2286953083039407e-07,0.005747126436781609,5.452045917510986,26.919479350496555
"A(p=17,f=0.40,h=128,lr=0.01,wd=1.0,max=40000)",11,13980,1.0,2.2390612741673976e-07,0.005747126436781609,5.449436664581299,26.916216133125275
"A(p=17,f=0.40,h=128,lr=0.01,wd=1.0,max=40000)",11,14000,1.0,2.2390612741673976e-07,0.005747126436781609,5.45171594619751,26.919198584032216
"A(p=17,f=0.40,h=128,lr=0.01,wd=1.0,max=40000)",11,14020,1.0,2.1975971264964755e-07,0.005747126436781609,5.453495502471924,26.921312592805865
"A(p=17,f=0.40,h=128,lr=0.01,wd=1.0,max=40000)",11,14040,1.0,2.2183292003319366e-07,0.005747126436781609,5.451141834259033,26.919024348013647
"A(p=17,f=0.40,h=128,lr=0.01,wd=1.0,max=40000)",11,14060,1.0,2.3116234615372377e-07,0.005747126436781609,5.448764801025391,26.91765183092391
"A(p=17,f=0.40,h=128,lr=0.01,wd=1.0,max=40000)",11,14080,1.0,2.1872311606330186e-07,0.005747126436781609,5.450139999389648,26.918462650215286
"A(p=17,f=0.40,h=128,lr=0.01,wd=1.0,max=40000)",11,14100,1.0,2.1250349391266354e-07,0.005747126436781609,5.450637340545654,26.919566030560357
"A(p=17,f=0.40,h=128,lr=0.01,wd=1.0,max=40000)",11,14120,1.0,2.3116234615372377e-07,0.005747126436781609,5.448541164398193,26.917018704048353
"A(p=17,f=0.40,h=128,lr=0.01,wd=1.0,max=40000)",11,14140,1.0,2.3012574956737808e-07,0.005747126436781609,5.448774337768555,26.91820251245852
"A(p=17,f=0.40,h=128,lr=0.01,wd=1.0,max=40000)",11,14160,1.0,2.2286953083039407e-07,0.005747126436781609,5.449575424194336,26.918388012373434
"A(p=17,f=0.40,h=128,lr=0.01,wd=1.0,max=40000)",11,14180,1.0,2.2183292003319366e-07,0.005747126436781609,5.449133396148682,26.916861397017584
"A(p=17,f=0.40,h=128,lr=0.01,wd=1.0,max=40000)",11,14200,1.0,2.2494272400308546e-07,0.005747126436781609,5.449134826660156,26.916667450520983
"A(p=17,f=0.40,h=128,lr=0.01,wd=1.0,max=40000)",11,14220,1.0,2.3116234615372377e-07,0.005747126436781609,5.448513984680176,26.91736931294593
"A(p=17,f=0.40,h=128,lr=0.01,wd=1.0,max=40000)",11,14240,1.0,2.2494272400308546e-07,0.005747126436781609,5.448840618133545,26.91743805169155
"A(p=17,f=0.40,h=128,lr=0.01,wd=1.0,max=40000)",11,14260,1.0,2.1975971264964755e-07,0.005747126436781609,5.4464030265808105,26.916449144493647
"A(p=17,f=0.40,h=128,lr=0.01,wd=1.0,max=40000)",11,14280,1.0,2.3012574956737808e-07,0.005747126436781609,5.447271823883057,26.91718843290066
"A(p=17,f=0.40,h=128,lr=0.01,wd=1.0,max=40000)",11,14300,1.0,2.2908913877017767e-07,0.005747126436781609,5.448650360107422,26.91713240441837
"A(p=17,f=0.40,h=128,lr=0.01,wd=1.0,max=40000)",11,14320,1.0,2.1561331209341006e-07,0.005747126436781609,5.449341297149658,26.91892865514679
"A(p=17,f=0.40,h=128,lr=0.01,wd=1.0,max=40000)",11,14340,1.0,2.1872311606330186e-07,0.005747126436781609,5.4467692375183105,26.91684310584091
"A(p=17,f=0.40,h=128,lr=0.01,wd=1.0,max=40000)",11,14360,1.0,2.2183292003319366e-07,0.005747126436781609,5.4470391273498535,26.91850420673217
"A(p=17,f=0.40,h=128,lr=0.01,wd=1.0,max=40000)",11,14380,1.0,2.1872311606330186e-07,0.005747126436781609,5.446850299835205,26.917776609086
"A(p=17,f=0.40,h=128,lr=0.01,wd=1.0,max=40000)",11,14400,1.0,2.2183292003319366e-07,0.005747126436781609,5.445455551147461,26.916422020070065
"A(p=17,f=0.40,h=128,lr=0.01,wd=1.0,max=40000)",11,14420,1.0,2.1146689732631785e-07,0.005747126436781609,5.4482269287109375,26.920726659058342
"A(p=17,f=0.40,h=128,lr=0.01,wd=1.0,max=40000)",11,14440,1.0,2.1561331209341006e-07,0.005747126436781609,5.446635723114014,26.917911933835793
"A(p=17,f=0.40,h=128,lr=0.01,wd=1.0,max=40000)",11,14460,1.0,2.2908913877017767e-07,0.005747126436781609,5.4457597732543945,26.91632007993054
"A(p=17,f=0.40,h=128,lr=0.01,wd=1.0,max=40000)",11,14480,1.0,2.3323555353726988e-07,0.005747126436781609,5.445173740386963,26.91554788347395
"A(p=17,f=0.40,h=128,lr=0.01,wd=1.0,max=40000)",11,14500,1.0,2.3012574956737808e-07,0.005747126436781609,5.44406795501709,26.915148450066674
"A(p=17,f=0.40,h=128,lr=0.01,wd=1.0,max=40000)",11,14520,1.0,2.2701593138663156e-07,0.005747126436781609,5.44547700881958,26.917227480067925
"A(p=17,f=0.40,h=128,lr=0.01,wd=1.0,max=40000)",11,14540,1.0,2.1664990867975575e-07,0.005747126436781609,5.444161415100098,26.916374749418914
"A(p=17,f=0.40,h=128,lr=0.01,wd=1.0,max=40000)",11,14560,1.0,2.2597933480028587e-07,0.005747126436781609,5.443160533905029,26.9160868335948
"A(p=17,f=0.40,h=128,lr=0.01,wd=1.0,max=40000)",11,14580,1.0,2.1975971264964755e-07,0.005747126436781609,5.443508148193359,26.916608674320504
"A(p=17,f=0.40,h=128,lr=0.01,wd=1.0,max=40000)",11,14600,1.0,2.2183292003319366e-07,0.005747126436781609,5.445145606994629,26.91887933037797
"A(p=17,f=0.40,h=128,lr=0.01,wd=1.0,max=40000)",11,14620,1.0,2.2908913877017767e-07,0.005747126436781609,5.442795753479004,26.914941423229163
"A(p=17,f=0.40,h=128,lr=0.01,wd=1.0,max=40000)",11,14640,1.0,2.1975971264964755e-07,0.005747126436781609,5.4441351890563965,26.91693297591482
"A(p=17,f=0.40,h=128,lr=0.01,wd=1.0,max=40000)",11,14660,1.0,2.2286953083039407e-07,0.005747126436781609,5.444025039672852,26.91514544435326
"A(p=17,f=0.40,h=128,lr=0.01,wd=1.0,max=40000)",11,14680,1.0,2.1664990867975575e-07,0.005747126436781609,5.445426940917969,26.91558475643443
"A(p=17,f=0.40,h=128,lr=0.01,wd=1.0,max=40000)",11,14700,1.0,2.3012574956737808e-07,0.005747126436781609,5.443170070648193,26.913278195449756
"A(p=17,f=0.40,h=128,lr=0.01,wd=1.0,max=40000)",11,14720,1.0,2.2286953083039407e-07,0.005747126436781609,5.443885803222656,26.912787994683868
"A(p=17,f=0.40,h=128,lr=0.01,wd=1.0,max=40000)",11,14740,1.0,2.2597933480028587e-07,0.005747126436781609,5.444489479064941,26.91410973622461
"A(p=17,f=0.40,h=128,lr=0.01,wd=1.0,max=40000)",11,14760,1.0,2.3116234615372377e-07,0.005747126436781609,5.442506313323975,26.911459500457987
"A(p=17,f=0.40,h=128,lr=0.01,wd=1.0,max=40000)",11,14780,1.0,2.2597933480028587e-07,0.005747126436781609,5.443583011627197,26.912884102277314
"A(p=17,f=0.40,h=128,lr=0.01,wd=1.0,max=40000)",11,14800,1.0,2.1975971264964755e-07,0.005747126436781609,5.444141864776611,26.9137633505354
"A(p=17,f=0.40,h=128,lr=0.01,wd=1.0,max=40000)",11,14820,1.0,2.2390612741673976e-07,0.005747126436781609,5.444458484649658,26.913082730811272
"A(p=17,f=0.40,h=128,lr=0.01,wd=1.0,max=40000)",11,14840,1.0,2.2286953083039407e-07,0.005747126436781609,5.444464683532715,26.913764736229144
"A(p=17,f=0.40,h=128,lr=0.01,wd=1.0,max=40000)",11,14860,1.0,2.2908913877017767e-07,0.005747126436781609,5.443240642547607,26.91164927734955
"A(p=17,f=0.40,h=128,lr=0.01,wd=1.0,max=40000)",11,14880,1.0,2.2286953083039407e-07,0.005747126436781609,5.44442892074585,26.912162197804705
"A(p=17,f=0.40,h=128,lr=0.01,wd=1.0,max=40000)",11,14900,1.0,2.2183292003319366e-07,0.005747126436781609,5.4471235275268555,26.913264387178177
"A(p=17,f=0.40,h=128,lr=0.01,wd=1.0,max=40000)",11,14920,1.0,2.2701593138663156e-07,0.005747126436781609,5.446018218994141,26.910793822424008
"A(p=17,f=0.40,h=128,lr=0.01,wd=1.0,max=40000)",11,14940,1.0,2.1768651947695616e-07,0.005747126436781609,5.449110984802246,26.913228145356285
"A(p=17,f=0.40,h=128,lr=0.01,wd=1.0,max=40000)",11,14960,1.0,2.2183292003319366e-07,0.005747126436781609,5.448462963104248,26.91290206294977
"A(p=17,f=0.40,h=128,lr=0.01,wd=1.0,max=40000)",11,14980,1.0,2.2494272400308546e-07,0.005747126436781609,5.44984245300293,26.912343738118775
"A(p=17,f=0.40,h=128,lr=0.01,wd=1.0,max=40000)",11,15000,1.0,2.1146689732631785e-07,0.005747126436781609,5.450140953063965,26.913234064187048
"A(p=17,f=0.40,h=128,lr=0.01,wd=1.0,max=40000)",11,15020,1.0,2.2805254218383197e-07,0.005747126436781609,5.44954252243042,26.911590288104392
"A(p=17,f=0.40,h=128,lr=0.01,wd=1.0,max=40000)",11,15040,1.0,2.2908913877017767e-07,0.005747126436781609,5.449220657348633,26.909871407070906
"A(p=17,f=0.40,h=128,lr=0.01,wd=1.0,max=40000)",11,15060,1.0,2.3012574956737808e-07,0.005747126436781609,5.449182510375977,26.909682077135567
"A(p=17,f=0.40,h=128,lr=0.01,wd=1.0,max=40000)",11,15080,1.0,2.2079632344684796e-07,0.005747126436781609,5.452084064483643,26.911734824701796
"A(p=17,f=0.40,h=128,lr=0.01,wd=1.0,max=40000)",11,15100,1.0,2.2701593138663156e-07,0.005747126436781609,5.4490532875061035,26.909950333476647
"A(p=17,f=0.40,h=128,lr=0.01,wd=1.0,max=40000)",11,15120,1.0,2.2183292003319366e-07,0.005747126436781609,5.448691368103027,26.910706267102597
"A(p=17,f=0.40,h=128,lr=0.01,wd=1.0,max=40000)",11,15140,1.0,2.2079632344684796e-07,0.005747126436781609,5.44804573059082,26.908978118653494
"A(p=17,f=0.40,h=128,lr=0.01,wd=1.0,max=40000)",11,15160,1.0,2.2908913877017767e-07,0.005747126436781609,5.4468793869018555,26.908702629106468
"A(p=17,f=0.40,h=128,lr=0.01,wd=1.0,max=40000)",11,15180,1.0,2.2494272400308546e-07,0.005747126436781609,5.446957588195801,26.908312704277456
"A(p=17,f=0.40,h=128,lr=0.01,wd=1.0,max=40000)",11,15200,1.0,2.1872311606330186e-07,0.005747126436781609,5.449524879455566,26.911432983772393
"A(p=17,f=0.40,h=128,lr=0.01,wd=1.0,max=40000)",11,15220,1.0,2.1561331209341006e-07,0.005747126436781609,5.448330402374268,26.910469700241272
"A(p=17,f=0.40,h=128,lr=0.01,wd=1.0,max=40000)",11,15240,1.0,2.1457670129620965e-07,0.005747126436781609,5.448355674743652,26.911719926698147
"A(p=17,f=0.40,h=128,lr=0.01,wd=1.0,max=40000)",11,15260,1.0,2.2597933480028587e-07,0.005747126436781609,5.446406841278076,26.90790757796727
"A(p=17,f=0.40,h=128,lr=0.01,wd=1.0,max=40000)",11,15280,1.0,2.2079632344684796e-07,0.005747126436781609,5.447120189666748,26.909347113662303
"A(p=17,f=0.40,h=128,lr=0.01,wd=1.0,max=40000)",11,15300,1.0,2.2183292003319366e-07,0.005747126436781609,5.44661808013916,26.908525271098473
"A(p=17,f=0.40,h=128,lr=0.01,wd=1.0,max=40000)",11,15320,1.0,2.2286953083039407e-07,0.005747126436781609,5.445831298828125,26.90863619687851
"A(p=17,f=0.40,h=128,lr=0.01,wd=1.0,max=40000)",11,15340,1.0,2.1768651947695616e-07,0.005747126436781609,5.446730613708496,26.91004195586741
"A(p=17,f=0.40,h=128,lr=0.01,wd=1.0,max=40000)",11,15360,1.0,2.2390612741673976e-07,0.005747126436781609,5.44517707824707,26.908132861501134
"A(p=17,f=0.40,h=128,lr=0.01,wd=1.0,max=40000)",11,15380,1.0,2.2494272400308546e-07,0.005747126436781609,5.446052074432373,26.90924270545645
"A(p=17,f=0.40,h=128,lr=0.01,wd=1.0,max=40000)",11,15400,1.0,2.2701593138663156e-07,0.005747126436781609,5.447338581085205,26.90951931117582
"A(p=17,f=0.40,h=128,lr=0.01,wd=1.0,max=40000)",11,15420,1.0,2.1975971264964755e-07,0.005747126436781609,5.446270942687988,26.909488167483406
"A(p=17,f=0.40,h=128,lr=0.01,wd=1.0,max=40000)",11,15440,1.0,2.1354010470986395e-07,0.005747126436781609,5.446376323699951,26.90903554230915
"A(p=17,f=0.40,h=128,lr=0.01,wd=1.0,max=40000)",11,15460,1.0,2.2079632344684796e-07,0.005747126436781609,5.445711135864258,26.908219892340515
"A(p=17,f=0.40,h=128,lr=0.01,wd=1.0,max=40000)",11,15480,1.0,2.2701593138663156e-07,0.005747126436781609,5.444059371948242,26.907274643912444
"A(p=17,f=0.40,h=128,lr=0.01,wd=1.0,max=40000)",11,15500,1.0,2.1250349391266354e-07,0.005747126436781609,5.446612358093262,26.908906834877865
"A(p=17,f=0.40,h=128,lr=0.01,wd=1.0,max=40000)",11,15520,1.0,2.2286953083039407e-07,0.005747126436781609,5.444358825683594,26.90801517243753
"A(p=17,f=0.40,h=128,lr=0.01,wd=1.0,max=40000)",11,15540,1.0,2.2701593138663156e-07,0.005747126436781609,5.442061901092529,26.906192304911944
"A(p=17,f=0.40,h=128,lr=0.01,wd=1.0,max=40000)",11,15560,1.0,2.3012574956737808e-07,0.005747126436781609,5.441720008850098,26.904814582301242
"A(p=17,f=0.40,h=128,lr=0.01,wd=1.0,max=40000)",11,15580,1.0,2.2597933480028587e-07,0.005747126436781609,5.444210529327393,26.907170324783408
"A(p=17,f=0.40,h=128,lr=0.01,wd=1.0,max=40000)",11,15600,1.0,2.2390612741673976e-07,0.005747126436781609,5.444025993347168,26.907698424288757
"A(p=17,f=0.40,h=128,lr=0.01,wd=1.0,max=40000)",11,15620,1.0,2.2390612741673976e-07,0.005747126436781609,5.445432662963867,26.909079559050525
"A(p=17,f=0.40,h=128,lr=0.01,wd=1.0,max=40000)",11,15640,1.0,2.2390612741673976e-07,0.005747126436781609,5.444816589355469,26.909952523945257
"A(p=17,f=0.40,h=128,lr=0.01,wd=1.0,max=40000)",11,15660,1.0,2.2183292003319366e-07,0.005747126436781609,5.444015979766846,26.908620701876135
"A(p=17,f=0.40,h=128,lr=0.01,wd=1.0,max=40000)",11,15680,1.0,2.2390612741673976e-07,0.005747126436781609,5.443453788757324,26.90713439961268
"A(p=17,f=0.40,h=128,lr=0.01,wd=1.0,max=40000)",11,15700,1.0,2.3219894274006947e-07,0.005747126436781609,5.443151950836182,26.90603600330599
"A(p=17,f=0.40,h=128,lr=0.01,wd=1.0,max=40000)",11,15720,1.0,2.1975971264964755e-07,0.005747126436781609,5.444997787475586,26.909209320876332
"A(p=17,f=0.40,h=128,lr=0.01,wd=1.0,max=40000)",11,15740,1.0,2.2183292003319366e-07,0.005747126436781609,5.44424295425415,26.907840221171945
"A(p=17,f=0.40,h=128,lr=0.01,wd=1.0,max=40000)",11,15760,1.0,2.1975971264964755e-07,0.005747126436781609,5.444345951080322,26.90918080326348
"A(p=17,f=0.40,h=128,lr=0.01,wd=1.0,max=40000)",11,15780,1.0,2.3012574956737808e-07,0.005747126436781609,5.442030429840088,26.904984212413297
"A(p=17,f=0.40,h=128,lr=0.01,wd=1.0,max=40000)",11,15800,1.0,2.0732048255922564e-07,0.005747126436781609,5.446533203125,26.910541815276616
"A(p=17,f=0.40,h=128,lr=0.01,wd=1.0,max=40000)",11,15820,1.0,2.2805254218383197e-07,0.005747126436781609,5.4429402351379395,26.904942877609816
"A(p=17,f=0.40,h=128,lr=0.01,wd=1.0,max=40000)",11,15840,1.0,2.2805254218383197e-07,0.005747126436781609,5.4425950050354,26.906327024318376
"A(p=17,f=0.40,h=128,lr=0.01,wd=1.0,max=40000)",11,15860,1.0,2.3012574956737808e-07,0.005747126436781609,5.442443370819092,26.90700071172566
"A(p=17,f=0.40,h=128,lr=0.01,wd=1.0,max=40000)",11,15880,1.0,2.2079632344684796e-07,0.005747126436781609,5.444542407989502,26.907643761044497
"A(p=17,f=0.40,h=128,lr=0.01,wd=1.0,max=40000)",11,15900,1.0,2.1872311606330186e-07,0.005747126436781609,5.442576885223389,26.907111286234954
"A(p=17,f=0.40,h=128,lr=0.01,wd=1.0,max=40000)",11,15920,1.0,2.2390612741673976e-07,0.005747126436781609,5.441226959228516,26.90595058632457
"A(p=17,f=0.40,h=128,lr=0.01,wd=1.0,max=40000)",11,15940,1.0,2.2597933480028587e-07,0.005747126436781609,5.442458629608154,26.907156600413852
"A(p=17,f=0.40,h=128,lr=0.01,wd=1.0,max=40000)",11,15960,1.0,2.3012574956737808e-07,0.005747126436781609,5.4418158531188965,26.90669280043907
"A(p=17,f=0.40,h=128,lr=0.01,wd=1.0,max=40000)",11,15980,1.0,2.3012574956737808e-07,0.005747126436781609,5.443100929260254,26.907429391442186
"A(p=17,f=0.40,h=128,lr=0.01,wd=1.0,max=40000)",11,16000,1.0,2.3012574956737808e-07,0.005747126436781609,5.44174337387085,26.90702105754535
"A(p=17,f=0.40,h=128,lr=0.01,wd=1.0,max=40000)",11,16020,1.0,2.3012574956737808e-07,0.005747126436781609,5.441864967346191,26.90784167496509
"A(p=17,f=0.40,h=128,lr=0.01,wd=1.0,max=40000)",11,16040,1.0,2.2079632344684796e-07,0.005747126436781609,5.441079616546631,26.906275168085678
"A(p=17,f=0.40,h=128,lr=0.01,wd=1.0,max=40000)",11,16060,1.0,2.2701593138663156e-07,0.005747126436781609,5.440645694732666,26.906625867689865
"A(p=17,f=0.40,h=128,lr=0.01,wd=1.0,max=40000)",11,16080,1.0,2.2805254218383197e-07,0.005747126436781609,5.439141750335693,26.903744123218047
"A(p=17,f=0.40,h=128,lr=0.01,wd=1.0,max=40000)",11,16100,1.0,2.2597933480028587e-07,0.005747126436781609,5.439460754394531,26.905249260109066
"A(p=17,f=0.40,h=128,lr=0.01,wd=1.0,max=40000)",11,16120,1.0,2.2286953083039407e-07,0.005747126436781609,5.441279888153076,26.906291066643636
"A(p=17,f=0.40,h=128,lr=0.01,wd=1.0,max=40000)",11,16140,1.0,2.2494272400308546e-07,0.005747126436781609,5.440051078796387,26.90593811012647
"A(p=17,f=0.40,h=128,lr=0.01,wd=1.0,max=40000)",11,16160,1.0,2.1975971264964755e-07,0.005747126436781609,5.439033031463623,26.90505497524831
"A(p=17,f=0.40,h=128,lr=0.01,wd=1.0,max=40000)",11,16180,1.0,2.1975971264964755e-07,0.005747126436781609,5.438690185546875,26.90395587552054
"A(p=17,f=0.40,h=128,lr=0.01,wd=1.0,max=40000)",11,16200,1.0,2.2494272400308546e-07,0.005747126436781609,5.438455104827881,26.90553751515801
"A(p=17,f=0.40,h=128,lr=0.01,wd=1.0,max=40000)",11,16220,1.0,2.1975971264964755e-07,0.005747126436781609,5.438710689544678,26.9053378565752
"A(p=17,f=0.40,h=128,lr=0.01,wd=1.0,max=40000)",11,16240,1.0,2.2701593138663156e-07,0.005747126436781609,5.437495231628418,26.904553799916865
"A(p=17,f=0.40,h=128,lr=0.01,wd=1.0,max=40000)",11,16260,1.0,2.2494272400308546e-07,0.005747126436781609,5.437800884246826,26.905238443139407
"A(p=17,f=0.40,h=128,lr=0.01,wd=1.0,max=40000)",11,16280,1.0,2.2908913877017767e-07,0.005747126436781609,5.437137603759766,26.904436135800815
"A(p=17,f=0.40,h=128,lr=0.01,wd=1.0,max=40000)",11,16300,1.0,2.2494272400308546e-07,0.005747126436781609,5.436758995056152,26.903658911454603
"A(p=17,f=0.40,h=128,lr=0.01,wd=1.0,max=40000)",11,16320,1.0,2.1664990867975575e-07,0.005747126436781609,5.437545299530029,26.904966041082584
"A(p=17,f=0.40,h=128,lr=0.01,wd=1.0,max=40000)",11,16340,1.0,2.2183292003319366e-07,0.005747126436781609,5.436951160430908,26.90439824040293
"A(p=17,f=0.40,h=128,lr=0.01,wd=1.0,max=40000)",11,16360,1.0,2.2494272400308546e-07,0.005747126436781609,5.435698986053467,26.902093660959796
"A(p=17,f=0.40,h=128,lr=0.01,wd=1.0,max=40000)",11,16380,1.0,2.2701593138663156e-07,0.005747126436781609,5.434655666351318,26.90182149044516
"A(p=17,f=0.40,h=128,lr=0.01,wd=1.0,max=40000)",11,16400,1.0,2.3323555353726988e-07,0.005747126436781609,5.433267116546631,26.901153023587103
"A(p=17,f=0.40,h=128,lr=0.01,wd=1.0,max=40000)",11,16420,1.0,2.1768651947695616e-07,0.005747126436781609,5.43491268157959,26.904352427272748
"A(p=17,f=0.40,h=128,lr=0.01,wd=1.0,max=40000)",11,16440,1.0,2.2805254218383197e-07,0.005747126436781609,5.4342498779296875,26.90315686331391
"A(p=17,f=0.40,h=128,lr=0.01,wd=1.0,max=40000)",11,16460,1.0,2.1975971264964755e-07,0.005747126436781609,5.436494827270508,26.905657169951237
"A(p=17,f=0.40,h=128,lr=0.01,wd=1.0,max=40000)",11,16480,1.0,2.3012574956737808e-07,0.005747126436781609,5.433994293212891,26.90219480450958
"A(p=17,f=0.40,h=128,lr=0.01,wd=1.0,max=40000)",11,16500,1.0,2.2286953083039407e-07,0.005747126436781609,5.433833122253418,26.90200781212063
"A(p=17,f=0.40,h=128,lr=0.01,wd=1.0,max=40000)",11,16520,1.0,2.2494272400308546e-07,0.005747126436781609,5.4341139793396,26.903330447573502
"A(p=17,f=0.40,h=128,lr=0.01,wd=1.0,max=40000)",11,16540,1.0,2.3427215012361557e-07,0.005747126436781609,5.4325642585754395,26.901679196308322
"A(p=17,f=0.40,h=128,lr=0.01,wd=1.0,max=40000)",11,16560,1.0,2.2908913877017767e-07,0.005747126436781609,5.432521343231201,26.9019918837122
"A(p=17,f=0.40,h=128,lr=0.01,wd=1.0,max=40000)",11,16580,1.0,2.2908913877017767e-07,0.005747126436781609,5.432032585144043,26.902522841041762
"A(p=17,f=0.40,h=128,lr=0.01,wd=1.0,max=40000)",11,16600,1.0,2.1975971264964755e-07,0.005747126436781609,5.433154106140137,26.903484803677923
"A(p=17,f=0.40,h=128,lr=0.01,wd=1.0,max=40000)",11,16620,1.0,2.2183292003319366e-07,0.005747126436781609,5.432268142700195,26.902795069496854
"A(p=17,f=0.40,h=128,lr=0.01,wd=1.0,max=40000)",11,16640,1.0,2.2183292003319366e-07,0.005747126436781609,5.432068347930908,26.90343054297984
"A(p=17,f=0.40,h=128,lr=0.01,wd=1.0,max=40000)",11,16660,1.0,2.2494272400308546e-07,0.005747126436781609,5.433589458465576,26.90466036290733
"A(p=17,f=0.40,h=128,lr=0.01,wd=1.0,max=40000)",11,16680,1.0,2.2701593138663156e-07,0.005747126436781609,5.432927131652832,26.90346143084116
"A(p=17,f=0.40,h=128,lr=0.01,wd=1.0,max=40000)",11,16700,1.0,2.2390612741673976e-07,0.005747126436781609,5.432900905609131,26.903509065578675
"A(p=17,f=0.40,h=128,lr=0.01,wd=1.0,max=40000)",11,16720,1.0,2.2701593138663156e-07,0.005747126436781609,5.433396816253662,26.90393584193128
"A(p=17,f=0.40,h=128,lr=0.01,wd=1.0,max=40000)",11,16740,1.0,2.1768651947695616e-07,0.005747126436781609,5.434237003326416,26.90426007023306
"A(p=17,f=0.40,h=128,lr=0.01,wd=1.0,max=40000)",11,16760,1.0,2.2597933480028587e-07,0.005747126436781609,5.433259010314941,26.90307661888954
"A(p=17,f=0.40,h=128,lr=0.01,wd=1.0,max=40000)",11,16780,1.0,2.2908913877017767e-07,0.005747126436781609,5.433432102203369,26.902594981970903
"A(p=17,f=0.40,h=128,lr=0.01,wd=1.0,max=40000)",11,16800,1.0,2.2286953083039407e-07,0.005747126436781609,5.433605670928955,26.903074570147076
"A(p=17,f=0.40,h=128,lr=0.01,wd=1.0,max=40000)",11,16820,1.0,2.2701593138663156e-07,0.005747126436781609,5.432624340057373,26.90337455502514
"A(p=17,f=0.40,h=128,lr=0.01,wd=1.0,max=40000)",11,16840,1.0,2.2805254218383197e-07,0.005747126436781609,5.431533336639404,26.90319904780435
"A(p=17,f=0.40,h=128,lr=0.01,wd=1.0,max=40000)",11,16860,1.0,2.2183292003319366e-07,0.005747126436781609,5.432102680206299,26.903238729228242
"A(p=17,f=0.40,h=128,lr=0.01,wd=1.0,max=40000)",11,16880,1.0,2.1975971264964755e-07,0.005747126436781609,5.43154239654541,26.9034048662508
"A(p=17,f=0.40,h=128,lr=0.01,wd=1.0,max=40000)",11,16900,1.0,2.2908913877017767e-07,0.005747126436781609,5.430808067321777,26.902240285988302
"A(p=17,f=0.40,h=128,lr=0.01,wd=1.0,max=40000)",11,16920,1.0,2.3427215012361557e-07,0.005747126436781609,5.428988456726074,26.899926836074673
"A(p=17,f=0.40,h=128,lr=0.01,wd=1.0,max=40000)",11,16940,1.0,2.2494272400308546e-07,0.005747126436781609,5.430773735046387,26.902673646047432
"A(p=17,f=0.40,h=128,lr=0.01,wd=1.0,max=40000)",11,16960,1.0,2.1975971264964755e-07,0.005747126436781609,5.4316182136535645,26.903442148231022
"A(p=17,f=0.40,h=128,lr=0.01,wd=1.0,max=40000)",11,16980,1.0,2.2494272400308546e-07,0.005747126436781609,5.430653095245361,26.902382508489087
"A(p=17,f=0.40,h=128,lr=0.01,wd=1.0,max=40000)",11,17000,1.0,2.2286953083039407e-07,0.005747126436781609,5.430482864379883,26.90197583120423
"A(p=17,f=0.40,h=128,lr=0.01,wd=1.0,max=40000)",11,17020,1.0,2.2183292003319366e-07,0.005747126436781609,5.431084156036377,26.903020958822015
"A(p=17,f=0.40,h=128,lr=0.01,wd=1.0,max=40000)",11,17040,1.0,2.2494272400308546e-07,0.005747126436781609,5.430682182312012,26.903301482371596
"A(p=17,f=0.40,h=128,lr=0.01,wd=1.0,max=40000)",11,17060,1.0,2.1872311606330186e-07,0.005747126436781609,5.431229591369629,26.902942572063264
"A(p=17,f=0.40,h=128,lr=0.01,wd=1.0,max=40000)",11,17080,1.0,2.2494272400308546e-07,0.005747126436781609,5.430856227874756,26.90384738893184
"A(p=17,f=0.40,h=128,lr=0.01,wd=1.0,max=40000)",11,17100,1.0,2.2597933480028587e-07,0.005747126436781609,5.428887367248535,26.901519344880235
"A(p=17,f=0.40,h=128,lr=0.01,wd=1.0,max=40000)",11,17120,1.0,2.2079632344684796e-07,0.005747126436781609,5.4307122230529785,26.903595820010576
"A(p=17,f=0.40,h=128,lr=0.01,wd=1.0,max=40000)",11,17140,1.0,2.3012574956737808e-07,0.005747126436781609,5.4285078048706055,26.901603462484665
"A(p=17,f=0.40,h=128,lr=0.01,wd=1.0,max=40000)",11,17160,1.0,2.2183292003319366e-07,0.005747126436781609,5.429704666137695,26.90281890352029
"A(p=17,f=0.40,h=128,lr=0.01,wd=1.0,max=40000)",11,17180,1.0,2.2390612741673976e-07,0.005747126436781609,5.430253982543945,26.902967726138964
"A(p=17,f=0.40,h=128,lr=0.01,wd=1.0,max=40000)",11,17200,1.0,2.1975971264964755e-07,0.005747126436781609,5.43140172958374,26.905522135191475
"A(p=17,f=0.40,h=128,lr=0.01,wd=1.0,max=40000)",11,17220,1.0,2.2494272400308546e-07,0.005747126436781609,5.428856372833252,26.902388092865937
"A(p=17,f=0.40,h=128,lr=0.01,wd=1.0,max=40000)",11,17240,1.0,2.1768651947695616e-07,0.005747126436781609,5.430907249450684,26.903613709306605
"A(p=17,f=0.40,h=128,lr=0.01,wd=1.0,max=40000)",11,17260,1.0,2.2597933480028587e-07,0.005747126436781609,5.429427623748779,26.903715455865406
"A(p=17,f=0.40,h=128,lr=0.01,wd=1.0,max=40000)",11,17280,1.0,2.3219894274006947e-07,0.005747126436781609,5.428142547607422,26.90146008536377
"A(p=17,f=0.40,h=128,lr=0.01,wd=1.0,max=40000)",11,17300,1.0,2.1457670129620965e-07,0.005747126436781609,5.430454730987549,26.90442286012754
"A(p=17,f=0.40,h=128,lr=0.01,wd=1.0,max=40000)",11,17320,1.0,2.2079632344684796e-07,0.005747126436781609,5.429453372955322,26.9024657897763
"A(p=17,f=0.40,h=128,lr=0.01,wd=1.0,max=40000)",11,17340,1.0,2.1975971264964755e-07,0.005747126436781609,5.429930210113525,26.90409538749529
"A(p=17,f=0.40,h=128,lr=0.01,wd=1.0,max=40000)",11,17360,1.0,2.3219894274006947e-07,0.005747126436781609,5.428293704986572,26.9020192674987
"A(p=17,f=0.40,h=128,lr=0.01,wd=1.0,max=40000)",11,17380,1.0,2.2701593138663156e-07,0.005747126436781609,5.429261684417725,26.902756841971563
"A(p=17,f=0.40,h=128,lr=0.01,wd=1.0,max=40000)",11,17400,1.0,2.2805254218383197e-07,0.005747126436781609,5.429586410522461,26.90314079447016
"A(p=17,f=0.40,h=128,lr=0.01,wd=1.0,max=40000)",11,17420,1.0,2.2908913877017767e-07,0.005747126436781609,5.429210186004639,26.902882380156168
"A(p=17,f=0.40,h=128,lr=0.01,wd=1.0,max=40000)",11,17440,1.0,2.1250349391266354e-07,0.005747126436781609,5.431222438812256,26.9054783877858
"A(p=17,f=0.40,h=128,lr=0.01,wd=1.0,max=40000)",11,17460,1.0,2.2597933480028587e-07,0.005747126436781609,5.42786979675293,26.902460098375624
"A(p=17,f=0.40,h=128,lr=0.01,wd=1.0,max=40000)",11,17480,1.0,2.2494272400308546e-07,0.005747126436781609,5.428741931915283,26.902559329382225
"A(p=17,f=0.40,h=128,lr=0.01,wd=1.0,max=40000)",11,17500,1.0,2.2183292003319366e-07,0.005747126436781609,5.429676532745361,26.90350436484646
"A(p=17,f=0.40,h=128,lr=0.01,wd=1.0,max=40000)",11,17520,1.0,2.2183292003319366e-07,0.005747126436781609,5.429094314575195,26.90267393720611
"A(p=17,f=0.40,h=128,lr=0.01,wd=1.0,max=40000)",11,17540,1.0,2.1975971264964755e-07,0.005747126436781609,5.428783416748047,26.903331697179212
"A(p=17,f=0.40,h=128,lr=0.01,wd=1.0,max=40000)",11,17560,1.0,2.2805254218383197e-07,0.005747126436781609,5.427853107452393,26.90140745388821
"A(p=17,f=0.40,h=128,lr=0.01,wd=1.0,max=40000)",11,17580,1.0,2.1250349391266354e-07,0.005747126436781609,5.430062294006348,26.905862114631727
"A(p=17,f=0.40,h=128,lr=0.01,wd=1.0,max=40000)",11,17600,1.0,2.2494272400308546e-07,0.005747126436781609,5.429495811462402,26.90444842494754
"A(p=17,f=0.40,h=128,lr=0.01,wd=1.0,max=40000)",11,17620,1.0,2.3012574956737808e-07,0.005747126436781609,5.429328441619873,26.90279142052831
"A(p=17,f=0.40,h=128,lr=0.01,wd=1.0,max=40000)",11,17640,1.0,2.2597933480028587e-07,0.005747126436781609,5.428159713745117,26.90195141164741
"A(p=17,f=0.40,h=128,lr=0.01,wd=1.0,max=40000)",11,17660,1.0,2.2908913877017767e-07,0.005747126436781609,5.426969528198242,26.901996632221962
"A(p=17,f=0.40,h=128,lr=0.01,wd=1.0,max=40000)",11,17680,1.0,2.3012574956737808e-07,0.005747126436781609,5.427155017852783,26.901843318896283
"A(p=17,f=0.40,h=128,lr=0.01,wd=1.0,max=40000)",11,17700,1.0,2.2079632344684796e-07,0.005747126436781609,5.427749156951904,26.903763381228117
"A(p=17,f=0.40,h=128,lr=0.01,wd=1.0,max=40000)",11,17720,1.0,2.2597933480028587e-07,0.005747126436781609,5.428763389587402,26.905036163644876
"A(p=17,f=0.40,h=128,lr=0.01,wd=1.0,max=40000)",11,17740,1.0,2.2079632344684796e-07,0.005747126436781609,5.428374767303467,26.903134592314608
"A(p=17,f=0.40,h=128,lr=0.01,wd=1.0,max=40000)",11,17760,1.0,2.2494272400308546e-07,0.005747126436781609,5.426363468170166,26.902175955418393
"A(p=17,f=0.40,h=128,lr=0.01,wd=1.0,max=40000)",11,17780,1.0,2.2390612741673976e-07,0.005747126436781609,5.426464080810547,26.902593727113768
"A(p=17,f=0.40,h=128,lr=0.01,wd=1.0,max=40000)",11,17800,1.0,2.1664990867975575e-07,0.005747126436781609,5.427890777587891,26.904143989271173
"A(p=17,f=0.40,h=128,lr=0.01,wd=1.0,max=40000)",11,17820,1.0,2.3116234615372377e-07,0.005747126436781609,5.4256086349487305,26.90194381529086
"A(p=17,f=0.40,h=128,lr=0.01,wd=1.0,max=40000)",11,17840,1.0,2.2805254218383197e-07,0.005747126436781609,5.42571496963501,26.9016218285746
"A(p=17,f=0.40,h=128,lr=0.01,wd=1.0,max=40000)",11,17860,1.0,2.2597933480028587e-07,0.005747126436781609,5.426015377044678,26.90261429665327
"A(p=17,f=0.40,h=128,lr=0.01,wd=1.0,max=40000)",11,17880,1.0,2.2390612741673976e-07,0.005747126436781609,5.426003932952881,26.902653849713353
"A(p=17,f=0.40,h=128,lr=0.01,wd=1.0,max=40000)",11,17900,1.0,2.2079632344684796e-07,0.005747126436781609,5.426858425140381,26.903320705820857
"A(p=17,f=0.40,h=128,lr=0.01,wd=1.0,max=40000)",11,17920,1.0,2.2701593138663156e-07,0.005747126436781609,5.425309658050537,26.90159242526834
"A(p=17,f=0.40,h=128,lr=0.01,wd=1.0,max=40000)",11,17940,1.0,2.2286953083039407e-07,0.005747126436781609,5.426415920257568,26.904233086571672
"A(p=17,f=0.40,h=128,lr=0.01,wd=1.0,max=40000)",11,17960,1.0,2.2390612741673976e-07,0.005747126436781609,5.425952911376953,26.9024185931795
"A(p=17,f=0.40,h=128,lr=0.01,wd=1.0,max=40000)",11,17980,1.0,2.1664990867975575e-07,0.005747126436781609,5.427006721496582,26.90536541509757
"A(p=17,f=0.40,h=128,lr=0.01,wd=1.0,max=40000)",11,18000,1.0,2.2286953083039407e-07,0.005747126436781609,5.424644947052002,26.901219669836625
"A(p=17,f=0.40,h=128,lr=0.01,wd=1.0,max=40000)",11,18020,1.0,2.1561331209341006e-07,0.005747126436781609,5.426576137542725,26.904397687869114
"A(p=17,f=0.40,h=128,lr=0.01,wd=1.0,max=40000)",11,18040,1.0,2.2597933480028587e-07,0.005747126436781609,5.423549175262451,26.9023340089848
"A(p=17,f=0.40,h=128,lr=0.01,wd=1.0,max=40000)",11,18060,1.0,2.1561331209341006e-07,0.005747126436781609,5.42511510848999,26.90318756210526
"A(p=17,f=0.40,h=128,lr=0.01,wd=1.0,max=40000)",11,18080,1.0,2.2701593138663156e-07,0.005747126436781609,5.423243999481201,26.90175718552353
"A(p=17,f=0.40,h=128,lr=0.01,wd=1.0,max=40000)",11,18100,1.0,2.1872311606330186e-07,0.005747126436781609,5.424411773681641,26.902069898194142
"A(p=17,f=0.40,h=128,lr=0.01,wd=1.0,max=40000)",11,18120,1.0,2.1354010470986395e-07,0.005747126436781609,5.4244608879089355,26.904343440593376
"A(p=17,f=0.40,h=128,lr=0.01,wd=1.0,max=40000)",11,18140,1.0,2.2597933480028587e-07,0.005747126436781609,5.423408031463623,26.902196046369077
"A(p=17,f=0.40,h=128,lr=0.01,wd=1.0,max=40000)",11,18160,1.0,2.2390612741673976e-07,0.005747126436781609,5.423606872558594,26.90188505635697
"A(p=17,f=0.40,h=128,lr=0.01,wd=1.0,max=40000)",11,18180,1.0,2.1457670129620965e-07,0.005747126436781609,5.4221062660217285,26.901816329049268
"A(p=17,f=0.40,h=128,lr=0.01,wd=1.0,max=40000)",11,18200,1.0,2.2908913877017767e-07,0.005747126436781609,5.4195756912231445,26.900023835101436
"A(p=17,f=0.40,h=128,lr=0.01,wd=1.0,max=40000)",11,18220,1.0,2.1872311606330186e-07,0.005747126436781609,5.42131233215332,26.90219144671824
"A(p=17,f=0.40,h=128,lr=0.01,wd=1.0,max=40000)",11,18240,1.0,2.2286953083039407e-07,0.005747126436781609,5.422856330871582,26.903717506716365
"A(p=17,f=0.40,h=128,lr=0.01,wd=1.0,max=40000)",11,18260,1.0,2.2183292003319366e-07,0.005747126436781609,5.421856880187988,26.9026724175007
"A(p=17,f=0.40,h=128,lr=0.01,wd=1.0,max=40000)",11,18280,1.0,2.2079632344684796e-07,0.005747126436781609,5.4220733642578125,26.902376603761795
"A(p=17,f=0.40,h=128,lr=0.01,wd=1.0,max=40000)",11,18300,1.0,2.3116234615372377e-07,0.005747126436781609,5.420234203338623,26.900275204137372
"A(p=17,f=0.40,h=128,lr=0.01,wd=1.0,max=40000)",11,18320,1.0,2.2494272400308546e-07,0.005747126436781609,5.423171520233154,26.90239812355199
"A(p=17,f=0.40,h=128,lr=0.01,wd=1.0,max=40000)",11,18340,1.0,2.2390612741673976e-07,0.005747126436781609,5.421725749969482,26.902800733954546
"A(p=17,f=0.40,h=128,lr=0.01,wd=1.0,max=40000)",11,18360,1.0,2.1872311606330186e-07,0.005747126436781609,5.421088218688965,26.901484596999264
"A(p=17,f=0.40,h=128,lr=0.01,wd=1.0,max=40000)",11,18380,1.0,2.2701593138663156e-07,0.005747126436781609,5.423915386199951,26.90428174461513
"A(p=17,f=0.40,h=128,lr=0.01,wd=1.0,max=40000)",11,18400,1.0,2.2183292003319366e-07,0.005747126436781609,5.423377990722656,26.902781763064873
"A(p=17,f=0.40,h=128,lr=0.01,wd=1.0,max=40000)",11,18420,1.0,2.2183292003319366e-07,0.005747126436781609,5.42339563369751,26.902246309694352
"A(p=17,f=0.40,h=128,lr=0.01,wd=1.0,max=40000)",11,18440,1.0,2.2597933480028587e-07,0.005747126436781609,5.421653747558594,26.900689214866716
"A(p=17,f=0.40,h=128,lr=0.01,wd=1.0,max=40000)",11,18460,1.0,2.1768651947695616e-07,0.005747126436781609,5.421878337860107,26.901879694130127
"A(p=17,f=0.40,h=128,lr=0.01,wd=1.0,max=40000)",11,18480,1.0,2.1975971264964755e-07,0.005747126436781609,5.422206401824951,26.90254450897671
"A(p=17,f=0.40,h=128,lr=0.01,wd=1.0,max=40000)",11,18500,1.0,2.1975971264964755e-07,0.005747126436781609,5.4224138259887695,26.902799433350577
"A(p=17,f=0.40,h=128,lr=0.01,wd=1.0,max=40000)",11,18520,1.0,2.2390612741673976e-07,0.005747126436781609,5.421703338623047,26.900335846638505
"A(p=17,f=0.40,h=128,lr=0.01,wd=1.0,max=40000)",11,18540,1.0,2.2701593138663156e-07,0.005747126436781609,5.421575546264648,26.901339403813648
"A(p=17,f=0.40,h=128,lr=0.01,wd=1.0,max=40000)",11,18560,1.0,2.1975971264964755e-07,0.005747126436781609,5.420469284057617,26.899895370941742
"A(p=17,f=0.40,h=128,lr=0.01,wd=1.0,max=40000)",11,18580,1.0,2.2494272400308546e-07,0.005747126436781609,5.422605991363525,26.90241279129627
"A(p=17,f=0.40,h=128,lr=0.01,wd=1.0,max=40000)",11,18600,1.0,2.2286953083039407e-07,0.005747126436781609,5.421061038970947,26.90048484695921
"A(p=17,f=0.40,h=128,lr=0.01,wd=1.0,max=40000)",11,18620,1.0,2.1664990867975575e-07,0.005747126436781609,5.422507286071777,26.902884059145773
"A(p=17,f=0.40,h=128,lr=0.01,wd=1.0,max=40000)",11,18640,1.0,2.3116234615372377e-07,0.005747126436781609,5.422084331512451,26.901182861559736
"A(p=17,f=0.40,h=128,lr=0.01,wd=1.0,max=40000)",11,18660,1.0,2.2390612741673976e-07,0.005747126436781609,5.422542095184326,26.902402226489617
"A(p=17,f=0.40,h=128,lr=0.01,wd=1.0,max=40000)",11,18680,1.0,2.2390612741673976e-07,0.005747126436781609,5.422991752624512,26.901687028225226
"A(p=17,f=0.40,h=128,lr=0.01,wd=1.0,max=40000)",11,18700,1.0,2.3219894274006947e-07,0.005747126436781609,5.421460151672363,26.90040225903124
"A(p=17,f=0.40,h=128,lr=0.01,wd=1.0,max=40000)",11,18720,1.0,2.2079632344684796e-07,0.005747126436781609,5.422240257263184,26.901942736434158
"A(p=17,f=0.40,h=128,lr=0.01,wd=1.0,max=40000)",11,18740,1.0,2.2494272400308546e-07,0.005747126436781609,5.422430515289307,26.90206912179821
"A(p=17,f=0.40,h=128,lr=0.01,wd=1.0,max=40000)",11,18760,1.0,2.1872311606330186e-07,0.005747126436781609,5.421344757080078,26.900486520392064
"A(p=17,f=0.40,h=128,lr=0.01,wd=1.0,max=40000)",11,18780,1.0,2.1250349391266354e-07,0.005747126436781609,5.422638893127441,26.902407955975534
"A(p=17,f=0.40,h=128,lr=0.01,wd=1.0,max=40000)",11,18800,1.0,2.2494272400308546e-07,0.005747126436781609,5.422218322753906,26.901889430704554
"A(p=17,f=0.40,h=128,lr=0.01,wd=1.0,max=40000)",11,18820,1.0,2.2390612741673976e-07,0.005747126436781609,5.422260761260986,26.901179950208675
"A(p=17,f=0.40,h=128,lr=0.01,wd=1.0,max=40000)",11,18840,1.0,2.1872311606330186e-07,0.005747126436781609,5.423914432525635,26.901646558352063
"A(p=17,f=0.40,h=128,lr=0.01,wd=1.0,max=40000)",11,18860,1.0,2.1975971264964755e-07,0.005747126436781609,5.424647808074951,26.901614743714273
"A(p=17,f=0.40,h=128,lr=0.01,wd=1.0,max=40000)",11,18880,1.0,2.2286953083039407e-07,0.005747126436781609,5.423145771026611,26.901072569551747
"A(p=17,f=0.40,h=128,lr=0.01,wd=1.0,max=40000)",11,18900,1.0,2.2286953083039407e-07,0.005747126436781609,5.422877788543701,26.899785081196363
"A(p=17,f=0.40,h=128,lr=0.01,wd=1.0,max=40000)",11,18920,1.0,2.3012574956737808e-07,0.005747126436781609,5.421422004699707,26.898319051297907
"A(p=17,f=0.40,h=128,lr=0.01,wd=1.0,max=40000)",11,18940,1.0,2.2494272400308546e-07,0.005747126436781609,5.422473907470703,26.899565119633735
"A(p=17,f=0.40,h=128,lr=0.01,wd=1.0,max=40000)",11,18960,1.0,2.2079632344684796e-07,0.005747126436781609,5.421498775482178,26.89925040494503
"A(p=17,f=0.40,h=128,lr=0.01,wd=1.0,max=40000)",11,18980,1.0,2.2597933480028587e-07,0.005747126436781609,5.422486305236816,26.900274510881758
"A(p=17,f=0.40,h=128,lr=0.01,wd=1.0,max=40000)",11,19000,1.0,2.2701593138663156e-07,0.005747126436781609,5.42227840423584,26.898613767066625
"A(p=17,f=0.40,h=128,lr=0.01,wd=1.0,max=40000)",11,19020,1.0,2.2286953083039407e-07,0.005747126436781609,5.4236297607421875,26.90113744312963
"A(p=17,f=0.40,h=128,lr=0.01,wd=1.0,max=40000)",11,19040,1.0,2.2390612741673976e-07,0.005747126436781609,5.42238712310791,26.899207519363014
"A(p=17,f=0.40,h=128,lr=0.01,wd=1.0,max=40000)",11,19060,1.0,2.1768651947695616e-07,0.005747126436781609,5.4236345291137695,26.90083535158586
"A(p=17,f=0.40,h=128,lr=0.01,wd=1.0,max=40000)",11,19080,1.0,2.3219894274006947e-07,0.005747126436781609,5.4219970703125,26.898321646204778
"A(p=17,f=0.40,h=128,lr=0.01,wd=1.0,max=40000)",11,19100,1.0,2.2079632344684796e-07,0.005747126436781609,5.421555042266846,26.899547499794096
"A(p=17,f=0.40,h=128,lr=0.01,wd=1.0,max=40000)",11,19120,1.0,2.2390612741673976e-07,0.005747126436781609,5.423714637756348,26.900829376022827
"A(p=17,f=0.40,h=128,lr=0.01,wd=1.0,max=40000)",11,19140,1.0,2.3012574956737808e-07,0.005747126436781609,5.421863079071045,26.89790824139257
"A(p=17,f=0.40,h=128,lr=0.01,wd=1.0,max=40000)",11,19160,1.0,2.2183292003319366e-07,0.005747126436781609,5.423717021942139,26.900862352106294
"A(p=17,f=0.40,h=128,lr=0.01,wd=1.0,max=40000)",11,19180,1.0,2.2597933480028587e-07,0.005747126436781609,5.423193454742432,26.8992358879558
"A(p=17,f=0.40,h=128,lr=0.01,wd=1.0,max=40000)",11,19200,1.0,2.2701593138663156e-07,0.005747126436781609,5.421523094177246,26.899096672556848
"A(p=17,f=0.40,h=128,lr=0.01,wd=1.0,max=40000)",11,19220,1.0,2.2908913877017767e-07,0.005747126436781609,5.4219160079956055,26.898675767772264
"A(p=17,f=0.40,h=128,lr=0.01,wd=1.0,max=40000)",11,19240,1.0,2.1457670129620965e-07,0.005747126436781609,5.423189640045166,26.90027129719351
"A(p=17,f=0.40,h=128,lr=0.01,wd=1.0,max=40000)",11,19260,1.0,2.2908913877017767e-07,0.005747126436781609,5.422208786010742,26.898814836121
"A(p=17,f=0.40,h=128,lr=0.01,wd=1.0,max=40000)",11,19280,1.0,2.2701593138663156e-07,0.005747126436781609,5.421016216278076,26.89917100581859
"A(p=17,f=0.40,h=128,lr=0.01,wd=1.0,max=40000)",11,19300,1.0,2.3012574956737808e-07,0.005747126436781609,5.421352863311768,26.898095616782978
"A(p=17,f=0.40,h=128,lr=0.01,wd=1.0,max=40000)",11,19320,1.0,2.2494272400308546e-07,0.005747126436781609,5.421355724334717,26.898019047202297
"A(p=17,f=0.40,h=128,lr=0.01,wd=1.0,max=40000)",11,19340,1.0,2.1975971264964755e-07,0.005747126436781609,5.423232555389404,26.89922985988491
"A(p=17,f=0.40,h=128,lr=0.01,wd=1.0,max=40000)",11,19360,1.0,2.1872311606330186e-07,0.005747126436781609,5.424905300140381,26.901638096218107
"A(p=17,f=0.40,h=128,lr=0.01,wd=1.0,max=40000)",11,19380,1.0,2.2183292003319366e-07,0.005747126436781609,5.424795150756836,26.900910647990013
"A(p=17,f=0.40,h=128,lr=0.01,wd=1.0,max=40000)",11,19400,1.0,2.2390612741673976e-07,0.005747126436781609,5.422368049621582,26.898328184589452
"A(p=17,f=0.40,h=128,lr=0.01,wd=1.0,max=40000)",11,19420,1.0,2.2805254218383197e-07,0.005747126436781609,5.422800064086914,26.89901226899631
"A(p=17,f=0.40,h=128,lr=0.01,wd=1.0,max=40000)",11,19440,1.0,2.2390612741673976e-07,0.005747126436781609,5.422062397003174,26.89864737291247
"A(p=17,f=0.40,h=128,lr=0.01,wd=1.0,max=40000)",11,19460,1.0,2.2390612741673976e-07,0.005747126436781609,5.423363208770752,26.90044333336628
"A(p=17,f=0.40,h=128,lr=0.01,wd=1.0,max=40000)",11,19480,1.0,2.1664990867975575e-07,0.005747126436781609,5.424551010131836,26.900363730525548
"A(p=17,f=0.40,h=128,lr=0.01,wd=1.0,max=40000)",11,19500,1.0,2.2079632344684796e-07,0.005747126436781609,5.423516273498535,26.90017784562802
"A(p=17,f=0.40,h=128,lr=0.01,wd=1.0,max=40000)",11,19520,1.0,2.1768651947695616e-07,0.005747126436781609,5.423005104064941,26.89987271281938
"A(p=17,f=0.40,h=128,lr=0.01,wd=1.0,max=40000)",11,19540,1.0,2.2286953083039407e-07,0.005747126436781609,5.423193454742432,26.899898917102654
"A(p=17,f=0.40,h=128,lr=0.01,wd=1.0,max=40000)",11,19560,1.0,2.2390612741673976e-07,0.005747126436781609,5.423610210418701,26.90011283134119
"A(p=17,f=0.40,h=128,lr=0.01,wd=1.0,max=40000)",11,19580,1.0,2.2286953083039407e-07,0.005747126436781609,5.421291351318359,26.898003804453424
"A(p=17,f=0.40,h=128,lr=0.01,wd=1.0,max=40000)",11,19600,1.0,2.2494272400308546e-07,0.005747126436781609,5.420969009399414,26.89793813690273
"A(p=17,f=0.40,h=128,lr=0.01,wd=1.0,max=40000)",11,19620,1.0,2.1872311606330186e-07,0.005747126436781609,5.4237446784973145,26.901325631925776
"A(p=17,f=0.40,h=128,lr=0.01,wd=1.0,max=40000)",11,19640,1.0,2.3219894274006947e-07,0.005747126436781609,5.420835971832275,26.896584607888443
"A(p=17,f=0.40,h=128,lr=0.01,wd=1.0,max=40000)",11,19660,1.0,2.2494272400308546e-07,0.005747126436781609,5.422741413116455,26.89994437443473
"A(p=17,f=0.40,h=128,lr=0.01,wd=1.0,max=40000)",11,19680,1.0,2.2805254218383197e-07,0.005747126436781609,5.422394752502441,26.89848229757955
"A(p=17,f=0.40,h=128,lr=0.01,wd=1.0,max=40000)",11,19700,1.0,2.1768651947695616e-07,0.005747126436781609,5.42211389541626,26.900090202078758
"A(p=17,f=0.40,h=128,lr=0.01,wd=1.0,max=40000)",11,19720,1.0,2.1561331209341006e-07,0.005747126436781609,5.42396354675293,26.901723161297713
"A(p=17,f=0.40,h=128,lr=0.01,wd=1.0,max=40000)",11,19740,1.0,2.2494272400308546e-07,0.005747126436781609,5.4212727546691895,26.897962886319846
"A(p=17,f=0.40,h=128,lr=0.01,wd=1.0,max=40000)",11,19760,1.0,2.1975971264964755e-07,0.005747126436781609,5.421383857727051,26.898516368169616
"A(p=17,f=0.40,h=128,lr=0.01,wd=1.0,max=40000)",11,19780,1.0,2.2597933480028587e-07,0.005747126436781609,5.422393321990967,26.899239251886435
"A(p=17,f=0.40,h=128,lr=0.01,wd=1.0,max=40000)",11,19800,1.0,2.2701593138663156e-07,0.005747126436781609,5.421557903289795,26.899495944691743
"A(p=17,f=0.40,h=128,lr=0.01,wd=1.0,max=40000)",11,19820,1.0,2.2494272400308546e-07,0.005747126436781609,5.421054363250732,26.898954644867413
"A(p=17,f=0.40,h=128,lr=0.01,wd=1.0,max=40000)",11,19840,1.0,2.2701593138663156e-07,0.005747126436781609,5.421487331390381,26.898689831418775
"A(p=17,f=0.40,h=128,lr=0.01,wd=1.0,max=40000)",11,19860,1.0,2.2286953083039407e-07,0.005747126436781609,5.421257495880127,26.898239446529143
"A(p=17,f=0.40,h=128,lr=0.01,wd=1.0,max=40000)",11,19880,1.0,2.2805254218383197e-07,0.005747126436781609,5.421048641204834,26.89805650705953
"A(p=17,f=0.40,h=128,lr=0.01,wd=1.0,max=40000)",11,19900,1.0,2.2286953083039407e-07,0.005747126436781609,5.422317028045654,26.900438412892434
"A(p=17,f=0.40,h=128,lr=0.01,wd=1.0,max=40000)",11,19920,1.0,2.2908913877017767e-07,0.005747126436781609,5.420248031616211,26.897668193670206
"A(p=17,f=0.40,h=128,lr=0.01,wd=1.0,max=40000)",11,19940,1.0,2.1872311606330186e-07,0.005747126436781609,5.422036170959473,26.898865803017667
"A(p=17,f=0.40,h=128,lr=0.01,wd=1.0,max=40000)",11,19960,1.0,2.1768651947695616e-07,0.005747126436781609,5.4214935302734375,26.89963916851882
"A(p=17,f=0.40,h=128,lr=0.01,wd=1.0,max=40000)",11,19980,1.0,2.1975971264964755e-07,0.005747126436781609,5.421567440032959,26.899740111809788
"A(p=17,f=0.40,h=128,lr=0.01,wd=1.0,max=40000)",11,20000,1.0,2.1872311606330186e-07,0.005747126436781609,5.421318054199219,26.90007590491301
"A(p=17,f=0.40,h=128,lr=0.01,wd=1.0,max=40000)",11,20020,1.0,2.1872311606330186e-07,0.005747126436781609,5.4208807945251465,26.898549304239513
"A(p=17,f=0.40,h=128,lr=0.01,wd=1.0,max=40000)",11,20040,1.0,2.2183292003319366e-07,0.005747126436781609,5.421469688415527,26.900104729349994
"A(p=17,f=0.40,h=128,lr=0.01,wd=1.0,max=40000)",11,20060,1.0,2.2183292003319366e-07,0.005747126436781609,5.420393466949463,26.898606560211135
"A(p=17,f=0.40,h=128,lr=0.01,wd=1.0,max=40000)",11,20080,1.0,2.1768651947695616e-07,0.005747126436781609,5.4194016456604,26.898036038251725
"A(p=17,f=0.40,h=128,lr=0.01,wd=1.0,max=40000)",11,20100,1.0,2.1664990867975575e-07,0.005747126436781609,5.422561168670654,26.899888030828638
"A(p=17,f=0.40,h=128,lr=0.01,wd=1.0,max=40000)",11,20120,1.0,2.1561331209341006e-07,0.005747126436781609,5.4227614402771,26.901646388376843
"A(p=17,f=0.40,h=128,lr=0.01,wd=1.0,max=40000)",11,20140,1.0,2.2805254218383197e-07,0.005747126436781609,5.419703006744385,26.896921119737428
"A(p=17,f=0.40,h=128,lr=0.01,wd=1.0,max=40000)",11,20160,1.0,2.2079632344684796e-07,0.005747126436781609,5.420650959014893,26.898579632655316
"A(p=17,f=0.40,h=128,lr=0.01,wd=1.0,max=40000)",11,20180,1.0,2.2805254218383197e-07,0.005747126436781609,5.420929908752441,26.899146176528685
"A(p=17,f=0.40,h=128,lr=0.01,wd=1.0,max=40000)",11,20200,1.0,2.2183292003319366e-07,0.005747126436781609,5.419920921325684,26.898747187285764
"A(p=17,f=0.40,h=128,lr=0.01,wd=1.0,max=40000)",11,20220,1.0,2.2805254218383197e-07,0.005747126436781609,5.420570373535156,26.900148348391454
"A(p=17,f=0.40,h=128,lr=0.01,wd=1.0,max=40000)",11,20240,1.0,2.1768651947695616e-07,0.005747126436781609,5.422335624694824,26.900538460431
"A(p=17,f=0.40,h=128,lr=0.01,wd=1.0,max=40000)",11,20260,1.0,2.2494272400308546e-07,0.005747126436781609,5.420002460479736,26.897744065172223
"A(p=17,f=0.40,h=128,lr=0.01,wd=1.0,max=40000)",11,20280,1.0,2.2079632344684796e-07,0.005747126436781609,5.420656681060791,26.899636818804623
"A(p=17,f=0.40,h=128,lr=0.01,wd=1.0,max=40000)",11,20300,1.0,2.3012574956737808e-07,0.005747126436781609,5.419901371002197,26.89774342928146
"A(p=17,f=0.40,h=128,lr=0.01,wd=1.0,max=40000)",11,20320,1.0,2.2494272400308546e-07,0.005747126436781609,5.419181823730469,26.897801461567386
"A(p=17,f=0.40,h=128,lr=0.01,wd=1.0,max=40000)",11,20340,1.0,2.1250349391266354e-07,0.005747126436781609,5.4206109046936035,26.899824181902215
"A(p=17,f=0.40,h=128,lr=0.01,wd=1.0,max=40000)",11,20360,1.0,2.2701593138663156e-07,0.005747126436781609,5.418319225311279,26.897477615076145
"A(p=17,f=0.40,h=128,lr=0.01,wd=1.0,max=40000)",11,20380,1.0,2.3323555353726988e-07,0.005747126436781609,5.418424606323242,26.89800740473659
"A(p=17,f=0.40,h=128,lr=0.01,wd=1.0,max=40000)",11,20400,1.0,2.2805254218383197e-07,0.005747126436781609,5.419435501098633,26.898531753225075
"A(p=17,f=0.40,h=128,lr=0.01,wd=1.0,max=40000)",11,20420,1.0,2.2908913877017767e-07,0.005747126436781609,5.418759346008301,26.89723123927789
"A(p=17,f=0.40,h=128,lr=0.01,wd=1.0,max=40000)",11,20440,1.0,2.1768651947695616e-07,0.005747126436781609,5.421380043029785,26.900368107560706
"A(p=17,f=0.40,h=128,lr=0.01,wd=1.0,max=40000)",11,20460,1.0,2.2494272400308546e-07,0.005747126436781609,5.419897556304932,26.898148006004995
"A(p=17,f=0.40,h=128,lr=0.01,wd=1.0,max=40000)",11,20480,1.0,2.2908913877017767e-07,0.005747126436781609,5.419905662536621,26.899004660804348
"A(p=17,f=0.40,h=128,lr=0.01,wd=1.0,max=40000)",11,20500,1.0,2.2390612741673976e-07,0.005747126436781609,5.419545650482178,26.899018406641428
"A(p=17,f=0.40,h=128,lr=0.01,wd=1.0,max=40000)",11,20520,1.0,2.2908913877017767e-07,0.005747126436781609,5.418118953704834,26.89610128342784
"A(p=17,f=0.40,h=128,lr=0.01,wd=1.0,max=40000)",11,20540,1.0,2.2805254218383197e-07,0.005747126436781609,5.418550491333008,26.897625732376163
"A(p=17,f=0.40,h=128,lr=0.01,wd=1.0,max=40000)",11,20560,1.0,2.2805254218383197e-07,0.005747126436781609,5.420398712158203,26.9003510663082
"A(p=17,f=0.40,h=128,lr=0.01,wd=1.0,max=40000)",11,20580,1.0,2.1768651947695616e-07,0.005747126436781609,5.420348167419434,26.899245545248622
"A(p=17,f=0.40,h=128,lr=0.01,wd=1.0,max=40000)",11,20600,1.0,2.1872311606330186e-07,0.005747126436781609,5.420653820037842,26.900419715830864
"A(p=17,f=0.40,h=128,lr=0.01,wd=1.0,max=40000)",11,20620,1.0,2.2286953083039407e-07,0.005747126436781609,5.419741630554199,26.899689905915277
"A(p=17,f=0.40,h=128,lr=0.01,wd=1.0,max=40000)",11,20640,1.0,2.2286953083039407e-07,0.005747126436781609,5.419017791748047,26.89876770624185
"A(p=17,f=0.40,h=128,lr=0.01,wd=1.0,max=40000)",11,20660,1.0,2.2286953083039407e-07,0.005747126436781609,5.418856620788574,26.899304905006527
"A(p=17,f=0.40,h=128,lr=0.01,wd=1.0,max=40000)",11,20680,1.0,2.2079632344684796e-07,0.005747126436781609,5.418331623077393,26.89948832291409
"A(p=17,f=0.40,h=128,lr=0.01,wd=1.0,max=40000)",11,20700,1.0,2.3219894274006947e-07,0.005747126436781609,5.417728424072266,26.897976536523267
"A(p=17,f=0.40,h=128,lr=0.01,wd=1.0,max=40000)",11,20720,1.0,2.3012574956737808e-07,0.005747126436781609,5.416426181793213,26.897796690569333
"A(p=17,f=0.40,h=128,lr=0.01,wd=1.0,max=40000)",11,20740,1.0,2.2183292003319366e-07,0.005747126436781609,5.418534755706787,26.89988167056709
"A(p=17,f=0.40,h=128,lr=0.01,wd=1.0,max=40000)",11,20760,1.0,2.2183292003319366e-07,0.005747126436781609,5.418177127838135,26.899826276678848
"A(p=17,f=0.40,h=128,lr=0.01,wd=1.0,max=40000)",11,20780,1.0,2.1975971264964755e-07,0.005747126436781609,5.41948127746582,26.899718274138582
"A(p=17,f=0.40,h=128,lr=0.01,wd=1.0,max=40000)",11,20800,1.0,2.2494272400308546e-07,0.005747126436781609,5.417818069458008,26.897685145499114
"A(p=17,f=0.40,h=128,lr=0.01,wd=1.0,max=40000)",11,20820,1.0,2.2390612741673976e-07,0.005747126436781609,5.418240070343018,26.898589254063
"A(p=17,f=0.40,h=128,lr=0.01,wd=1.0,max=40000)",11,20840,1.0,2.2805254218383197e-07,0.005747126436781609,5.417474269866943,26.897958647061163
"A(p=17,f=0.40,h=128,lr=0.01,wd=1.0,max=40000)",11,20860,1.0,2.2494272400308546e-07,0.005747126436781609,5.419424057006836,26.89975248612137
"A(p=17,f=0.40,h=128,lr=0.01,wd=1.0,max=40000)",11,20880,1.0,2.2805254218383197e-07,0.005747126436781609,5.418124675750732,26.898558485047662
"A(p=17,f=0.40,h=128,lr=0.01,wd=1.0,max=40000)",11,20900,1.0,2.2701593138663156e-07,0.005747126436781609,5.417361736297607,26.897975797769018
"A(p=17,f=0.40,h=128,lr=0.01,wd=1.0,max=40000)",11,20920,1.0,2.2805254218383197e-07,0.005747126436781609,5.418188095092773,26.898474023461443
"A(p=17,f=0.40,h=128,lr=0.01,wd=1.0,max=40000)",11,20940,1.0,2.1768651947695616e-07,0.005747126436781609,5.4193315505981445,26.900078885854636
"A(p=17,f=0.40,h=128,lr=0.01,wd=1.0,max=40000)",11,20960,1.0,2.2286953083039407e-07,0.005747126436781609,5.4177350997924805,26.89971128385885
"A(p=17,f=0.40,h=128,lr=0.01,wd=1.0,max=40000)",11,20980,1.0,2.2805254218383197e-07,0.005747126436781609,5.417266368865967,26.898873058683748
"A(p=17,f=0.40,h=128,lr=0.01,wd=1.0,max=40000)",11,21000,1.0,2.1872311606330186e-07,0.005747126436781609,5.418410778045654,26.899174115987023
"A(p=17,f=0.40,h=128,lr=0.01,wd=1.0,max=40000)",11,21020,1.0,2.2390612741673976e-07,0.005747126436781609,5.417482376098633,26.89779652538394
"A(p=17,f=0.40,h=128,lr=0.01,wd=1.0,max=40000)",11,21040,1.0,2.2079632344684796e-07,0.005747126436781609,5.416024684906006,26.898480294201978
"A(p=17,f=0.40,h=128,lr=0.01,wd=1.0,max=40000)",11,21060,1.0,2.2701593138663156e-07,0.005747126436781609,5.416886806488037,26.89775596557561
"A(p=17,f=0.40,h=128,lr=0.01,wd=1.0,max=40000)",11,21080,1.0,2.3219894274006947e-07,0.005747126436781609,5.415562152862549,26.897359630584184
"A(p=17,f=0.40,h=128,lr=0.01,wd=1.0,max=40000)",11,21100,1.0,2.2390612741673976e-07,0.005747126436781609,5.418163299560547,26.898226639249245
"A(p=17,f=0.40,h=128,lr=0.01,wd=1.0,max=40000)",11,21120,1.0,2.2701593138663156e-07,0.005747126436781609,5.4155592918396,26.896453644222877
"A(p=17,f=0.40,h=128,lr=0.01,wd=1.0,max=40000)",11,21140,1.0,2.2183292003319366e-07,0.005747126436781609,5.416858673095703,26.899396818655777
"A(p=17,f=0.40,h=128,lr=0.01,wd=1.0,max=40000)",11,21160,1.0,2.3012574956737808e-07,0.005747126436781609,5.4166460037231445,26.897735262227652
"A(p=17,f=0.40,h=128,lr=0.01,wd=1.0,max=40000)",11,21180,1.0,2.2079632344684796e-07,0.005747126436781609,5.420097827911377,26.902262963294145
"A(p=17,f=0.40,h=128,lr=0.01,wd=1.0,max=40000)",11,21200,1.0,2.2908913877017767e-07,0.005747126436781609,5.4165802001953125,26.89915116807227
"A(p=17,f=0.40,h=128,lr=0.01,wd=1.0,max=40000)",11,21220,1.0,2.1664990867975575e-07,0.005747126436781609,5.419243812561035,26.900824629658207
"A(p=17,f=0.40,h=128,lr=0.01,wd=1.0,max=40000)",11,21240,1.0,2.2390612741673976e-07,0.005747126436781609,5.418792247772217,26.900027136446617
"A(p=17,f=0.40,h=128,lr=0.01,wd=1.0,max=40000)",11,21260,1.0,2.2494272400308546e-07,0.005747126436781609,5.415504455566406,26.89764738470433
"A(p=17,f=0.40,h=128,lr=0.01,wd=1.0,max=40000)",11,21280,1.0,2.2390612741673976e-07,0.005747126436781609,5.416430950164795,26.89840322850251
"A(p=17,f=0.40,h=128,lr=0.01,wd=1.0,max=40000)",11,21300,1.0,2.3530876092081598e-07,0.005747126436781609,5.414741039276123,26.89688303735143
"A(p=17,f=0.40,h=128,lr=0.01,wd=1.0,max=40000)",11,21320,1.0,2.2390612741673976e-07,0.005747126436781609,5.416962623596191,26.89983322522729
"A(p=17,f=0.40,h=128,lr=0.01,wd=1.0,max=40000)",11,21340,1.0,2.1457670129620965e-07,0.005747126436781609,5.417631149291992,26.899657548380688
"A(p=17,f=0.40,h=128,lr=0.01,wd=1.0,max=40000)",11,21360,1.0,2.1872311606330186e-07,0.005747126436781609,5.41724157333374,26.900332876242942
"A(p=17,f=0.40,h=128,lr=0.01,wd=1.0,max=40000)",11,21380,1.0,2.2286953083039407e-07,0.005747126436781609,5.414801597595215,26.897544116703106
"A(p=17,f=0.40,h=128,lr=0.01,wd=1.0,max=40000)",11,21400,1.0,2.3427215012361557e-07,0.005747126436781609,5.413949966430664,26.895905972425236
"A(p=17,f=0.40,h=128,lr=0.01,wd=1.0,max=40000)",11,21420,1.0,2.1768651947695616e-07,0.005747126436781609,5.417256832122803,26.899658117666352
"A(p=17,f=0.40,h=128,lr=0.01,wd=1.0,max=40000)",11,21440,1.0,2.3116234615372377e-07,0.005747126436781609,5.414144039154053,26.896515527222885
"A(p=17,f=0.40,h=128,lr=0.01,wd=1.0,max=40000)",11,21460,1.0,2.2286953083039407e-07,0.005747126436781609,5.4169416427612305,26.899901295580943
"A(p=17,f=0.40,h=128,lr=0.01,wd=1.0,max=40000)",11,21480,1.0,2.2390612741673976e-07,0.005747126436781609,5.416291236877441,26.897970604659193
"A(p=17,f=0.40,h=128,lr=0.01,wd=1.0,max=40000)",11,21500,1.0,2.3530876092081598e-07,0.005747126436781609,5.413995742797852,26.89641160290371
"A(p=17,f=0.40,h=128,lr=0.01,wd=1.0,max=40000)",11,21520,1.0,2.2597933480028587e-07,0.005747126436781609,5.41688871383667,26.900880356763697
"A(p=17,f=0.40,h=128,lr=0.01,wd=1.0,max=40000)",11,21540,1.0,2.2286953083039407e-07,0.005747126436781609,5.416910648345947,26.89927360560931
"A(p=17,f=0.40,h=128,lr=0.01,wd=1.0,max=40000)",11,21560,1.0,2.1872311606330186e-07,0.005747126436781609,5.417769908905029,26.900964482722816
"A(p=17,f=0.40,h=128,lr=0.01,wd=1.0,max=40000)",11,21580,1.0,2.2701593138663156e-07,0.005747126436781609,5.416049480438232,26.8975842534489
"A(p=17,f=0.40,h=128,lr=0.01,wd=1.0,max=40000)",11,21600,1.0,2.2390612741673976e-07,0.005747126436781609,5.417255878448486,26.90051426206672
"A(p=17,f=0.40,h=128,lr=0.01,wd=1.0,max=40000)",11,21620,1.0,2.2079632344684796e-07,0.005747126436781609,5.416257381439209,26.899902526469937
"A(p=17,f=0.40,h=128,lr=0.01,wd=1.0,max=40000)",11,21640,1.0,2.2597933480028587e-07,0.005747126436781609,5.416267395019531,26.897786697320267
"A(p=17,f=0.40,h=128,lr=0.01,wd=1.0,max=40000)",11,21660,1.0,2.2079632344684796e-07,0.005747126436781609,5.416263580322266,26.89851541668413
"A(p=17,f=0.40,h=128,lr=0.01,wd=1.0,max=40000)",11,21680,1.0,2.1457670129620965e-07,0.005747126436781609,5.4174485206604,26.900075551745857
"A(p=17,f=0.40,h=128,lr=0.01,wd=1.0,max=40000)",11,21700,1.0,2.2286953083039407e-07,0.005747126436781609,5.416436672210693,26.89845658927658
"A(p=17,f=0.40,h=128,lr=0.01,wd=1.0,max=40000)",11,21720,1.0,2.1975971264964755e-07,0.005747126436781609,5.416635036468506,26.898496647361846
"A(p=17,f=0.40,h=128,lr=0.01,wd=1.0,max=40000)",11,21740,1.0,2.2079632344684796e-07,0.005747126436781609,5.417838096618652,26.89986773756214
"A(p=17,f=0.40,h=128,lr=0.01,wd=1.0,max=40000)",11,21760,1.0,2.2701593138663156e-07,0.005747126436781609,5.416052341461182,26.899737577747935
"A(p=17,f=0.40,h=128,lr=0.01,wd=1.0,max=40000)",11,21780,1.0,2.2494272400308546e-07,0.005747126436781609,5.415595531463623,26.89740287321649
"A(p=17,f=0.40,h=128,lr=0.01,wd=1.0,max=40000)",11,21800,1.0,2.2183292003319366e-07,0.005747126436781609,5.417656421661377,26.89984176728276
"A(p=17,f=0.40,h=128,lr=0.01,wd=1.0,max=40000)",11,21820,1.0,2.2494272400308546e-07,0.005747126436781609,5.415950298309326,26.898481514766207
"A(p=17,f=0.40,h=128,lr=0.01,wd=1.0,max=40000)",11,21840,1.0,2.2494272400308546e-07,0.005747126436781609,5.417203903198242,26.900179488198216
"A(p=17,f=0.40,h=128,lr=0.01,wd=1.0,max=40000)",11,21860,1.0,2.1975971264964755e-07,0.005747126436781609,5.415692329406738,26.898447901100656
"A(p=17,f=0.40,h=128,lr=0.01,wd=1.0,max=40000)",11,21880,1.0,2.3427215012361557e-07,0.005747126436781609,5.414795875549316,26.897060479786997
"A(p=17,f=0.40,h=128,lr=0.01,wd=1.0,max=40000)",11,21900,1.0,2.2494272400308546e-07,0.005747126436781609,5.415043354034424,26.89789502869721
"A(p=17,f=0.40,h=128,lr=0.01,wd=1.0,max=40000)",11,21920,1.0,2.2390612741673976e-07,0.005747126436781609,5.414587020874023,26.89872725643735
"A(p=17,f=0.40,h=128,lr=0.01,wd=1.0,max=40000)",11,21940,1.0,2.1872311606330186e-07,0.005747126436781609,5.416312217712402,26.900563925662468
"A(p=17,f=0.40,h=128,lr=0.01,wd=1.0,max=40000)",11,21960,1.0,2.1872311606330186e-07,0.005747126436781609,5.417612075805664,26.901345864973486
"A(p=17,f=0.40,h=128,lr=0.01,wd=1.0,max=40000)",11,21980,1.0,2.2597933480028587e-07,0.005747126436781609,5.414544582366943,26.898025273745137
"A(p=17,f=0.40,h=128,lr=0.01,wd=1.0,max=40000)",11,22000,1.0,2.2390612741673976e-07,0.005747126436781609,5.414021968841553,26.897904273427944
"A(p=17,f=0.40,h=128,lr=0.01,wd=1.0,max=40000)",11,22020,1.0,2.2597933480028587e-07,0.005747126436781609,5.414919376373291,26.897952373081317
"A(p=17,f=0.40,h=128,lr=0.01,wd=1.0,max=40000)",11,22040,1.0,2.2597933480028587e-07,0.005747126436781609,5.414058685302734,26.89647616528363
"A(p=17,f=0.40,h=128,lr=0.01,wd=1.0,max=40000)",11,22060,1.0,2.1561331209341006e-07,0.005747126436781609,5.416813850402832,26.899548676991703
"A(p=17,f=0.40,h=128,lr=0.01,wd=1.0,max=40000)",11,22080,1.0,2.1872311606330186e-07,0.005747126436781609,5.41569185256958,26.899382325187368
"A(p=17,f=0.40,h=128,lr=0.01,wd=1.0,max=40000)",11,22100,1.0,2.2286953083039407e-07,0.005747126436781609,5.414898872375488,26.898695407168344
"A(p=17,f=0.40,h=128,lr=0.01,wd=1.0,max=40000)",11,22120,1.0,2.2494272400308546e-07,0.005747126436781609,5.414498329162598,26.898667627997956
"A(p=17,f=0.40,h=128,lr=0.01,wd=1.0,max=40000)",11,22140,1.0,2.1457670129620965e-07,0.005747126436781609,5.417569160461426,26.901681274618575
"A(p=17,f=0.40,h=128,lr=0.01,wd=1.0,max=40000)",11,22160,1.0,2.2701593138663156e-07,0.005747126436781609,5.413106441497803,26.89671055776103
"A(p=17,f=0.40,h=128,lr=0.01,wd=1.0,max=40000)",11,22180,1.0,2.2494272400308546e-07,0.005747126436781609,5.414119720458984,26.897485317088645
"A(p=17,f=0.40,h=128,lr=0.01,wd=1.0,max=40000)",11,22200,1.0,2.2183292003319366e-07,0.005747126436781609,5.4153923988342285,26.89866709978741
"A(p=17,f=0.40,h=128,lr=0.01,wd=1.0,max=40000)",11,22220,1.0,2.2597933480028587e-07,0.005747126436781609,5.413811683654785,26.898307624944298
"A(p=17,f=0.40,h=128,lr=0.01,wd=1.0,max=40000)",11,22240,1.0,2.2390612741673976e-07,0.005747126436781609,5.414854049682617,26.89829922989522
"A(p=17,f=0.40,h=128,lr=0.01,wd=1.0,max=40000)",11,22260,1.0,2.2079632344684796e-07,0.005747126436781609,5.4183783531188965,26.901761114390613
"A(p=17,f=0.40,h=128,lr=0.01,wd=1.0,max=40000)",11,22280,1.0,2.1146689732631785e-07,0.005747126436781609,5.417511940002441,26.900293942588068
"A(p=17,f=0.40,h=128,lr=0.01,wd=1.0,max=40000)",11,22300,1.0,2.1872311606330186e-07,0.005747126436781609,5.416322231292725,26.89984291589008
"A(p=17,f=0.40,h=128,lr=0.01,wd=1.0,max=40000)",11,22320,1.0,2.1975971264964755e-07,0.005747126436781609,5.415748119354248,26.89870686116651
"A(p=17,f=0.40,h=128,lr=0.01,wd=1.0,max=40000)",11,22340,1.0,2.2908913877017767e-07,0.005747126436781609,5.4142680168151855,26.897189700974636
"A(p=17,f=0.40,h=128,lr=0.01,wd=1.0,max=40000)",11,22360,1.0,2.2701593138663156e-07,0.005747126436781609,5.41443395614624,26.898540810526384
"A(p=17,f=0.40,h=128,lr=0.01,wd=1.0,max=40000)",11,22380,1.0,2.2597933480028587e-07,0.005747126436781609,5.413670539855957,26.898296094844262
"A(p=17,f=0.40,h=128,lr=0.01,wd=1.0,max=40000)",11,22400,1.0,2.2597933480028587e-07,0.005747126436781609,5.414703369140625,26.89847620412097
"A(p=17,f=0.40,h=128,lr=0.01,wd=1.0,max=40000)",11,22420,1.0,2.2494272400308546e-07,0.005747126436781609,5.4149627685546875,26.897808466871897
"A(p=17,f=0.40,h=128,lr=0.01,wd=1.0,max=40000)",11,22440,1.0,2.2183292003319366e-07,0.005747126436781609,5.414812088012695,26.89831187195174
"A(p=17,f=0.40,h=128,lr=0.01,wd=1.0,max=40000)",11,22460,1.0,2.2390612741673976e-07,0.005747126436781609,5.416122913360596,26.899367107341323
"A(p=17,f=0.40,h=128,lr=0.01,wd=1.0,max=40000)",11,22480,1.0,2.2390612741673976e-07,0.005747126436781609,5.415747165679932,26.898029254155873
"A(p=17,f=0.40,h=128,lr=0.01,wd=1.0,max=40000)",11,22500,1.0,2.2701593138663156e-07,0.005747126436781609,5.415277481079102,26.89800423361371
"A(p=17,f=0.40,h=128,lr=0.01,wd=1.0,max=40000)",11,22520,1.0,2.1768651947695616e-07,0.005747126436781609,5.416999816894531,26.900899132968256
"A(p=17,f=0.40,h=128,lr=0.01,wd=1.0,max=40000)",11,22540,1.0,2.2701593138663156e-07,0.005747126436781609,5.414146423339844,26.897837895040787
"A(p=17,f=0.40,h=128,lr=0.01,wd=1.0,max=40000)",11,22560,1.0,2.2390612741673976e-07,0.005747126436781609,5.415468692779541,26.89925630874837
"A(p=17,f=0.40,h=128,lr=0.01,wd=1.0,max=40000)",11,22580,1.0,2.1975971264964755e-07,0.005747126436781609,5.415648937225342,26.897896021573846
"A(p=17,f=0.40,h=128,lr=0.01,wd=1.0,max=40000)",11,22600,1.0,2.2805254218383197e-07,0.005747126436781609,5.414640426635742,26.897905510313695
"A(p=17,f=0.40,h=128,lr=0.01,wd=1.0,max=40000)",11,22620,1.0,2.2390612741673976e-07,0.005747126436781609,5.414880752563477,26.89874032189589
"A(p=17,f=0.40,h=128,lr=0.01,wd=1.0,max=40000)",11,22640,1.0,2.1664990867975575e-07,0.005747126436781609,5.416344165802002,26.900462194934082
"A(p=17,f=0.40,h=128,lr=0.01,wd=1.0,max=40000)",11,22660,1.0,2.2494272400308546e-07,0.005747126436781609,5.4159626960754395,26.89984256780442
"A(p=17,f=0.40,h=128,lr=0.01,wd=1.0,max=40000)",11,22680,1.0,2.2390612741673976e-07,0.005747126436781609,5.414363861083984,26.89823109452209
"A(p=17,f=0.40,h=128,lr=0.01,wd=1.0,max=40000)",11,22700,1.0,2.2286953083039407e-07,0.005747126436781609,5.416232585906982,26.899179447130336
"A(p=17,f=0.40,h=128,lr=0.01,wd=1.0,max=40000)",11,22720,1.0,2.2805254218383197e-07,0.005747126436781609,5.413640975952148,26.897887471628042
"A(p=17,f=0.40,h=128,lr=0.01,wd=1.0,max=40000)",11,22740,1.0,2.3323555353726988e-07,0.005747126436781609,5.414017200469971,26.898057988197415
"A(p=17,f=0.40,h=128,lr=0.01,wd=1.0,max=40000)",11,22760,1.0,2.1768651947695616e-07,0.005747126436781609,5.41588830947876,26.900789885280563
"A(p=17,f=0.40,h=128,lr=0.01,wd=1.0,max=40000)",11,22780,1.0,2.2390612741673976e-07,0.005747126436781609,5.4141716957092285,26.899560786342548
"A(p=17,f=0.40,h=128,lr=0.01,wd=1.0,max=40000)",11,22800,1.0,2.1975971264964755e-07,0.005747126436781609,5.4135823249816895,26.896639503658587
"A(p=17,f=0.40,h=128,lr=0.01,wd=1.0,max=40000)",11,22820,1.0,2.1872311606330186e-07,0.005747126436781609,5.415503025054932,26.899940568773896
"A(p=17,f=0.40,h=128,lr=0.01,wd=1.0,max=40000)",11,22840,1.0,2.2286953083039407e-07,0.005747126436781609,5.414200782775879,26.89959967245593
"A(p=17,f=0.40,h=128,lr=0.01,wd=1.0,max=40000)",11,22860,1.0,2.2286953083039407e-07,0.005747126436781609,5.413905620574951,26.898635982667926
"A(p=17,f=0.40,h=128,lr=0.01,wd=1.0,max=40000)",11,22880,1.0,2.2183292003319366e-07,0.005747126436781609,5.413575172424316,26.89793734233194
"A(p=17,f=0.40,h=128,lr=0.01,wd=1.0,max=40000)",11,22900,1.0,2.2286953083039407e-07,0.005747126436781609,5.414922714233398,26.9004042834804
"A(p=17,f=0.40,h=128,lr=0.01,wd=1.0,max=40000)",11,22920,1.0,2.1768651947695616e-07,0.005747126436781609,5.415085792541504,26.900523474916252
"A(p=17,f=0.40,h=128,lr=0.01,wd=1.0,max=40000)",11,22940,1.0,2.2701593138663156e-07,0.005747126436781609,5.414993762969971,26.898571835864757
"A(p=17,f=0.40,h=128,lr=0.01,wd=1.0,max=40000)",11,22960,1.0,2.2597933480028587e-07,0.005747126436781609,5.41404390335083,26.898488802133702
"A(p=17,f=0.40,h=128,lr=0.01,wd=1.0,max=40000)",11,22980,1.0,2.3219894274006947e-07,0.005747126436781609,5.413625240325928,26.897948996585075
"A(p=17,f=0.40,h=128,lr=0.01,wd=1.0,max=40000)",11,23000,1.0,2.2701593138663156e-07,0.005747126436781609,5.413719654083252,26.89849672375239
"A(p=17,f=0.40,h=128,lr=0.01,wd=1.0,max=40000)",11,23020,1.0,2.2701593138663156e-07,0.005747126436781609,5.414698123931885,26.898415237129964
"A(p=17,f=0.40,h=128,lr=0.01,wd=1.0,max=40000)",11,23040,1.0,2.3427215012361557e-07,0.005747126436781609,5.4140706062316895,26.89781414592351
"A(p=17,f=0.40,h=128,lr=0.01,wd=1.0,max=40000)",11,23060,1.0,2.2183292003319366e-07,0.005747126436781609,5.4164252281188965,26.899789855322947
"A(p=17,f=0.40,h=128,lr=0.01,wd=1.0,max=40000)",11,23080,1.0,2.3012574956737808e-07,0.005747126436781609,5.413841724395752,26.898183470953096
"A(p=17,f=0.40,h=128,lr=0.01,wd=1.0,max=40000)",11,23100,1.0,2.2908913877017767e-07,0.005747126436781609,5.413566589355469,26.896885529184523
"A(p=17,f=0.40,h=128,lr=0.01,wd=1.0,max=40000)",11,23120,1.0,2.2183292003319366e-07,0.005747126436781609,5.416659355163574,26.901098298608233
"A(p=17,f=0.40,h=128,lr=0.01,wd=1.0,max=40000)",11,23140,1.0,2.2805254218383197e-07,0.005747126436781609,5.416565418243408,26.900117548810606
"A(p=17,f=0.40,h=128,lr=0.01,wd=1.0,max=40000)",11,23160,1.0,2.1768651947695616e-07,0.005747126436781609,5.417355060577393,26.90082197536897
"A(p=17,f=0.40,h=128,lr=0.01,wd=1.0,max=40000)",11,23180,1.0,2.1975971264964755e-07,0.005747126436781609,5.415863513946533,26.898983539918667
"A(p=17,f=0.40,h=128,lr=0.01,wd=1.0,max=40000)",11,23200,1.0,2.1975971264964755e-07,0.005747126436781609,5.4151930809021,26.899635548969446
"A(p=17,f=0.40,h=128,lr=0.01,wd=1.0,max=40000)",11,23220,1.0,2.2805254218383197e-07,0.005747126436781609,5.413731098175049,26.897643136600937
"A(p=17,f=0.40,h=128,lr=0.01,wd=1.0,max=40000)",11,23240,1.0,2.1975971264964755e-07,0.005747126436781609,5.414731979370117,26.898545640713063
"A(p=17,f=0.40,h=128,lr=0.01,wd=1.0,max=40000)",11,23260,1.0,2.2701593138663156e-07,0.005747126436781609,5.413568019866943,26.89786643330688
"A(p=17,f=0.40,h=128,lr=0.01,wd=1.0,max=40000)",11,23280,1.0,2.2390612741673976e-07,0.005747126436781609,5.413665294647217,26.89794821223304
"A(p=17,f=0.40,h=128,lr=0.01,wd=1.0,max=40000)",11,23300,1.0,2.2390612741673976e-07,0.005747126436781609,5.412827014923096,26.897240993816567
"A(p=17,f=0.40,h=128,lr=0.01,wd=1.0,max=40000)",11,23320,1.0,2.2597933480028587e-07,0.005747126436781609,5.414457321166992,26.89882481098546
"A(p=17,f=0.40,h=128,lr=0.01,wd=1.0,max=40000)",11,23340,1.0,2.1768651947695616e-07,0.005747126436781609,5.415963649749756,26.899507820204132
"A(p=17,f=0.40,h=128,lr=0.01,wd=1.0,max=40000)",11,23360,1.0,2.2597933480028587e-07,0.005747126436781609,5.415745735168457,26.899701992230927
"A(p=17,f=0.40,h=128,lr=0.01,wd=1.0,max=40000)",11,23380,1.0,2.2597933480028587e-07,0.005747126436781609,5.414764881134033,26.89872239040885
"A(p=17,f=0.40,h=128,lr=0.01,wd=1.0,max=40000)",11,23400,1.0,2.2597933480028587e-07,0.005747126436781609,5.4142255783081055,26.897985205870707
"A(p=17,f=0.40,h=128,lr=0.01,wd=1.0,max=40000)",11,23420,1.0,2.3427215012361557e-07,0.005747126436781609,5.413838863372803,26.896888237437363
"A(p=17,f=0.40,h=128,lr=0.01,wd=1.0,max=40000)",11,23440,1.0,2.2183292003319366e-07,0.005747126436781609,5.414963245391846,26.898966028809323
"A(p=17,f=0.40,h=128,lr=0.01,wd=1.0,max=40000)",11,23460,1.0,2.2701593138663156e-07,0.005747126436781609,5.413427829742432,26.897410241368373
"A(p=17,f=0.40,h=128,lr=0.01,wd=1.0,max=40000)",11,23480,1.0,2.1768651947695616e-07,0.005747126436781609,5.41572380065918,26.899929200703284
"A(p=17,f=0.40,h=128,lr=0.01,wd=1.0,max=40000)",11,23500,1.0,2.2597933480028587e-07,0.005747126436781609,5.4144287109375,26.89867392033459
"A(p=17,f=0.40,h=128,lr=0.01,wd=1.0,max=40000)",11,23520,1.0,2.2494272400308546e-07,0.005747126436781609,5.414187908172607,26.898951131495778
"A(p=17,f=0.40,h=128,lr=0.01,wd=1.0,max=40000)",11,23540,1.0,2.0732048255922564e-07,0.005747126436781609,5.416908264160156,26.902284781551803
"A(p=17,f=0.40,h=128,lr=0.01,wd=1.0,max=40000)",11,23560,1.0,2.2805254218383197e-07,0.005747126436781609,5.411385536193848,26.895552426649953
"A(p=17,f=0.40,h=128,lr=0.01,wd=1.0,max=40000)",11,23580,1.0,2.2597933480028587e-07,0.005747126436781609,5.413815498352051,26.898652303607957
"A(p=17,f=0.40,h=128,lr=0.01,wd=1.0,max=40000)",11,23600,1.0,2.1146689732631785e-07,0.005747126436781609,5.416537761688232,26.90184626312234
"A(p=17,f=0.40,h=128,lr=0.01,wd=1.0,max=40000)",11,23620,1.0,2.1872311606330186e-07,0.005747126436781609,5.413908958435059,26.898470030253797
"A(p=17,f=0.40,h=128,lr=0.01,wd=1.0,max=40000)",11,23640,1.0,2.2390612741673976e-07,0.005747126436781609,5.414188385009766,26.899587871969732
"A(p=17,f=0.40,h=128,lr=0.01,wd=1.0,max=40000)",11,23660,1.0,2.1457670129620965e-07,0.005747126436781609,5.416149616241455,26.901244231617085
"A(p=17,f=0.40,h=128,lr=0.01,wd=1.0,max=40000)",11,23680,1.0,2.3012574956737808e-07,0.005747126436781609,5.413519859313965,26.897938479081905
"A(p=17,f=0.40,h=128,lr=0.01,wd=1.0,max=40000)",11,23700,1.0,2.2805254218383197e-07,0.005747126436781609,5.411991596221924,26.896735503422114
"A(p=17,f=0.40,h=128,lr=0.01,wd=1.0,max=40000)",11,23720,1.0,2.1768651947695616e-07,0.005747126436781609,5.415994644165039,26.900673502994362
"A(p=17,f=0.40,h=128,lr=0.01,wd=1.0,max=40000)",11,23740,1.0,2.2805254218383197e-07,0.005747126436781609,5.414001941680908,26.8979916425862
"A(p=17,f=0.40,h=128,lr=0.01,wd=1.0,max=40000)",11,23760,1.0,2.3323555353726988e-07,0.005747126436781609,5.412187099456787,26.89674993317266
"A(p=17,f=0.40,h=128,lr=0.01,wd=1.0,max=40000)",11,23780,1.0,2.2183292003319366e-07,0.005747126436781609,5.414492607116699,26.898055566948948
"A(p=17,f=0.40,h=128,lr=0.01,wd=1.0,max=40000)",11,23800,1.0,2.2805254218383197e-07,0.005747126436781609,5.413458347320557,26.896741056113537
"A(p=17,f=0.40,h=128,lr=0.01,wd=1.0,max=40000)",11,23820,1.0,2.2701593138663156e-07,0.005747126436781609,5.413273334503174,26.896298254106828
"A(p=17,f=0.40,h=128,lr=0.01,wd=1.0,max=40000)",11,23840,1.0,2.2286953083039407e-07,0.005747126436781609,5.413283824920654,26.89633834278958
"A(p=17,f=0.40,h=128,lr=0.01,wd=1.0,max=40000)",11,23860,1.0,2.1768651947695616e-07,0.005747126436781609,5.414491176605225,26.89656844352874
"A(p=17,f=0.40,h=128,lr=0.01,wd=1.0,max=40000)",11,23880,1.0,2.1975971264964755e-07,0.005747126436781609,5.414229869842529,26.895943898657002
"A(p=17,f=0.40,h=128,lr=0.01,wd=1.0,max=40000)",11,23900,1.0,2.2597933480028587e-07,0.005747126436781609,5.41269063949585,26.89477616168341
"A(p=17,f=0.40,h=128,lr=0.01,wd=1.0,max=40000)",11,23920,1.0,2.3323555353726988e-07,0.005747126436781609,5.412928581237793,26.895850634985788
"A(p=17,f=0.40,h=128,lr=0.01,wd=1.0,max=40000)",11,23940,1.0,2.2390612741673976e-07,0.005747126436781609,5.4133429527282715,26.895336764397683
"A(p=17,f=0.40,h=128,lr=0.01,wd=1.0,max=40000)",11,23960,1.0,2.2494272400308546e-07,0.005747126436781609,5.4127702713012695,26.896040994139902
"A(p=17,f=0.40,h=128,lr=0.01,wd=1.0,max=40000)",11,23980,1.0,2.3530876092081598e-07,0.005747126436781609,5.413569450378418,26.89517373737879
"A(p=17,f=0.40,h=128,lr=0.01,wd=1.0,max=40000)",11,24000,1.0,2.2701593138663156e-07,0.005747126436781609,5.4138336181640625,26.89520992030769
"A(p=17,f=0.40,h=128,lr=0.01,wd=1.0,max=40000)",11,24020,1.0,2.1872311606330186e-07,0.005747126436781609,5.41460657119751,26.896200033506602
"A(p=17,f=0.40,h=128,lr=0.01,wd=1.0,max=40000)",11,24040,1.0,2.2079632344684796e-07,0.005747126436781609,5.412690162658691,26.894778038935886
"A(p=17,f=0.40,h=128,lr=0.01,wd=1.0,max=40000)",11,24060,1.0,2.2183292003319366e-07,0.005747126436781609,5.414324760437012,26.896333651247872
"A(p=17,f=0.40,h=128,lr=0.01,wd=1.0,max=40000)",11,24080,1.0,2.2286953083039407e-07,0.005747126436781609,5.413450241088867,26.895589534117743
"A(p=17,f=0.40,h=128,lr=0.01,wd=1.0,max=40000)",11,24100,1.0,2.1561331209341006e-07,0.005747126436781609,5.413419246673584,26.89562823999845
"A(p=17,f=0.40,h=128,lr=0.01,wd=1.0,max=40000)",11,24120,1.0,2.2079632344684796e-07,0.005747126436781609,5.415219783782959,26.89837450428196
"A(p=17,f=0.40,h=128,lr=0.01,wd=1.0,max=40000)",11,24140,1.0,2.3427215012361557e-07,0.005747126436781609,5.412891864776611,26.89489680401691
"A(p=17,f=0.40,h=128,lr=0.01,wd=1.0,max=40000)",11,24160,1.0,2.1664990867975575e-07,0.005747126436781609,5.4136786460876465,26.89572577435176
"A(p=17,f=0.40,h=128,lr=0.01,wd=1.0,max=40000)",11,24180,1.0,2.2286953083039407e-07,0.005747126436781609,5.414634704589844,26.895959514721863
"A(p=17,f=0.40,h=128,lr=0.01,wd=1.0,max=40000)",11,24200,1.0,2.3012574956737808e-07,0.005747126436781609,5.414499282836914,26.894756068514834
"A(p=17,f=0.40,h=128,lr=0.01,wd=1.0,max=40000)",11,24220,1.0,2.2597933480028587e-07,0.005747126436781609,5.413740158081055,26.894500108549117
"A(p=17,f=0.40,h=128,lr=0.01,wd=1.0,max=40000)",11,24240,1.0,2.2183292003319366e-07,0.005747126436781609,5.415205001831055,26.895170107044077
"A(p=17,f=0.40,h=128,lr=0.01,wd=1.0,max=40000)",11,24260,1.0,2.2079632344684796e-07,0.005747126436781609,5.416836738586426,26.896416513872264
"A(p=17,f=0.40,h=128,lr=0.01,wd=1.0,max=40000)",11,24280,1.0,2.3116234615372377e-07,0.005747126436781609,5.4141387939453125,26.894331680218823
"A(p=17,f=0.40,h=128,lr=0.01,wd=1.0,max=40000)",11,24300,1.0,2.2286953083039407e-07,0.005747126436781609,5.414674282073975,26.894894171936826
"A(p=17,f=0.40,h=128,lr=0.01,wd=1.0,max=40000)",11,24320,1.0,2.2286953083039407e-07,0.005747126436781609,5.415270805358887,26.8960818406256
"A(p=17,f=0.40,h=128,lr=0.01,wd=1.0,max=40000)",11,24340,1.0,2.2390612741673976e-07,0.005747126436781609,5.413476943969727,26.894971523630986
"A(p=17,f=0.40,h=128,lr=0.01,wd=1.0,max=40000)",11,24360,1.0,2.2908913877017767e-07,0.005747126436781609,5.412524223327637,26.893728587376994
"A(p=17,f=0.40,h=128,lr=0.01,wd=1.0,max=40000)",11,24380,1.0,2.1354010470986395e-07,0.005747126436781609,5.414871692657471,26.896186051457004
"A(p=17,f=0.40,h=128,lr=0.01,wd=1.0,max=40000)",11,24400,1.0,2.1457670129620965e-07,0.005747126436781609,5.414785385131836,26.896245344134297
"A(p=17,f=0.40,h=128,lr=0.01,wd=1.0,max=40000)",11,24420,1.0,2.1975971264964755e-07,0.005747126436781609,5.414198875427246,26.895042046388433
"A(p=17,f=0.40,h=128,lr=0.01,wd=1.0,max=40000)",11,24440,1.0,2.2597933480028587e-07,0.005747126436781609,5.415248870849609,26.895934189261137
"A(p=17,f=0.40,h=128,lr=0.01,wd=1.0,max=40000)",11,24460,1.0,2.2701593138663156e-07,0.005747126436781609,5.4144110679626465,26.894787970599204
"A(p=17,f=0.40,h=128,lr=0.01,wd=1.0,max=40000)",11,24480,1.0,2.2390612741673976e-07,0.005747126436781609,5.413166046142578,26.893699067319083
"A(p=17,f=0.40,h=128,lr=0.01,wd=1.0,max=40000)",11,24500,1.0,2.3323555353726988e-07,0.005747126436781609,5.412863731384277,26.892850107027613
"A(p=17,f=0.40,h=128,lr=0.01,wd=1.0,max=40000)",11,24520,1.0,2.2183292003319366e-07,0.005747126436781609,5.414438724517822,26.895628244998328
"A(p=17,f=0.40,h=128,lr=0.01,wd=1.0,max=40000)",11,24540,1.0,2.2286953083039407e-07,0.005747126436781609,5.4140825271606445,26.894538982905676
"A(p=17,f=0.40,h=128,lr=0.01,wd=1.0,max=40000)",11,24560,1.0,2.1664990867975575e-07,0.005747126436781609,5.415509223937988,26.896904971000268
"A(p=17,f=0.40,h=128,lr=0.01,wd=1.0,max=40000)",11,24580,1.0,2.2079632344684796e-07,0.005747126436781609,5.417033672332764,26.897179524733495
"A(p=17,f=0.40,h=128,lr=0.01,wd=1.0,max=40000)",11,24600,1.0,2.3012574956737808e-07,0.005747126436781609,5.414398193359375,26.894696846669458
"A(p=17,f=0.40,h=128,lr=0.01,wd=1.0,max=40000)",11,24620,1.0,2.2183292003319366e-07,0.005747126436781609,5.418056488037109,26.89863472893762
"A(p=17,f=0.40,h=128,lr=0.01,wd=1.0,max=40000)",11,24640,1.0,2.2286953083039407e-07,0.005747126436781609,5.416133403778076,26.8962863660025
"A(p=17,f=0.40,h=128,lr=0.01,wd=1.0,max=40000)",11,24660,1.0,2.1768651947695616e-07,0.005747126436781609,5.415775775909424,26.89675836693229
"A(p=17,f=0.40,h=128,lr=0.01,wd=1.0,max=40000)",11,24680,1.0,2.2494272400308546e-07,0.005747126436781609,5.414333820343018,26.896105405225075
"A(p=17,f=0.40,h=128,lr=0.01,wd=1.0,max=40000)",11,24700,1.0,2.1664990867975575e-07,0.005747126436781609,5.416806221008301,26.896544857753216
"A(p=17,f=0.40,h=128,lr=0.01,wd=1.0,max=40000)",11,24720,1.0,2.1975971264964755e-07,0.005747126436781609,5.4154839515686035,26.895201969807218
"A(p=17,f=0.40,h=128,lr=0.01,wd=1.0,max=40000)",11,24740,1.0,2.2286953083039407e-07,0.005747126436781609,5.415199279785156,26.895198523704405
"A(p=17,f=0.40,h=128,lr=0.01,wd=1.0,max=40000)",11,24760,1.0,2.2597933480028587e-07,0.005747126436781609,5.415796756744385,26.894209800330945
"A(p=17,f=0.40,h=128,lr=0.01,wd=1.0,max=40000)",11,24780,1.0,2.2079632344684796e-07,0.005747126436781609,5.415064811706543,26.894794070749718
"A(p=17,f=0.40,h=128,lr=0.01,wd=1.0,max=40000)",11,24800,1.0,2.2494272400308546e-07,0.005747126436781609,5.416193962097168,26.89509070691441
"A(p=17,f=0.40,h=128,lr=0.01,wd=1.0,max=40000)",11,24820,1.0,2.3323555353726988e-07,0.005747126436781609,5.413886070251465,26.892572447162888
"A(p=17,f=0.40,h=128,lr=0.01,wd=1.0,max=40000)",11,24840,1.0,2.2701593138663156e-07,0.005747126436781609,5.415281295776367,26.89471940927458
"A(p=17,f=0.40,h=128,lr=0.01,wd=1.0,max=40000)",11,24860,1.0,2.1664990867975575e-07,0.005747126436781609,5.418344974517822,26.89679515309036
"A(p=17,f=0.40,h=128,lr=0.01,wd=1.0,max=40000)",11,24880,1.0,2.1975971264964755e-07,0.005747126436781609,5.4169087409973145,26.896640721990938
"A(p=17,f=0.40,h=128,lr=0.01,wd=1.0,max=40000)",11,24900,1.0,2.2805254218383197e-07,0.005747126436781609,5.415353298187256,26.89494855843774
"A(p=17,f=0.40,h=128,lr=0.01,wd=1.0,max=40000)",11,24920,1.0,2.2701593138663156e-07,0.005747126436781609,5.415224075317383,26.89393479667637
"A(p=17,f=0.40,h=128,lr=0.01,wd=1.0,max=40000)",11,24940,1.0,2.2494272400308546e-07,0.005747126436781609,5.415650367736816,26.895454572645036
"A(p=17,f=0.40,h=128,lr=0.01,wd=1.0,max=40000)",11,24960,1.0,2.2494272400308546e-07,0.005747126436781609,5.414035320281982,26.893522972094516
"A(p=17,f=0.40,h=128,lr=0.01,wd=1.0,max=40000)",11,24980,1.0,2.2494272400308546e-07,0.005747126436781609,5.41572904586792,26.895563949392862
"A(p=17,f=0.40,h=128,lr=0.01,wd=1.0,max=40000)",11,25000,1.0,2.2597933480028587e-07,0.005747126436781609,5.4153056144714355,26.894743647741265
"A(p=17,f=0.40,h=128,lr=0.01,wd=1.0,max=40000)",11,25020,1.0,2.3219894274006947e-07,0.005747126436781609,5.4137725830078125,26.892423876789742
"A(p=17,f=0.40,h=128,lr=0.01,wd=1.0,max=40000)",11,25040,1.0,2.2494272400308546e-07,0.005747126436781609,5.416113376617432,26.89584405900902
"A(p=17,f=0.40,h=128,lr=0.01,wd=1.0,max=40000)",11,25060,1.0,2.1975971264964755e-07,0.005747126436781609,5.416975021362305,26.89690700397797
"A(p=17,f=0.40,h=128,lr=0.01,wd=1.0,max=40000)",11,25080,1.0,2.1975971264964755e-07,0.005747126436781609,5.416822910308838,26.896443441197963
"A(p=17,f=0.40,h=128,lr=0.01,wd=1.0,max=40000)",11,25100,1.0,2.2183292003319366e-07,0.005747126436781609,5.415910720825195,26.89488390985077
"A(p=17,f=0.40,h=128,lr=0.01,wd=1.0,max=40000)",11,25120,1.0,2.2908913877017767e-07,0.005747126436781609,5.41446590423584,26.89358680762137
"A(p=17,f=0.40,h=128,lr=0.01,wd=1.0,max=40000)",11,25140,1.0,2.1664990867975575e-07,0.005747126436781609,5.416078090667725,26.894783009403998
"A(p=17,f=0.40,h=128,lr=0.01,wd=1.0,max=40000)",11,25160,1.0,2.2183292003319366e-07,0.005747126436781609,5.415631294250488,26.894832423653185
"A(p=17,f=0.40,h=128,lr=0.01,wd=1.0,max=40000)",11,25180,1.0,2.2079632344684796e-07,0.005747126436781609,5.415390968322754,26.895487146749144
"A(p=17,f=0.40,h=128,lr=0.01,wd=1.0,max=40000)",11,25200,1.0,2.3116234615372377e-07,0.005747126436781609,5.4140729904174805,26.89299387237846
"A(p=17,f=0.40,h=128,lr=0.01,wd=1.0,max=40000)",11,25220,1.0,2.1872311606330186e-07,0.005747126436781609,5.418374538421631,26.897713842236126
"A(p=17,f=0.40,h=128,lr=0.01,wd=1.0,max=40000)",11,25240,1.0,2.2597933480028587e-07,0.005747126436781609,5.414935111999512,26.893326639948675
"A(p=17,f=0.40,h=128,lr=0.01,wd=1.0,max=40000)",11,25260,1.0,2.1975971264964755e-07,0.005747126436781609,5.4176225662231445,26.895999943189317
"A(p=17,f=0.40,h=128,lr=0.01,wd=1.0,max=40000)",11,25280,1.0,2.2908913877017767e-07,0.005747126436781609,5.414674758911133,26.892606032310898
"A(p=17,f=0.40,h=128,lr=0.01,wd=1.0,max=40000)",11,25300,1.0,2.1975971264964755e-07,0.005747126436781609,5.417237281799316,26.89568360840814
"A(p=17,f=0.40,h=128,lr=0.01,wd=1.0,max=40000)",11,25320,1.0,2.2286953083039407e-07,0.005747126436781609,5.416023254394531,26.89442215967581
"A(p=17,f=0.40,h=128,lr=0.01,wd=1.0,max=40000)",11,25340,1.0,2.2494272400308546e-07,0.005747126436781609,5.417159557342529,26.894734087680373
"A(p=17,f=0.40,h=128,lr=0.01,wd=1.0,max=40000)",11,25360,1.0,2.2597933480028587e-07,0.005747126436781609,5.41834831237793,26.89608611201137
"A(p=17,f=0.40,h=128,lr=0.01,wd=1.0,max=40000)",11,25380,1.0,2.1768651947695616e-07,0.005747126436781609,5.4168877601623535,26.89462848966528
"A(p=17,f=0.40,h=128,lr=0.01,wd=1.0,max=40000)",11,25400,1.0,2.1975971264964755e-07,0.005747126436781609,5.41576623916626,26.893743586845456
"A(p=17,f=0.40,h=128,lr=0.01,wd=1.0,max=40000)",11,25420,1.0,2.1975971264964755e-07,0.005747126436781609,5.4164228439331055,26.894486799132174
"A(p=17,f=0.40,h=128,lr=0.01,wd=1.0,max=40000)",11,25440,1.0,2.2183292003319366e-07,0.005747126436781609,5.417977333068848,26.896419822420295
"A(p=17,f=0.40,h=128,lr=0.01,wd=1.0,max=40000)",11,25460,1.0,2.2079632344684796e-07,0.005747126436781609,5.416196823120117,26.894847875368477
"A(p=17,f=0.40,h=128,lr=0.01,wd=1.0,max=40000)",11,25480,1.0,2.1872311606330186e-07,0.005747126436781609,5.41738748550415,26.89490354125158
"A(p=17,f=0.40,h=128,lr=0.01,wd=1.0,max=40000)",11,25500,1.0,2.2597933480028587e-07,0.005747126436781609,5.417221546173096,26.89534099993247
"A(p=17,f=0.40,h=128,lr=0.01,wd=1.0,max=40000)",11,25520,1.0,2.2079632344684796e-07,0.005747126436781609,5.417052745819092,26.895236241883605
"A(p=17,f=0.40,h=128,lr=0.01,wd=1.0,max=40000)",11,25540,1.0,2.2805254218383197e-07,0.005747126436781609,5.416738986968994,26.89384789199246
"A(p=17,f=0.40,h=128,lr=0.01,wd=1.0,max=40000)",11,25560,1.0,2.2079632344684796e-07,0.005747126436781609,5.418206214904785,26.894558597154923
"A(p=17,f=0.40,h=128,lr=0.01,wd=1.0,max=40000)",11,25580,1.0,2.2183292003319366e-07,0.005747126436781609,5.419434070587158,26.897170835786405
"A(p=17,f=0.40,h=128,lr=0.01,wd=1.0,max=40000)",11,25600,1.0,2.2390612741673976e-07,0.005747126436781609,5.417815685272217,26.893238179634324
"A(p=17,f=0.40,h=128,lr=0.01,wd=1.0,max=40000)",11,25620,1.0,2.1354010470986395e-07,0.005747126436781609,5.420541763305664,26.89795372164507
"A(p=17,f=0.40,h=128,lr=0.01,wd=1.0,max=40000)",11,25640,1.0,2.1975971264964755e-07,0.005747126436781609,5.419255256652832,26.89594983090961
"A(p=17,f=0.40,h=128,lr=0.01,wd=1.0,max=40000)",11,25660,1.0,2.2390612741673976e-07,0.005747126436781609,5.418489456176758,26.895116612820054
"A(p=17,f=0.40,h=128,lr=0.01,wd=1.0,max=40000)",11,25680,1.0,2.3116234615372377e-07,0.005747126436781609,5.415722846984863,26.891253534251973
"A(p=17,f=0.40,h=128,lr=0.01,wd=1.0,max=40000)",11,25700,1.0,2.2597933480028587e-07,0.005747126436781609,5.418389797210693,26.895186815334988
"A(p=17,f=0.40,h=128,lr=0.01,wd=1.0,max=40000)",11,25720,1.0,2.1975971264964755e-07,0.005747126436781609,5.418421268463135,26.89409769727402
"A(p=17,f=0.40,h=128,lr=0.01,wd=1.0,max=40000)",11,25740,1.0,2.1768651947695616e-07,0.005747126436781609,5.416714668273926,26.89354369811312
"A(p=17,f=0.40,h=128,lr=0.01,wd=1.0,max=40000)",11,25760,1.0,2.3116234615372377e-07,0.005747126436781609,5.416903018951416,26.892686170603678
"A(p=17,f=0.40,h=128,lr=0.01,wd=1.0,max=40000)",11,25780,1.0,2.2183292003319366e-07,0.005747126436781609,5.4188456535339355,26.89505196124994
"A(p=17,f=0.40,h=128,lr=0.01,wd=1.0,max=40000)",11,25800,1.0,2.1975971264964755e-07,0.005747126436781609,5.4200615882873535,26.895486128605814
"A(p=17,f=0.40,h=128,lr=0.01,wd=1.0,max=40000)",11,25820,1.0,2.2908913877017767e-07,0.005747126436781609,5.416994094848633,26.89352882291889
"A(p=17,f=0.40,h=128,lr=0.01,wd=1.0,max=40000)",11,25840,1.0,2.2494272400308546e-07,0.005747126436781609,5.4176249504089355,26.893260019694896
"A(p=17,f=0.40,h=128,lr=0.01,wd=1.0,max=40000)",11,25860,1.0,2.2597933480028587e-07,0.005747126436781609,5.417965412139893,26.893462983835338
"A(p=17,f=0.40,h=128,lr=0.01,wd=1.0,max=40000)",11,25880,1.0,2.2286953083039407e-07,0.005747126436781609,5.418939113616943,26.896163282127358
"A(p=17,f=0.40,h=128,lr=0.01,wd=1.0,max=40000)",11,25900,1.0,2.2494272400308546e-07,0.005747126436781609,5.417332172393799,26.893995853031715
"A(p=17,f=0.40,h=128,lr=0.01,wd=1.0,max=40000)",11,25920,1.0,2.2286953083039407e-07,0.005747126436781609,5.4174485206604,26.89406106751082
"A(p=17,f=0.40,h=128,lr=0.01,wd=1.0,max=40000)",11,25940,1.0,2.2805254218383197e-07,0.005747126436781609,5.418092727661133,26.893699848347016
"A(p=17,f=0.40,h=128,lr=0.01,wd=1.0,max=40000)",11,25960,1.0,2.1975971264964755e-07,0.005747126436781609,5.417389869689941,26.894274711073884
"A(p=17,f=0.40,h=128,lr=0.01,wd=1.0,max=40000)",11,25980,1.0,2.2183292003319366e-07,0.005747126436781609,5.416356563568115,26.89395522034746
"A(p=17,f=0.40,h=128,lr=0.01,wd=1.0,max=40000)",11,26000,1.0,2.2183292003319366e-07,0.005747126436781609,5.417612552642822,26.894623652005144
"A(p=17,f=0.40,h=128,lr=0.01,wd=1.0,max=40000)",11,26020,1.0,2.3012574956737808e-07,0.005747126436781609,5.416354656219482,26.89356606792655
"A(p=17,f=0.40,h=128,lr=0.01,wd=1.0,max=40000)",11,26040,1.0,2.2805254218383197e-07,0.005747126436781609,5.416358947753906,26.894343608207933
"A(p=17,f=0.40,h=128,lr=0.01,wd=1.0,max=40000)",11,26060,1.0,2.3427215012361557e-07,0.005747126436781609,5.415437698364258,26.89171725647842
"A(p=17,f=0.40,h=128,lr=0.01,wd=1.0,max=40000)",11,26080,1.0,2.3012574956737808e-07,0.005747126436781609,5.418090343475342,26.89536223045694
"A(p=17,f=0.40,h=128,lr=0.01,wd=1.0,max=40000)",11,26100,1.0,2.2286953083039407e-07,0.005747126436781609,5.417443752288818,26.894989717384313
"A(p=17,f=0.40,h=128,lr=0.01,wd=1.0,max=40000)",11,26120,1.0,2.1664990867975575e-07,0.005747126436781609,5.418388843536377,26.894685928059626
"A(p=17,f=0.40,h=128,lr=0.01,wd=1.0,max=40000)",11,26140,1.0,2.2494272400308546e-07,0.005747126436781609,5.417435646057129,26.89392704670524
"A(p=17,f=0.40,h=128,lr=0.01,wd=1.0,max=40000)",11,26160,1.0,2.2805254218383197e-07,0.005747126436781609,5.417006492614746,26.89292390121358
"A(p=17,f=0.40,h=128,lr=0.01,wd=1.0,max=40000)",11,26180,1.0,2.2805254218383197e-07,0.005747126436781609,5.4179158210754395,26.895004538328376
"A(p=17,f=0.40,h=128,lr=0.01,wd=1.0,max=40000)",11,26200,1.0,2.3116234615372377e-07,0.005747126436781609,5.415910720825195,26.892382903743375
"A(p=17,f=0.40,h=128,lr=0.01,wd=1.0,max=40000)",11,26220,1.0,2.2183292003319366e-07,0.005747126436781609,5.416156768798828,26.892623821838832
"A(p=17,f=0.40,h=128,lr=0.01,wd=1.0,max=40000)",11,26240,1.0,2.1354010470986395e-07,0.005747126436781609,5.418368816375732,26.894286599326886
"A(p=17,f=0.40,h=128,lr=0.01,wd=1.0,max=40000)",11,26260,1.0,2.2390612741673976e-07,0.005747126436781609,5.418114185333252,26.893510674647317
"A(p=17,f=0.40,h=128,lr=0.01,wd=1.0,max=40000)",11,26280,1.0,2.1664990867975575e-07,0.005747126436781609,5.418980121612549,26.893436521524514
"A(p=17,f=0.40,h=128,lr=0.01,wd=1.0,max=40000)",11,26300,1.0,2.2805254218383197e-07,0.005747126436781609,5.419179439544678,26.894327398735953
"A(p=17,f=0.40,h=128,lr=0.01,wd=1.0,max=40000)",11,26320,1.0,2.1975971264964755e-07,0.005747126436781609,5.4186110496521,26.893902382686854
"A(p=17,f=0.40,h=128,lr=0.01,wd=1.0,max=40000)",11,26340,1.0,2.3012574956737808e-07,0.005747126436781609,5.416311264038086,26.890888394996157
"A(p=17,f=0.40,h=128,lr=0.01,wd=1.0,max=40000)",11,26360,1.0,2.2079632344684796e-07,0.005747126436781609,5.418010234832764,26.89309285179879
"A(p=17,f=0.40,h=128,lr=0.01,wd=1.0,max=40000)",11,26380,1.0,2.2908913877017767e-07,0.005747126436781609,5.418290138244629,26.89292978266853
"A(p=17,f=0.40,h=128,lr=0.01,wd=1.0,max=40000)",11,26400,1.0,2.2390612741673976e-07,0.005747126436781609,5.4206366539001465,26.89405910145445
"A(p=17,f=0.40,h=128,lr=0.01,wd=1.0,max=40000)",11,26420,1.0,2.2494272400308546e-07,0.005747126436781609,5.418838977813721,26.89312885451222
"A(p=17,f=0.40,h=128,lr=0.01,wd=1.0,max=40000)",11,26440,1.0,2.2494272400308546e-07,0.005747126436781609,5.4198713302612305,26.892755353466068
"A(p=17,f=0.40,h=128,lr=0.01,wd=1.0,max=40000)",11,26460,1.0,2.3116234615372377e-07,0.005747126436781609,5.418825149536133,26.891326435593886
"A(p=17,f=0.40,h=128,lr=0.01,wd=1.0,max=40000)",11,26480,1.0,2.2390612741673976e-07,0.005747126436781609,5.420520782470703,26.892776623930917
"A(p=17,f=0.40,h=128,lr=0.01,wd=1.0,max=40000)",11,26500,1.0,2.2597933480028587e-07,0.005747126436781609,5.4217400550842285,26.89398231927559
"A(p=17,f=0.40,h=128,lr=0.01,wd=1.0,max=40000)",11,26520,1.0,2.2597933480028587e-07,0.005747126436781609,5.420859336853027,26.893754197632557
"A(p=17,f=0.40,h=128,lr=0.01,wd=1.0,max=40000)",11,26540,1.0,2.2494272400308546e-07,0.005747126436781609,5.419977188110352,26.89231412149461
"A(p=17,f=0.40,h=128,lr=0.01,wd=1.0,max=40000)",11,26560,1.0,2.2286953083039407e-07,0.005747126436781609,5.41931676864624,26.891089720020993
"A(p=17,f=0.40,h=128,lr=0.01,wd=1.0,max=40000)",11,26580,1.0,2.2597933480028587e-07,0.005747126436781609,5.41939115524292,26.891272085952767
"A(p=17,f=0.40,h=128,lr=0.01,wd=1.0,max=40000)",11,26600,1.0,2.2597933480028587e-07,0.005747126436781609,5.42085075378418,26.89182797999525
"A(p=17,f=0.40,h=128,lr=0.01,wd=1.0,max=40000)",11,26620,1.0,2.1457670129620965e-07,0.005747126436781609,5.421497821807861,26.892871887480716
"A(p=17,f=0.40,h=128,lr=0.01,wd=1.0,max=40000)",11,26640,1.0,2.1664990867975575e-07,0.005747126436781609,5.422035217285156,26.89421960891572
"A(p=17,f=0.40,h=128,lr=0.01,wd=1.0,max=40000)",11,26660,1.0,2.2390612741673976e-07,0.005747126436781609,5.421189308166504,26.892076350454598
"A(p=17,f=0.40,h=128,lr=0.01,wd=1.0,max=40000)",11,26680,1.0,2.2805254218383197e-07,0.005747126436781609,5.419413089752197,26.891520090317062
"A(p=17,f=0.40,h=128,lr=0.01,wd=1.0,max=40000)",11,26700,1.0,2.2286953083039407e-07,0.005747126436781609,5.421043872833252,26.891625266312893
"A(p=17,f=0.40,h=128,lr=0.01,wd=1.0,max=40000)",11,26720,1.0,2.1975971264964755e-07,0.005747126436781609,5.420948505401611,26.891290752515555
"A(p=17,f=0.40,h=128,lr=0.01,wd=1.0,max=40000)",11,26740,1.0,2.1768651947695616e-07,0.005747126436781609,5.421701431274414,26.892311888342853
"A(p=17,f=0.40,h=128,lr=0.01,wd=1.0,max=40000)",11,26760,1.0,2.1975971264964755e-07,0.005747126436781609,5.421467304229736,26.89203926396012
"A(p=17,f=0.40,h=128,lr=0.01,wd=1.0,max=40000)",11,26780,1.0,2.2079632344684796e-07,0.005747126436781609,5.420834541320801,26.89166484454822
"A(p=17,f=0.40,h=128,lr=0.01,wd=1.0,max=40000)",11,26800,1.0,2.2390612741673976e-07,0.005747126436781609,5.421053886413574,26.89145094231772
"A(p=17,f=0.40,h=128,lr=0.01,wd=1.0,max=40000)",11,26820,1.0,2.1872311606330186e-07,0.005747126436781609,5.421069145202637,26.892990223568184
"A(p=17,f=0.40,h=128,lr=0.01,wd=1.0,max=40000)",11,26840,1.0,2.2494272400308546e-07,0.005747126436781609,5.42071008682251,26.890296313477037
"A(p=17,f=0.40,h=128,lr=0.01,wd=1.0,max=40000)",11,26860,1.0,2.1975971264964755e-07,0.005747126436781609,5.421214580535889,26.892002724883547
"A(p=17,f=0.40,h=128,lr=0.01,wd=1.0,max=40000)",11,26880,1.0,2.3116234615372377e-07,0.005747126436781609,5.418731212615967,26.890931152993836
"A(p=17,f=0.40,h=128,lr=0.01,wd=1.0,max=40000)",11,26900,1.0,2.1561331209341006e-07,0.005747126436781609,5.421449184417725,26.8938718264055
"A(p=17,f=0.40,h=128,lr=0.01,wd=1.0,max=40000)",11,26920,1.0,2.2701593138663156e-07,0.005747126436781609,5.418542385101318,26.889581198451527
"A(p=17,f=0.40,h=128,lr=0.01,wd=1.0,max=40000)",11,26940,1.0,2.2908913877017767e-07,0.005747126436781609,5.419329643249512,26.89173768420238
"A(p=17,f=0.40,h=128,lr=0.01,wd=1.0,max=40000)",11,26960,1.0,2.2494272400308546e-07,0.005747126436781609,5.419923305511475,26.891890677771645
"A(p=17,f=0.40,h=128,lr=0.01,wd=1.0,max=40000)",11,26980,1.0,2.3012574956737808e-07,0.005747126436781609,5.418696880340576,26.88962370376541
"A(p=17,f=0.40,h=128,lr=0.01,wd=1.0,max=40000)",11,27000,1.0,2.1561331209341006e-07,0.005747126436781609,5.421285152435303,26.892315506866158
"A(p=17,f=0.40,h=128,lr=0.01,wd=1.0,max=40000)",11,27020,1.0,2.2286953083039407e-07,0.005747126436781609,5.420217990875244,26.891203250615582
"A(p=17,f=0.40,h=128,lr=0.01,wd=1.0,max=40000)",11,27040,1.0,2.2079632344684796e-07,0.005747126436781609,5.4192585945129395,26.890824360543554
"A(p=17,f=0.40,h=128,lr=0.01,wd=1.0,max=40000)",11,27060,1.0,2.2183292003319366e-07,0.005747126436781609,5.41971492767334,26.891403170333334
"A(p=17,f=0.40,h=128,lr=0.01,wd=1.0,max=40000)",11,27080,1.0,2.2079632344684796e-07,0.005747126436781609,5.418963432312012,26.890661190883502
"A(p=17,f=0.40,h=128,lr=0.01,wd=1.0,max=40000)",11,27100,1.0,2.1768651947695616e-07,0.005747126436781609,5.420112133026123,26.892121373621265
"A(p=17,f=0.40,h=128,lr=0.01,wd=1.0,max=40000)",11,27120,1.0,2.2494272400308546e-07,0.005747126436781609,5.422009468078613,26.89366371331584
"A(p=17,f=0.40,h=128,lr=0.01,wd=1.0,max=40000)",11,27140,1.0,2.3012574956737808e-07,0.005747126436781609,5.42024040222168,26.89155986934677
"A(p=17,f=0.40,h=128,lr=0.01,wd=1.0,max=40000)",11,27160,1.0,2.2390612741673976e-07,0.005747126436781609,5.420131206512451,26.89059699905278
"A(p=17,f=0.40,h=128,lr=0.01,wd=1.0,max=40000)",11,27180,1.0,2.2183292003319366e-07,0.005747126436781609,5.419979572296143,26.89041993806442
"A(p=17,f=0.40,h=128,lr=0.01,wd=1.0,max=40000)",11,27200,1.0,2.2286953083039407e-07,0.005747126436781609,5.419745922088623,26.891233025633298
"A(p=17,f=0.40,h=128,lr=0.01,wd=1.0,max=40000)",11,27220,1.0,2.2390612741673976e-07,0.005747126436781609,5.420790672302246,26.893525836746477
"A(p=17,f=0.40,h=128,lr=0.01,wd=1.0,max=40000)",11,27240,1.0,2.3116234615372377e-07,0.005747126436781609,5.417773246765137,26.88925698089751
"A(p=17,f=0.40,h=128,lr=0.01,wd=1.0,max=40000)",11,27260,1.0,2.1975971264964755e-07,0.005747126436781609,5.420198917388916,26.891027694493953
"A(p=17,f=0.40,h=128,lr=0.01,wd=1.0,max=40000)",11,27280,1.0,2.2597933480028587e-07,0.005747126436781609,5.420735836029053,26.89180580379698
"A(p=17,f=0.40,h=128,lr=0.01,wd=1.0,max=40000)",11,27300,1.0,2.2494272400308546e-07,0.005747126436781609,5.42031192779541,26.890809811000047
"A(p=17,f=0.40,h=128,lr=0.01,wd=1.0,max=40000)",11,27320,1.0,2.1664990867975575e-07,0.005747126436781609,5.421718120574951,26.892288925437356
"A(p=17,f=0.40,h=128,lr=0.01,wd=1.0,max=40000)",11,27340,1.0,2.2494272400308546e-07,0.005747126436781609,5.4208269119262695,26.892032768552188
"A(p=17,f=0.40,h=128,lr=0.01,wd=1.0,max=40000)",11,27360,1.0,2.2494272400308546e-07,0.005747126436781609,5.420575141906738,26.89213704781949
"A(p=17,f=0.40,h=128,lr=0.01,wd=1.0,max=40000)",11,27380,1.0,2.1664990867975575e-07,0.005747126436781609,5.420993328094482,26.891930460700554
"A(p=17,f=0.40,h=128,lr=0.01,wd=1.0,max=40000)",11,27400,1.0,2.2286953083039407e-07,0.005747126436781609,5.418873310089111,26.889686799895756
"A(p=17,f=0.40,h=128,lr=0.01,wd=1.0,max=40000)",11,27420,1.0,2.2494272400308546e-07,0.005747126436781609,5.418410778045654,26.889936685690355
"A(p=17,f=0.40,h=128,lr=0.01,wd=1.0,max=40000)",11,27440,1.0,2.2390612741673976e-07,0.005747126436781609,5.41939115524292,26.890625067691836
"A(p=17,f=0.40,h=128,lr=0.01,wd=1.0,max=40000)",11,27460,1.0,2.1561331209341006e-07,0.005747126436781609,5.4200263023376465,26.89139830694891
"A(p=17,f=0.40,h=128,lr=0.01,wd=1.0,max=40000)",11,27480,1.0,2.1975971264964755e-07,0.005747126436781609,5.419363021850586,26.891357168433053
"A(p=17,f=0.40,h=128,lr=0.01,wd=1.0,max=40000)",11,27500,1.0,2.3012574956737808e-07,0.005747126436781609,5.418299674987793,26.88926178596026
"A(p=17,f=0.40,h=128,lr=0.01,wd=1.0,max=40000)",11,27520,1.0,2.1561331209341006e-07,0.005747126436781609,5.419506072998047,26.891543951076585
"A(p=17,f=0.40,h=128,lr=0.01,wd=1.0,max=40000)",11,27540,1.0,2.2908913877017767e-07,0.005747126436781609,5.417978286743164,26.88969271211889
"A(p=17,f=0.40,h=128,lr=0.01,wd=1.0,max=40000)",11,27560,1.0,2.1664990867975575e-07,0.005747126436781609,5.420421600341797,26.89408610390898
"A(p=17,f=0.40,h=128,lr=0.01,wd=1.0,max=40000)",11,27580,1.0,2.2701593138663156e-07,0.005747126436781609,5.416866779327393,26.889001665972252
"A(p=17,f=0.40,h=128,lr=0.01,wd=1.0,max=40000)",11,27600,1.0,2.3116234615372377e-07,0.005747126436781609,5.416906833648682,26.888129478622957
"A(p=17,f=0.40,h=128,lr=0.01,wd=1.0,max=40000)",11,27620,1.0,2.2597933480028587e-07,0.005747126436781609,5.418898582458496,26.890578601791802
"A(p=17,f=0.40,h=128,lr=0.01,wd=1.0,max=40000)",11,27640,1.0,2.2390612741673976e-07,0.005747126436781609,5.418603897094727,26.89034501574735
"A(p=17,f=0.40,h=128,lr=0.01,wd=1.0,max=40000)",11,27660,1.0,2.1872311606330186e-07,0.005747126436781609,5.419401168823242,26.89145411732202
"A(p=17,f=0.40,h=128,lr=0.01,wd=1.0,max=40000)",11,27680,1.0,2.2286953083039407e-07,0.005747126436781609,5.418977737426758,26.89028272947289
"A(p=17,f=0.40,h=128,lr=0.01,wd=1.0,max=40000)",11,27700,1.0,2.3116234615372377e-07,0.005747126436781609,5.416561126708984,26.888469251573547
"A(p=17,f=0.40,h=128,lr=0.01,wd=1.0,max=40000)",11,27720,1.0,2.2390612741673976e-07,0.005747126436781609,5.418686866760254,26.889760375107837
"A(p=17,f=0.40,h=128,lr=0.01,wd=1.0,max=40000)",11,27740,1.0,2.2183292003319366e-07,0.005747126436781609,5.4169745445251465,26.888305982909582
"A(p=17,f=0.40,h=128,lr=0.01,wd=1.0,max=40000)",11,27760,1.0,2.0939368994277174e-07,0.005747126436781609,5.4205546379089355,26.89286924053177
"A(p=17,f=0.40,h=128,lr=0.01,wd=1.0,max=40000)",11,27780,1.0,2.1457670129620965e-07,0.005747126436781609,5.419273853302002,26.892894383893918
"A(p=17,f=0.40,h=128,lr=0.01,wd=1.0,max=40000)",11,27800,1.0,2.3012574956737808e-07,0.005747126436781609,5.416224956512451,26.887404790658806
"A(p=17,f=0.40,h=128,lr=0.01,wd=1.0,max=40000)",11,27820,1.0,2.2597933480028587e-07,0.005747126436781609,5.419125080108643,26.89028880173403
"A(p=17,f=0.40,h=128,lr=0.01,wd=1.0,max=40000)",11,27840,1.0,2.2597933480028587e-07,0.005747126436781609,5.41880989074707,26.88977090473269
"A(p=17,f=0.40,h=128,lr=0.01,wd=1.0,max=40000)",11,27860,1.0,2.2183292003319366e-07,0.005747126436781609,5.418184757232666,26.889675329080212
"A(p=17,f=0.40,h=128,lr=0.01,wd=1.0,max=40000)",11,27880,1.0,2.1872311606330186e-07,0.005747126436781609,5.419463634490967,26.891425714955574
"A(p=17,f=0.40,h=128,lr=0.01,wd=1.0,max=40000)",11,27900,1.0,2.2286953083039407e-07,0.005747126436781609,5.419085502624512,26.891167203223212
"A(p=17,f=0.40,h=128,lr=0.01,wd=1.0,max=40000)",11,27920,1.0,2.1872311606330186e-07,0.005747126436781609,5.4182562828063965,26.890567272228257
"A(p=17,f=0.40,h=128,lr=0.01,wd=1.0,max=40000)",11,27940,1.0,2.2805254218383197e-07,0.005747126436781609,5.418188095092773,26.888847734830957
"A(p=17,f=0.40,h=128,lr=0.01,wd=1.0,max=40000)",11,27960,1.0,2.2494272400308546e-07,0.005747126436781609,5.419305801391602,26.891787451893286
"A(p=17,f=0.40,h=128,lr=0.01,wd=1.0,max=40000)",11,27980,1.0,2.2597933480028587e-07,0.005747126436781609,5.418817043304443,26.8902484126804
"A(p=17,f=0.40,h=128,lr=0.01,wd=1.0,max=40000)",11,28000,1.0,2.2079632344684796e-07,0.005747126436781609,5.418833255767822,26.890466138842775
"A(p=17,f=0.40,h=128,lr=0.01,wd=1.0,max=40000)",11,28020,1.0,2.1872311606330186e-07,0.005747126436781609,5.420258045196533,26.89306632107732
"A(p=17,f=0.40,h=128,lr=0.01,wd=1.0,max=40000)",11,28040,1.0,2.2079632344684796e-07,0.005747126436781609,5.4188995361328125,26.88981764495458
"A(p=17,f=0.40,h=128,lr=0.01,wd=1.0,max=40000)",11,28060,1.0,2.1872311606330186e-07,0.005747126436781609,5.41947603225708,26.891671035775328
"A(p=17,f=0.40,h=128,lr=0.01,wd=1.0,max=40000)",11,28080,1.0,2.1975971264964755e-07,0.005747126436781609,5.420571327209473,26.89211604054185
"A(p=17,f=0.40,h=128,lr=0.01,wd=1.0,max=40000)",11,28100,1.0,2.2079632344684796e-07,0.005747126436781609,5.418769359588623,26.89028682517765
"A(p=17,f=0.40,h=128,lr=0.01,wd=1.0,max=40000)",11,28120,1.0,2.3116234615372377e-07,0.005747126436781609,5.416435718536377,26.888365829391994
"A(p=17,f=0.40,h=128,lr=0.01,wd=1.0,max=40000)",11,28140,1.0,2.2805254218383197e-07,0.005747126436781609,5.4171977043151855,26.888814754554094
"A(p=17,f=0.40,h=128,lr=0.01,wd=1.0,max=40000)",11,28160,1.0,2.2286953083039407e-07,0.005747126436781609,5.419179439544678,26.890544920276525
"A(p=17,f=0.40,h=128,lr=0.01,wd=1.0,max=40000)",11,28180,1.0,2.2494272400308546e-07,0.005747126436781609,5.41898250579834,26.89056603232504
"A(p=17,f=0.40,h=128,lr=0.01,wd=1.0,max=40000)",11,28200,1.0,2.2183292003319366e-07,0.005747126436781609,5.419148921966553,26.890707568590827
"A(p=17,f=0.40,h=128,lr=0.01,wd=1.0,max=40000)",11,28220,1.0,2.2079632344684796e-07,0.005747126436781609,5.420300483703613,26.89173497018406
"A(p=17,f=0.40,h=128,lr=0.01,wd=1.0,max=40000)",11,28240,1.0,2.2286953083039407e-07,0.005747126436781609,5.418144702911377,26.88886689345115
"A(p=17,f=0.40,h=128,lr=0.01,wd=1.0,max=40000)",11,28260,1.0,2.2597933480028587e-07,0.005747126436781609,5.419416904449463,26.89083714076699
"A(p=17,f=0.40,h=128,lr=0.01,wd=1.0,max=40000)",11,28280,1.0,2.3116234615372377e-07,0.005747126436781609,5.418791770935059,26.889727008070103
"A(p=17,f=0.40,h=128,lr=0.01,wd=1.0,max=40000)",11,28300,1.0,2.2494272400308546e-07,0.005747126436781609,5.419641017913818,26.891471503150616
"A(p=17,f=0.40,h=128,lr=0.01,wd=1.0,max=40000)",11,28320,1.0,2.2805254218383197e-07,0.005747126436781609,5.419254302978516,26.890615622713128
"A(p=17,f=0.40,h=128,lr=0.01,wd=1.0,max=40000)",11,28340,1.0,2.2079632344684796e-07,0.005747126436781609,5.4222564697265625,26.892490942401526
"A(p=17,f=0.40,h=128,lr=0.01,wd=1.0,max=40000)",11,28360,1.0,2.2701593138663156e-07,0.005747126436781609,5.418863296508789,26.88941753324651
"A(p=17,f=0.40,h=128,lr=0.01,wd=1.0,max=40000)",11,28380,1.0,2.1768651947695616e-07,0.005747126436781609,5.419798851013184,26.890686158716264
"A(p=17,f=0.40,h=128,lr=0.01,wd=1.0,max=40000)",11,28400,1.0,2.3012574956737808e-07,0.005747126436781609,5.4184064865112305,26.889396073144926
"A(p=17,f=0.40,h=128,lr=0.01,wd=1.0,max=40000)",11,28420,1.0,2.2701593138663156e-07,0.005747126436781609,5.418091297149658,26.888931716534966
"A(p=17,f=0.40,h=128,lr=0.01,wd=1.0,max=40000)",11,28440,1.0,2.2183292003319366e-07,0.005747126436781609,5.420407295227051,26.89144612749249
"A(p=17,f=0.40,h=128,lr=0.01,wd=1.0,max=40000)",11,28460,1.0,2.2286953083039407e-07,0.005747126436781609,5.42043924331665,26.89222253258645
"A(p=17,f=0.40,h=128,lr=0.01,wd=1.0,max=40000)",11,28480,1.0,2.2079632344684796e-07,0.005747126436781609,5.42024040222168,26.890825026337083
"A(p=17,f=0.40,h=128,lr=0.01,wd=1.0,max=40000)",11,28500,1.0,2.2805254218383197e-07,0.005747126436781609,5.419136047363281,26.89091208617359
"A(p=17,f=0.40,h=128,lr=0.01,wd=1.0,max=40000)",11,28520,1.0,2.1872311606330186e-07,0.005747126436781609,5.419260025024414,26.89158185004077
"A(p=17,f=0.40,h=128,lr=0.01,wd=1.0,max=40000)",11,28540,1.0,2.1561331209341006e-07,0.005747126436781609,5.421278953552246,26.892260503009666
"A(p=17,f=0.40,h=128,lr=0.01,wd=1.0,max=40000)",11,28560,1.0,2.2079632344684796e-07,0.005747126436781609,5.417923927307129,26.89072448947956
"A(p=17,f=0.40,h=128,lr=0.01,wd=1.0,max=40000)",11,28580,1.0,2.1975971264964755e-07,0.005747126436781609,5.419741153717041,26.89097016844413
"A(p=17,f=0.40,h=128,lr=0.01,wd=1.0,max=40000)",11,28600,1.0,2.2597933480028587e-07,0.005747126436781609,5.417726516723633,26.88864614895607
"A(p=17,f=0.40,h=128,lr=0.01,wd=1.0,max=40000)",11,28620,1.0,2.2701593138663156e-07,0.005747126436781609,5.417320251464844,26.887548259221816
"A(p=17,f=0.40,h=128,lr=0.01,wd=1.0,max=40000)",11,28640,1.0,2.2597933480028587e-07,0.005747126436781609,5.418211936950684,26.889047865348722
"A(p=17,f=0.40,h=128,lr=0.01,wd=1.0,max=40000)",11,28660,1.0,2.2286953083039407e-07,0.005747126436781609,5.419766902923584,26.890453215618077
"A(p=17,f=0.40,h=128,lr=0.01,wd=1.0,max=40000)",11,28680,1.0,2.1975971264964755e-07,0.005747126436781609,5.4182281494140625,26.88985575707448
"A(p=17,f=0.40,h=128,lr=0.01,wd=1.0,max=40000)",11,28700,1.0,2.2390612741673976e-07,0.005747126436781609,5.417672634124756,26.8899535649004
"A(p=17,f=0.40,h=128,lr=0.01,wd=1.0,max=40000)",11,28720,1.0,2.2597933480028587e-07,0.005747126436781609,5.41837739944458,26.889460143812684
"A(p=17,f=0.40,h=128,lr=0.01,wd=1.0,max=40000)",11,28740,1.0,2.2597933480028587e-07,0.005747126436781609,5.417721271514893,26.88972591236576
"A(p=17,f=0.40,h=128,lr=0.01,wd=1.0,max=40000)",11,28760,1.0,2.1664990867975575e-07,0.005747126436781609,5.417533874511719,26.88837195130958
"A(p=17,f=0.40,h=128,lr=0.01,wd=1.0,max=40000)",11,28780,1.0,2.2079632344684796e-07,0.005747126436781609,5.417440414428711,26.88866836294452
"A(p=17,f=0.40,h=128,lr=0.01,wd=1.0,max=40000)",11,28800,1.0,2.2390612741673976e-07,0.005747126436781609,5.415603160858154,26.887389721082855
"A(p=17,f=0.40,h=128,lr=0.01,wd=1.0,max=40000)",11,28820,1.0,2.2701593138663156e-07,0.005747126436781609,5.416175365447998,26.887887033341652
"A(p=17,f=0.40,h=128,lr=0.01,wd=1.0,max=40000)",11,28840,1.0,2.2494272400308546e-07,0.005747126436781609,5.416774749755859,26.88862805243552
"A(p=17,f=0.40,h=128,lr=0.01,wd=1.0,max=40000)",11,28860,1.0,2.2597933480028587e-07,0.005747126436781609,5.414302825927734,26.886111866735302
"A(p=17,f=0.40,h=128,lr=0.01,wd=1.0,max=40000)",11,28880,1.0,2.2597933480028587e-07,0.005747126436781609,5.41606330871582,26.88787016413695
"A(p=17,f=0.40,h=128,lr=0.01,wd=1.0,max=40000)",11,28900,1.0,2.3219894274006947e-07,0.005747126436781609,5.414403915405273,26.88546016243683
"A(p=17,f=0.40,h=128,lr=0.01,wd=1.0,max=40000)",11,28920,1.0,2.1457670129620965e-07,0.005747126436781609,5.415258884429932,26.886412378441797
"A(p=17,f=0.40,h=128,lr=0.01,wd=1.0,max=40000)",11,28940,1.0,2.2805254218383197e-07,0.005747126436781609,5.413814067840576,26.885851747184507
"A(p=17,f=0.40,h=128,lr=0.01,wd=1.0,max=40000)",11,28960,1.0,2.1975971264964755e-07,0.005747126436781609,5.414724826812744,26.88648948968005
"A(p=17,f=0.40,h=128,lr=0.01,wd=1.0,max=40000)",11,28980,1.0,2.2079632344684796e-07,0.005747126436781609,5.415626049041748,26.887981930188797
"A(p=17,f=0.40,h=128,lr=0.01,wd=1.0,max=40000)",11,29000,1.0,2.2079632344684796e-07,0.005747126436781609,5.416300296783447,26.887829359351272
"A(p=17,f=0.40,h=128,lr=0.01,wd=1.0,max=40000)",11,29020,1.0,2.3116234615372377e-07,0.005747126436781609,5.413247585296631,26.884628241330557
"A(p=17,f=0.40,h=128,lr=0.01,wd=1.0,max=40000)",11,29040,1.0,2.2701593138663156e-07,0.005747126436781609,5.413984298706055,26.88586041737506
"A(p=17,f=0.40,h=128,lr=0.01,wd=1.0,max=40000)",11,29060,1.0,2.1975971264964755e-07,0.005747126436781609,5.415435314178467,26.887125272435547
"A(p=17,f=0.40,h=128,lr=0.01,wd=1.0,max=40000)",11,29080,1.0,2.2597933480028587e-07,0.005747126436781609,5.416776657104492,26.88782687342989
"A(p=17,f=0.40,h=128,lr=0.01,wd=1.0,max=40000)",11,29100,1.0,2.2390612741673976e-07,0.005747126436781609,5.415831089019775,26.886913956257327
"A(p=17,f=0.40,h=128,lr=0.01,wd=1.0,max=40000)",11,29120,1.0,2.2079632344684796e-07,0.005747126436781609,5.416311740875244,26.88745657180232
"A(p=17,f=0.40,h=128,lr=0.01,wd=1.0,max=40000)",11,29140,1.0,2.1457670129620965e-07,0.005747126436781609,5.4158196449279785,26.885497240750084
"A(p=17,f=0.40,h=128,lr=0.01,wd=1.0,max=40000)",11,29160,1.0,2.1872311606330186e-07,0.005747126436781609,5.414309501647949,26.88479108122627
"A(p=17,f=0.40,h=128,lr=0.01,wd=1.0,max=40000)",11,29180,1.0,2.2183292003319366e-07,0.005747126436781609,5.41650915145874,26.886350218433254
"A(p=17,f=0.40,h=128,lr=0.01,wd=1.0,max=40000)",11,29200,1.0,2.2494272400308546e-07,0.005747126436781609,5.415273189544678,26.884705408658874
"A(p=17,f=0.40,h=128,lr=0.01,wd=1.0,max=40000)",11,29220,1.0,2.2183292003319366e-07,0.005747126436781609,5.416773796081543,26.886076247798076
"A(p=17,f=0.40,h=128,lr=0.01,wd=1.0,max=40000)",11,29240,1.0,2.2805254218383197e-07,0.005747126436781609,5.414371490478516,26.88357513205234
"A(p=17,f=0.40,h=128,lr=0.01,wd=1.0,max=40000)",11,29260,1.0,2.2597933480028587e-07,0.005747126436781609,5.414309978485107,26.884426386223545
"A(p=17,f=0.40,h=128,lr=0.01,wd=1.0,max=40000)",11,29280,1.0,2.3012574956737808e-07,0.005747126436781609,5.414412021636963,26.883554598878973
"A(p=17,f=0.40,h=128,lr=0.01,wd=1.0,max=40000)",11,29300,1.0,2.2805254218383197e-07,0.005747126436781609,5.413852691650391,26.88348425716815
"A(p=17,f=0.40,h=128,lr=0.01,wd=1.0,max=40000)",11,29320,1.0,2.3323555353726988e-07,0.005747126436781609,5.4127678871154785,26.88242063788182
"A(p=17,f=0.40,h=128,lr=0.01,wd=1.0,max=40000)",11,29340,1.0,2.2701593138663156e-07,0.005747126436781609,5.4148077964782715,26.88521871875023
"A(p=17,f=0.40,h=128,lr=0.01,wd=1.0,max=40000)",11,29360,1.0,2.3219894274006947e-07,0.005747126436781609,5.413265228271484,26.8823822447413
"A(p=17,f=0.40,h=128,lr=0.01,wd=1.0,max=40000)",11,29380,1.0,2.1975971264964755e-07,0.005747126436781609,5.415724277496338,26.88473688317213
"A(p=17,f=0.40,h=128,lr=0.01,wd=1.0,max=40000)",11,29400,1.0,2.3427215012361557e-07,0.005747126436781609,5.41436243057251,26.88279129647182
"A(p=17,f=0.40,h=128,lr=0.01,wd=1.0,max=40000)",11,29420,1.0,2.2286953083039407e-07,0.005747126436781609,5.417129993438721,26.88534216872769
"A(p=17,f=0.40,h=128,lr=0.01,wd=1.0,max=40000)",11,29440,1.0,2.3012574956737808e-07,0.005747126436781609,5.416138172149658,26.883679979873186
"A(p=17,f=0.40,h=128,lr=0.01,wd=1.0,max=40000)",11,29460,1.0,2.2494272400308546e-07,0.005747126436781609,5.417487144470215,26.884176903818275
"A(p=17,f=0.40,h=128,lr=0.01,wd=1.0,max=40000)",11,29480,1.0,2.2597933480028587e-07,0.005747126436781609,5.417086601257324,26.884480602354408
"A(p=17,f=0.40,h=128,lr=0.01,wd=1.0,max=40000)",11,29500,1.0,2.1561331209341006e-07,0.005747126436781609,5.419808864593506,26.88733158881891
"A(p=17,f=0.40,h=128,lr=0.01,wd=1.0,max=40000)",11,29520,1.0,2.2701593138663156e-07,0.005747126436781609,5.417074680328369,26.883953809854034
"A(p=17,f=0.40,h=128,lr=0.01,wd=1.0,max=40000)",11,29540,1.0,2.2390612741673976e-07,0.005747126436781609,5.417555332183838,26.883891506900206
"A(p=17,f=0.40,h=128,lr=0.01,wd=1.0,max=40000)",11,29560,1.0,2.2494272400308546e-07,0.005747126436781609,5.417672157287598,26.885040827341403
"A(p=17,f=0.40,h=128,lr=0.01,wd=1.0,max=40000)",11,29580,1.0,2.2805254218383197e-07,0.005747126436781609,5.417531490325928,26.883933228313648
"A(p=17,f=0.40,h=128,lr=0.01,wd=1.0,max=40000)",11,29600,1.0,2.2079632344684796e-07,0.005747126436781609,5.418534755706787,26.886040935720953
"A(p=17,f=0.40,h=128,lr=0.01,wd=1.0,max=40000)",11,29620,1.0,2.2390612741673976e-07,0.005747126436781609,5.418456554412842,26.884829808926852
"A(p=17,f=0.40,h=128,lr=0.01,wd=1.0,max=40000)",11,29640,1.0,2.1975971264964755e-07,0.005747126436781609,5.419095516204834,26.884869139795292
"A(p=17,f=0.40,h=128,lr=0.01,wd=1.0,max=40000)",11,29660,1.0,2.2286953083039407e-07,0.005747126436781609,5.419641494750977,26.885810547233973
"A(p=17,f=0.40,h=128,lr=0.01,wd=1.0,max=40000)",11,29680,1.0,2.2286953083039407e-07,0.005747126436781609,5.418664455413818,26.88268026914938
"A(p=17,f=0.40,h=128,lr=0.01,wd=1.0,max=40000)",11,29700,1.0,2.2805254218383197e-07,0.005747126436781609,5.417730808258057,26.883565059300107
"A(p=17,f=0.40,h=128,lr=0.01,wd=1.0,max=40000)",11,29720,1.0,2.2390612741673976e-07,0.005747126436781609,5.417846202850342,26.883929420767302
"A(p=17,f=0.40,h=128,lr=0.01,wd=1.0,max=40000)",11,29740,1.0,2.2390612741673976e-07,0.005747126436781609,5.41835355758667,26.883399865216994
"A(p=17,f=0.40,h=128,lr=0.01,wd=1.0,max=40000)",11,29760,1.0,2.2805254218383197e-07,0.005747126436781609,5.417891502380371,26.883291013817562
"A(p=17,f=0.40,h=128,lr=0.01,wd=1.0,max=40000)",11,29780,1.0,2.2286953083039407e-07,0.005747126436781609,5.418481826782227,26.884516549464664
"A(p=17,f=0.40,h=128,lr=0.01,wd=1.0,max=40000)",11,29800,1.0,2.2805254218383197e-07,0.005747126436781609,5.41743803024292,26.882907212835143
"A(p=17,f=0.40,h=128,lr=0.01,wd=1.0,max=40000)",11,29820,1.0,2.1457670129620965e-07,0.005747126436781609,5.419172763824463,26.885032111823072
"A(p=17,f=0.40,h=128,lr=0.01,wd=1.0,max=40000)",11,29840,1.0,2.2079632344684796e-07,0.005747126436781609,5.419666767120361,26.884300712713998
"A(p=17,f=0.40,h=128,lr=0.01,wd=1.0,max=40000)",11,29860,1.0,2.1872311606330186e-07,0.005747126436781609,5.419902324676514,26.885384096299497
"A(p=17,f=0.40,h=128,lr=0.01,wd=1.0,max=40000)",11,29880,1.0,2.3219894274006947e-07,0.005747126436781609,5.417407035827637,26.882259335275215
"A(p=17,f=0.40,h=128,lr=0.01,wd=1.0,max=40000)",11,29900,1.0,2.1872311606330186e-07,0.005747126436781609,5.4212117195129395,26.886301228500802
"A(p=17,f=0.40,h=128,lr=0.01,wd=1.0,max=40000)",11,29920,1.0,2.2805254218383197e-07,0.005747126436781609,5.419372081756592,26.88304826449623
"A(p=17,f=0.40,h=128,lr=0.01,wd=1.0,max=40000)",11,29940,1.0,2.2286953083039407e-07,0.005747126436781609,5.419195652008057,26.882519164545737
"A(p=17,f=0.40,h=128,lr=0.01,wd=1.0,max=40000)",11,29960,1.0,2.1250349391266354e-07,0.005747126436781609,5.4214959144592285,26.885775466118847
"A(p=17,f=0.40,h=128,lr=0.01,wd=1.0,max=40000)",11,29980,1.0,2.2908913877017767e-07,0.005747126436781609,5.418309688568115,26.88277281398416
"A(p=17,f=0.40,h=128,lr=0.01,wd=1.0,max=40000)",11,30000,1.0,2.2390612741673976e-07,0.005747126436781609,5.419921398162842,26.88463605922198
"A(p=17,f=0.40,h=128,lr=0.01,wd=1.0,max=40000)",11,30020,1.0,2.1872311606330186e-07,0.005747126436781609,5.418631553649902,26.883131957293223
"A(p=17,f=0.40,h=128,lr=0.01,wd=1.0,max=40000)",11,30040,1.0,2.1768651947695616e-07,0.005747126436781609,5.419878005981445,26.8850866821022
"A(p=17,f=0.40,h=128,lr=0.01,wd=1.0,max=40000)",11,30060,1.0,2.2286953083039407e-07,0.005747126436781609,5.419804096221924,26.883798493260333
"A(p=17,f=0.40,h=128,lr=0.01,wd=1.0,max=40000)",11,30080,1.0,2.1664990867975575e-07,0.005747126436781609,5.420126914978027,26.885015463192833
"A(p=17,f=0.40,h=128,lr=0.01,wd=1.0,max=40000)",11,30100,1.0,2.1975971264964755e-07,0.005747126436781609,5.418880939483643,26.884299233203816
"A(p=17,f=0.40,h=128,lr=0.01,wd=1.0,max=40000)",11,30120,1.0,2.1872311606330186e-07,0.005747126436781609,5.418668270111084,26.884107351183054
"A(p=17,f=0.40,h=128,lr=0.01,wd=1.0,max=40000)",11,30140,1.0,2.2079632344684796e-07,0.005747126436781609,5.418542861938477,26.882859417064893
"A(p=17,f=0.40,h=128,lr=0.01,wd=1.0,max=40000)",11,30160,1.0,2.3634535750716168e-07,0.005747126436781609,5.417605400085449,26.880359122174486
"A(p=17,f=0.40,h=128,lr=0.01,wd=1.0,max=40000)",11,30180,1.0,2.2805254218383197e-07,0.005747126436781609,5.420060634613037,26.884805190810468
"A(p=17,f=0.40,h=128,lr=0.01,wd=1.0,max=40000)",11,30200,1.0,2.2183292003319366e-07,0.005747126436781609,5.420406818389893,26.884439237553842
"A(p=17,f=0.40,h=128,lr=0.01,wd=1.0,max=40000)",11,30220,1.0,2.2597933480028587e-07,0.005747126436781609,5.419443607330322,26.883673410717382
"A(p=17,f=0.40,h=128,lr=0.01,wd=1.0,max=40000)",11,30240,1.0,2.3012574956737808e-07,0.005747126436781609,5.419315814971924,26.88321194508322
"A(p=17,f=0.40,h=128,lr=0.01,wd=1.0,max=40000)",11,30260,1.0,2.2183292003319366e-07,0.005747126436781609,5.420034408569336,26.883143103112854
"A(p=17,f=0.40,h=128,lr=0.01,wd=1.0,max=40000)",11,30280,1.0,2.2805254218383197e-07,0.005747126436781609,5.417662143707275,26.881394835857176
"A(p=17,f=0.40,h=128,lr=0.01,wd=1.0,max=40000)",11,30300,1.0,2.1457670129620965e-07,0.005747126436781609,5.420332431793213,26.885209531313247
"A(p=17,f=0.40,h=128,lr=0.01,wd=1.0,max=40000)",11,30320,1.0,2.0939368994277174e-07,0.005747126436781609,5.4212260246276855,26.886433029710172
"A(p=17,f=0.40,h=128,lr=0.01,wd=1.0,max=40000)",11,30340,1.0,2.2597933480028587e-07,0.005747126436781609,5.420051574707031,26.88325197418951
"A(p=17,f=0.40,h=128,lr=0.01,wd=1.0,max=40000)",11,30360,1.0,2.2701593138663156e-07,0.005747126436781609,5.420443534851074,26.884018484063578
"A(p=17,f=0.40,h=128,lr=0.01,wd=1.0,max=40000)",11,30380,1.0,2.2908913877017767e-07,0.005747126436781609,5.418398380279541,26.88300347431079
"A(p=17,f=0.40,h=128,lr=0.01,wd=1.0,max=40000)",11,30400,1.0,2.2390612741673976e-07,0.005747126436781609,5.420738697052002,26.8848842038683
"A(p=17,f=0.40,h=128,lr=0.01,wd=1.0,max=40000)",11,30420,1.0,2.2390612741673976e-07,0.005747126436781609,5.419372081756592,26.883402749481
"A(p=17,f=0.40,h=128,lr=0.01,wd=1.0,max=40000)",11,30440,1.0,2.2597933480028587e-07,0.005747126436781609,5.419933795928955,26.884379708311684
"A(p=17,f=0.40,h=128,lr=0.01,wd=1.0,max=40000)",11,30460,1.0,2.3116234615372377e-07,0.005747126436781609,5.420053005218506,26.883126169587275
"A(p=17,f=0.40,h=128,lr=0.01,wd=1.0,max=40000)",11,30480,1.0,2.2286953083039407e-07,0.005747126436781609,5.420139312744141,26.88279795464204
"A(p=17,f=0.40,h=128,lr=0.01,wd=1.0,max=40000)",11,30500,1.0,2.3219894274006947e-07,0.005747126436781609,5.418798923492432,26.88282753606674
"A(p=17,f=0.40,h=128,lr=0.01,wd=1.0,max=40000)",11,30520,1.0,2.2286953083039407e-07,0.005747126436781609,5.420064449310303,26.88263391856182
"A(p=17,f=0.40,h=128,lr=0.01,wd=1.0,max=40000)",11,30540,1.0,2.2701593138663156e-07,0.005747126436781609,5.419325351715088,26.881702108694935
"A(p=17,f=0.40,h=128,lr=0.01,wd=1.0,max=40000)",11,30560,1.0,2.1561331209341006e-07,0.005747126436781609,5.42164421081543,26.886142830582017
"A(p=17,f=0.40,h=128,lr=0.01,wd=1.0,max=40000)",11,30580,1.0,2.2908913877017767e-07,0.005747126436781609,5.41864013671875,26.881395042047053
"A(p=17,f=0.40,h=128,lr=0.01,wd=1.0,max=40000)",11,30600,1.0,2.1975971264964755e-07,0.005747126436781609,5.419745922088623,26.883829278239144
"A(p=17,f=0.40,h=128,lr=0.01,wd=1.0,max=40000)",11,30620,1.0,2.1872311606330186e-07,0.005747126436781609,5.423014163970947,26.888102419227458
"A(p=17,f=0.40,h=128,lr=0.01,wd=1.0,max=40000)",11,30640,1.0,2.1561331209341006e-07,0.005747126436781609,5.421195983886719,26.885002664299943
"A(p=17,f=0.40,h=128,lr=0.01,wd=1.0,max=40000)",11,30660,1.0,2.1768651947695616e-07,0.005747126436781609,5.420670509338379,26.88469886253921
"A(p=17,f=0.40,h=128,lr=0.01,wd=1.0,max=40000)",11,30680,1.0,2.3116234615372377e-07,0.005747126436781609,5.418311595916748,26.881961725292605
"A(p=17,f=0.40,h=128,lr=0.01,wd=1.0,max=40000)",11,30700,1.0,2.1768651947695616e-07,0.005747126436781609,5.42098331451416,26.88523330570438
"A(p=17,f=0.40,h=128,lr=0.01,wd=1.0,max=40000)",11,30720,1.0,2.1561331209341006e-07,0.005747126436781609,5.4183430671691895,26.882705650302814
"A(p=17,f=0.40,h=128,lr=0.01,wd=1.0,max=40000)",11,30740,1.0,2.2286953083039407e-07,0.005747126436781609,5.420475006103516,26.88563568067806
"A(p=17,f=0.40,h=128,lr=0.01,wd=1.0,max=40000)",11,30760,1.0,2.3427215012361557e-07,0.005747126436781609,5.417967319488525,26.88123531311785
"A(p=17,f=0.40,h=128,lr=0.01,wd=1.0,max=40000)",11,30780,1.0,2.2805254218383197e-07,0.005747126436781609,5.4190263748168945,26.88301387073963
"A(p=17,f=0.40,h=128,lr=0.01,wd=1.0,max=40000)",11,30800,1.0,2.2286953083039407e-07,0.005747126436781609,5.419032096862793,26.883847538629674
"A(p=17,f=0.40,h=128,lr=0.01,wd=1.0,max=40000)",11,30820,1.0,2.3116234615372377e-07,0.005747126436781609,5.417537689208984,26.881798390291475
"A(p=17,f=0.40,h=128,lr=0.01,wd=1.0,max=40000)",11,30840,1.0,2.1872311606330186e-07,0.005747126436781609,5.420241832733154,26.884535993119794
"A(p=17,f=0.40,h=128,lr=0.01,wd=1.0,max=40000)",11,30860,1.0,2.2390612741673976e-07,0.005747126436781609,5.420414924621582,26.883687484474134
"A(p=17,f=0.40,h=128,lr=0.01,wd=1.0,max=40000)",11,30880,1.0,2.1664990867975575e-07,0.005747126436781609,5.420533657073975,26.883075417693295
"A(p=17,f=0.40,h=128,lr=0.01,wd=1.0,max=40000)",11,30900,1.0,2.2494272400308546e-07,0.005747126436781609,5.420030117034912,26.88297485807655
"A(p=17,f=0.40,h=128,lr=0.01,wd=1.0,max=40000)",11,30920,1.0,2.2805254218383197e-07,0.005747126436781609,5.42059850692749,26.883031969337797
"A(p=17,f=0.40,h=128,lr=0.01,wd=1.0,max=40000)",11,30940,1.0,2.1457670129620965e-07,0.005747126436781609,5.421185493469238,26.884883215878737
"A(p=17,f=0.40,h=128,lr=0.01,wd=1.0,max=40000)",11,30960,1.0,2.2805254218383197e-07,0.005747126436781609,5.42020320892334,26.88277694965818
"A(p=17,f=0.40,h=128,lr=0.01,wd=1.0,max=40000)",11,30980,1.0,2.2390612741673976e-07,0.005747126436781609,5.420565605163574,26.882977529178564
"A(p=17,f=0.40,h=128,lr=0.01,wd=1.0,max=40000)",11,31000,1.0,2.2701593138663156e-07,0.005747126436781609,5.418285846710205,26.88081208252292
"A(p=17,f=0.40,h=128,lr=0.01,wd=1.0,max=40000)",11,31020,1.0,2.2805254218383197e-07,0.005747126436781609,5.4206156730651855,26.883324947452124
"A(p=17,f=0.40,h=128,lr=0.01,wd=1.0,max=40000)",11,31040,1.0,2.1664990867975575e-07,0.005747126436781609,5.422168731689453,26.885345528770955
"A(p=17,f=0.40,h=128,lr=0.01,wd=1.0,max=40000)",11,31060,1.0,2.2701593138663156e-07,0.005747126436781609,5.419291019439697,26.881940565239827
"A(p=17,f=0.40,h=128,lr=0.01,wd=1.0,max=40000)",11,31080,1.0,2.1975971264964755e-07,0.005747126436781609,5.4221510887146,26.885215831817995
"A(p=17,f=0.40,h=128,lr=0.01,wd=1.0,max=40000)",11,31100,1.0,2.1457670129620965e-07,0.005747126436781609,5.421245098114014,26.884339985128815
"A(p=17,f=0.40,h=128,lr=0.01,wd=1.0,max=40000)",11,31120,1.0,2.2805254218383197e-07,0.005747126436781609,5.421623706817627,26.88402919035602
"A(p=17,f=0.40,h=128,lr=0.01,wd=1.0,max=40000)",11,31140,1.0,2.2597933480028587e-07,0.005747126436781609,5.420942306518555,26.883634553616105
"A(p=17,f=0.40,h=128,lr=0.01,wd=1.0,max=40000)",11,31160,1.0,2.1975971264964755e-07,0.005747126436781609,5.420517921447754,26.883110932599358
"A(p=17,f=0.40,h=128,lr=0.01,wd=1.0,max=40000)",11,31180,1.0,2.3012574956737808e-07,0.005747126436781609,5.419985294342041,26.88236603254028
"A(p=17,f=0.40,h=128,lr=0.01,wd=1.0,max=40000)",11,31200,1.0,2.1768651947695616e-07,0.005747126436781609,5.42111873626709,26.884319943591503
"A(p=17,f=0.40,h=128,lr=0.01,wd=1.0,max=40000)",11,31220,1.0,2.3012574956737808e-07,0.005747126436781609,5.417868614196777,26.882007820071383
"A(p=17,f=0.40,h=128,lr=0.01,wd=1.0,max=40000)",11,31240,1.0,2.2701593138663156e-07,0.005747126436781609,5.41834020614624,26.88219886715307
"A(p=17,f=0.40,h=128,lr=0.01,wd=1.0,max=40000)",11,31260,1.0,2.2390612741673976e-07,0.005747126436781609,5.4205145835876465,26.884524635879192
"A(p=17,f=0.40,h=128,lr=0.01,wd=1.0,max=40000)",11,31280,1.0,2.3012574956737808e-07,0.005747126436781609,5.417802810668945,26.88174916282042
"A(p=17,f=0.40,h=128,lr=0.01,wd=1.0,max=40000)",11,31300,1.0,2.2908913877017767e-07,0.005747126436781609,5.418316841125488,26.88216298246456
"A(p=17,f=0.40,h=128,lr=0.01,wd=1.0,max=40000)",11,31320,1.0,2.1872311606330186e-07,0.005747126436781609,5.419585227966309,26.88453448915745
"A(p=17,f=0.40,h=128,lr=0.01,wd=1.0,max=40000)",11,31340,1.0,2.2597933480028587e-07,0.005747126436781609,5.419178009033203,26.882727028867773
"A(p=17,f=0.40,h=128,lr=0.01,wd=1.0,max=40000)",11,31360,1.0,2.2390612741673976e-07,0.005747126436781609,5.420403480529785,26.88308809394974
"A(p=17,f=0.40,h=128,lr=0.01,wd=1.0,max=40000)",11,31380,1.0,2.1457670129620965e-07,0.005747126436781609,5.420456886291504,26.88403681598756
"A(p=17,f=0.40,h=128,lr=0.01,wd=1.0,max=40000)",11,31400,1.0,2.2286953083039407e-07,0.005747126436781609,5.419866561889648,26.882811149111593
"A(p=17,f=0.40,h=128,lr=0.01,wd=1.0,max=40000)",11,31420,1.0,2.2286953083039407e-07,0.005747126436781609,5.419289588928223,26.882411659449833
"A(p=17,f=0.40,h=128,lr=0.01,wd=1.0,max=40000)",11,31440,1.0,2.2183292003319366e-07,0.005747126436781609,5.420397758483887,26.883770147928765
"A(p=17,f=0.40,h=128,lr=0.01,wd=1.0,max=40000)",11,31460,1.0,2.1457670129620965e-07,0.005747126436781609,5.421967029571533,26.885832341865793
"A(p=17,f=0.40,h=128,lr=0.01,wd=1.0,max=40000)",11,31480,1.0,2.1975971264964755e-07,0.005747126436781609,5.420555591583252,26.88501455556775
"A(p=17,f=0.40,h=128,lr=0.01,wd=1.0,max=40000)",11,31500,1.0,2.2701593138663156e-07,0.005747126436781609,5.419067859649658,26.881738219353327
"A(p=17,f=0.40,h=128,lr=0.01,wd=1.0,max=40000)",11,31520,1.0,2.2701593138663156e-07,0.005747126436781609,5.417574405670166,26.882149029597194
"A(p=17,f=0.40,h=128,lr=0.01,wd=1.0,max=40000)",11,31540,1.0,2.2597933480028587e-07,0.005747126436781609,5.418935298919678,26.88285797511037
"A(p=17,f=0.40,h=128,lr=0.01,wd=1.0,max=40000)",11,31560,1.0,2.1768651947695616e-07,0.005747126436781609,5.419670581817627,26.883920130426752
"A(p=17,f=0.40,h=128,lr=0.01,wd=1.0,max=40000)",11,31580,1.0,2.2079632344684796e-07,0.005747126436781609,5.41959285736084,26.883365804618208
"A(p=17,f=0.40,h=128,lr=0.01,wd=1.0,max=40000)",11,31600,1.0,2.2286953083039407e-07,0.005747126436781609,5.418542385101318,26.88259809472818
"A(p=17,f=0.40,h=128,lr=0.01,wd=1.0,max=40000)",11,31620,1.0,2.1975971264964755e-07,0.005747126436781609,5.419691562652588,26.88513576350758
"A(p=17,f=0.40,h=128,lr=0.01,wd=1.0,max=40000)",11,31640,1.0,2.3012574956737808e-07,0.005747126436781609,5.418074131011963,26.88025264677578
"A(p=17,f=0.40,h=128,lr=0.01,wd=1.0,max=40000)",11,31660,1.0,2.2390612741673976e-07,0.005747126436781609,5.418736934661865,26.883347051645124
"A(p=17,f=0.40,h=128,lr=0.01,wd=1.0,max=40000)",11,31680,1.0,2.1457670129620965e-07,0.005747126436781609,5.4214186668396,26.88636896867231
"A(p=17,f=0.40,h=128,lr=0.01,wd=1.0,max=40000)",11,31700,1.0,2.2597933480028587e-07,0.005747126436781609,5.417981147766113,26.882265297502496
"A(p=17,f=0.40,h=128,lr=0.01,wd=1.0,max=40000)",11,31720,1.0,2.3323555353726988e-07,0.005747126436781609,5.418650150299072,26.88230793901927
"A(p=17,f=0.40,h=128,lr=0.01,wd=1.0,max=40000)",11,31740,1.0,2.2079632344684796e-07,0.005747126436781609,5.420762062072754,26.884650182816028
"A(p=17,f=0.40,h=128,lr=0.01,wd=1.0,max=40000)",11,31760,1.0,2.1457670129620965e-07,0.005747126436781609,5.421037197113037,26.8854962702526
"A(p=17,f=0.40,h=128,lr=0.01,wd=1.0,max=40000)",11,31780,1.0,2.2286953083039407e-07,0.005747126436781609,5.420013904571533,26.88406289881921
"A(p=17,f=0.40,h=128,lr=0.01,wd=1.0,max=40000)",11,31800,1.0,2.2908913877017767e-07,0.005747126436781609,5.417992115020752,26.882338636477428
"A(p=17,f=0.40,h=128,lr=0.01,wd=1.0,max=40000)",11,31820,1.0,2.2805254218383197e-07,0.005747126436781609,5.417815685272217,26.88216035385155
"A(p=17,f=0.40,h=128,lr=0.01,wd=1.0,max=40000)",11,31840,1.0,2.2183292003319366e-07,0.005747126436781609,5.419199466705322,26.88357880029532
"A(p=17,f=0.40,h=128,lr=0.01,wd=1.0,max=40000)",11,31860,1.0,2.3323555353726988e-07,0.005747126436781609,5.418303489685059,26.882985773171253
"A(p=17,f=0.40,h=128,lr=0.01,wd=1.0,max=40000)",11,31880,1.0,2.0835709335642605e-07,0.005747126436781609,5.422775745391846,26.886540159364134
"A(p=17,f=0.40,h=128,lr=0.01,wd=1.0,max=40000)",11,31900,1.0,2.2079632344684796e-07,0.005747126436781609,5.419384002685547,26.88316534510405
"A(p=17,f=0.40,h=128,lr=0.01,wd=1.0,max=40000)",11,31920,1.0,2.2286953083039407e-07,0.005747126436781609,5.42042875289917,26.883952423952497
"A(p=17,f=0.40,h=128,lr=0.01,wd=1.0,max=40000)",11,31940,1.0,2.2390612741673976e-07,0.005747126436781609,5.417632102966309,26.88120784298179
"A(p=17,f=0.40,h=128,lr=0.01,wd=1.0,max=40000)",11,31960,1.0,2.2494272400308546e-07,0.005747126436781609,5.418277740478516,26.881939202604684
"A(p=17,f=0.40,h=128,lr=0.01,wd=1.0,max=40000)",11,31980,1.0,2.2079632344684796e-07,0.005747126436781609,5.419929027557373,26.88438970079288
"A(p=17,f=0.40,h=128,lr=0.01,wd=1.0,max=40000)",11,32000,1.0,2.2597933480028587e-07,0.005747126436781609,5.419033050537109,26.881905157468545
"A(p=17,f=0.40,h=128,lr=0.01,wd=1.0,max=40000)",11,32020,1.0,2.3738195409350737e-07,0.005747126436781609,5.417747497558594,26.88159903856795
"A(p=17,f=0.40,h=128,lr=0.01,wd=1.0,max=40000)",11,32040,1.0,2.2597933480028587e-07,0.005747126436781609,5.421358108520508,26.884025111240348
"A(p=17,f=0.40,h=128,lr=0.01,wd=1.0,max=40000)",11,32060,1.0,2.1872311606330186e-07,0.005747126436781609,5.419901371002197,26.883047405289133
"A(p=17,f=0.40,h=128,lr=0.01,wd=1.0,max=40000)",11,32080,1.0,2.2183292003319366e-07,0.005747126436781609,5.419762134552002,26.882752711974018
"A(p=17,f=0.40,h=128,lr=0.01,wd=1.0,max=40000)",11,32100,1.0,2.1872311606330186e-07,0.005747126436781609,5.419737339019775,26.883917553201012
"A(p=17,f=0.40,h=128,lr=0.01,wd=1.0,max=40000)",11,32120,1.0,2.2908913877017767e-07,0.005747126436781609,5.420033931732178,26.883632804164154
"A(p=17,f=0.40,h=128,lr=0.01,wd=1.0,max=40000)",11,32140,1.0,2.1872311606330186e-07,0.005747126436781609,5.420070171356201,26.883929342112197
"A(p=17,f=0.40,h=128,lr=0.01,wd=1.0,max=40000)",11,32160,1.0,2.1354010470986395e-07,0.005747126436781609,5.419768810272217,26.883331719047654
"A(p=17,f=0.40,h=128,lr=0.01,wd=1.0,max=40000)",11,32180,1.0,2.3116234615372377e-07,0.005747126436781609,5.418810844421387,26.88094009508988
"A(p=17,f=0.40,h=128,lr=0.01,wd=1.0,max=40000)",11,32200,1.0,2.2079632344684796e-07,0.005747126436781609,5.418030738830566,26.881671785938135
"A(p=17,f=0.40,h=128,lr=0.01,wd=1.0,max=40000)",11,32220,1.0,2.2701593138663156e-07,0.005747126436781609,5.419222831726074,26.88173738492123
"A(p=17,f=0.40,h=128,lr=0.01,wd=1.0,max=40000)",11,32240,1.0,2.2597933480028587e-07,0.005747126436781609,5.419830322265625,26.882203063245836
"A(p=17,f=0.40,h=128,lr=0.01,wd=1.0,max=40000)",11,32260,1.0,2.1457670129620965e-07,0.005747126436781609,5.422241687774658,26.885326503468367
"A(p=17,f=0.40,h=128,lr=0.01,wd=1.0,max=40000)",11,32280,1.0,2.3738195409350737e-07,0.005747126436781609,5.417453289031982,26.878105536397175
"A(p=17,f=0.40,h=128,lr=0.01,wd=1.0,max=40000)",11,32300,1.0,2.2183292003319366e-07,0.005747126436781609,5.419427871704102,26.88219736727231
"A(p=17,f=0.40,h=128,lr=0.01,wd=1.0,max=40000)",11,32320,1.0,2.1975971264964755e-07,0.005747126436781609,5.420613765716553,26.88441099540707
"A(p=17,f=0.40,h=128,lr=0.01,wd=1.0,max=40000)",11,32340,1.0,2.2079632344684796e-07,0.005747126436781609,5.4212799072265625,26.883753798700084
"A(p=17,f=0.40,h=128,lr=0.01,wd=1.0,max=40000)",11,32360,1.0,2.3219894274006947e-07,0.005747126436781609,5.417661190032959,26.87957700594946
"A(p=17,f=0.40,h=128,lr=0.01,wd=1.0,max=40000)",11,32380,1.0,2.2908913877017767e-07,0.005747126436781609,5.4178147315979,26.880978399162917
"A(p=17,f=0.40,h=128,lr=0.01,wd=1.0,max=40000)",11,32400,1.0,2.2183292003319366e-07,0.005747126436781609,5.419278144836426,26.88211199951664
"A(p=17,f=0.40,h=128,lr=0.01,wd=1.0,max=40000)",11,32420,1.0,2.2597933480028587e-07,0.005747126436781609,5.419788837432861,26.884363480245362
"A(p=17,f=0.40,h=128,lr=0.01,wd=1.0,max=40000)",11,32440,1.0,2.1872311606330186e-07,0.005747126436781609,5.420150279998779,26.88354337135992
"A(p=17,f=0.40,h=128,lr=0.01,wd=1.0,max=40000)",11,32460,1.0,2.1975971264964755e-07,0.005747126436781609,5.41886568069458,26.883090192325408
"A(p=17,f=0.40,h=128,lr=0.01,wd=1.0,max=40000)",11,32480,1.0,2.2597933480028587e-07,0.005747126436781609,5.41981315612793,26.8835996305615
"A(p=17,f=0.40,h=128,lr=0.01,wd=1.0,max=40000)",11,32500,1.0,2.2701593138663156e-07,0.005747126436781609,5.418380260467529,26.88221783961729
"A(p=17,f=0.40,h=128,lr=0.01,wd=1.0,max=40000)",11,32520,1.0,2.2597933480028587e-07,0.005747126436781609,5.417900562286377,26.881433137379897
"A(p=17,f=0.40,h=128,lr=0.01,wd=1.0,max=40000)",11,32540,1.0,2.2390612741673976e-07,0.005747126436781609,5.420007705688477,26.88400651176623
"A(p=17,f=0.40,h=128,lr=0.01,wd=1.0,max=40000)",11,32560,1.0,2.2390612741673976e-07,0.005747126436781609,5.417895793914795,26.88184475029051
"A(p=17,f=0.40,h=128,lr=0.01,wd=1.0,max=40000)",11,32580,1.0,2.2390612741673976e-07,0.005747126436781609,5.417832374572754,26.88231722149776
"A(p=17,f=0.40,h=128,lr=0.01,wd=1.0,max=40000)",11,32600,1.0,2.2286953083039407e-07,0.005747126436781609,5.418272972106934,26.882904242198986
"A(p=17,f=0.40,h=128,lr=0.01,wd=1.0,max=40000)",11,32620,1.0,2.2597933480028587e-07,0.005747126436781609,5.418498516082764,26.882384354993533
"A(p=17,f=0.40,h=128,lr=0.01,wd=1.0,max=40000)",11,32640,1.0,2.3323555353726988e-07,0.005747126436781609,5.416342258453369,26.880353296578615
"A(p=17,f=0.40,h=128,lr=0.01,wd=1.0,max=40000)",11,32660,1.0,2.2701593138663156e-07,0.005747126436781609,5.415920734405518,26.880890520460788
"A(p=17,f=0.40,h=128,lr=0.01,wd=1.0,max=40000)",11,32680,1.0,2.2701593138663156e-07,0.005747126436781609,5.418960094451904,26.88361737128907
"A(p=17,f=0.40,h=128,lr=0.01,wd=1.0,max=40000)",11,32700,1.0,2.2390612741673976e-07,0.005747126436781609,5.417331695556641,26.88059182680388
"A(p=17,f=0.40,h=128,lr=0.01,wd=1.0,max=40000)",11,32720,1.0,2.2597933480028587e-07,0.005747126436781609,5.4177021980285645,26.8819174788997
"A(p=17,f=0.40,h=128,lr=0.01,wd=1.0,max=40000)",11,32740,1.0,2.3012574956737808e-07,0.005747126436781609,5.418682098388672,26.882026905665484
"A(p=17,f=0.40,h=128,lr=0.01,wd=1.0,max=40000)",11,32760,1.0,2.1354010470986395e-07,0.005747126436781609,5.419661045074463,26.88366417516707
"A(p=17,f=0.40,h=128,lr=0.01,wd=1.0,max=40000)",11,32780,1.0,2.2805254218383197e-07,0.005747126436781609,5.419039726257324,26.881264910863294
"A(p=17,f=0.40,h=128,lr=0.01,wd=1.0,max=40000)",11,32800,1.0,2.2701593138663156e-07,0.005747126436781609,5.41925573348999,26.88274415313626
"A(p=17,f=0.40,h=128,lr=0.01,wd=1.0,max=40000)",11,32820,1.0,2.2494272400308546e-07,0.005747126436781609,5.418763637542725,26.882155144421745
"A(p=17,f=0.40,h=128,lr=0.01,wd=1.0,max=40000)",11,32840,1.0,2.2390612741673976e-07,0.005747126436781609,5.41944694519043,26.882502525996973
"A(p=17,f=0.40,h=128,lr=0.01,wd=1.0,max=40000)",11,32860,1.0,2.1975971264964755e-07,0.005747126436781609,5.42077112197876,26.88441540269575
"A(p=17,f=0.40,h=128,lr=0.01,wd=1.0,max=40000)",11,32880,1.0,2.2597933480028587e-07,0.005747126436781609,5.4182047843933105,26.881204844781212
"A(p=17,f=0.40,h=128,lr=0.01,wd=1.0,max=40000)",11,32900,1.0,2.3116234615372377e-07,0.005747126436781609,5.416996002197266,26.880120042430303
"A(p=17,f=0.40,h=128,lr=0.01,wd=1.0,max=40000)",11,32920,1.0,2.2805254218383197e-07,0.005747126436781609,5.418391227722168,26.881718693243037
"A(p=17,f=0.40,h=128,lr=0.01,wd=1.0,max=40000)",11,32940,1.0,2.2286953083039407e-07,0.005747126436781609,5.416174411773682,26.881461288016705
"A(p=17,f=0.40,h=128,lr=0.01,wd=1.0,max=40000)",11,32960,1.0,2.2183292003319366e-07,0.005747126436781609,5.418301105499268,26.883259182336772
"A(p=17,f=0.40,h=128,lr=0.01,wd=1.0,max=40000)",11,32980,1.0,2.2805254218383197e-07,0.005747126436781609,5.416353702545166,26.88062771032933
"A(p=17,f=0.40,h=128,lr=0.01,wd=1.0,max=40000)",11,33000,1.0,2.3116234615372377e-07,0.005747126436781609,5.418815612792969,26.88346109884146
"A(p=17,f=0.40,h=128,lr=0.01,wd=1.0,max=40000)",11,33020,1.0,2.2079632344684796e-07,0.005747126436781609,5.4177961349487305,26.882930600955245
"A(p=17,f=0.40,h=128,lr=0.01,wd=1.0,max=40000)",11,33040,1.0,2.2286953083039407e-07,0.005747126436781609,5.417778968811035,26.88182053696204
"A(p=17,f=0.40,h=128,lr=0.01,wd=1.0,max=40000)",11,33060,1.0,2.1768651947695616e-07,0.005747126436781609,5.419188499450684,26.88352242085337
"A(p=17,f=0.40,h=128,lr=0.01,wd=1.0,max=40000)",11,33080,1.0,2.2286953083039407e-07,0.005747126436781609,5.417977809906006,26.882586196164613
"A(p=17,f=0.40,h=128,lr=0.01,wd=1.0,max=40000)",11,33100,1.0,2.2805254218383197e-07,0.005747126436781609,5.417421817779541,26.881649080263394
"A(p=17,f=0.40,h=128,lr=0.01,wd=1.0,max=40000)",11,33120,1.0,2.2079632344684796e-07,0.005747126436781609,5.418035984039307,26.882597284881374
"A(p=17,f=0.40,h=128,lr=0.01,wd=1.0,max=40000)",11,33140,1.0,2.2390612741673976e-07,0.005747126436781609,5.417446136474609,26.882069622207766
"A(p=17,f=0.40,h=128,lr=0.01,wd=1.0,max=40000)",11,33160,1.0,2.2494272400308546e-07,0.005747126436781609,5.418095588684082,26.881812807348936
"A(p=17,f=0.40,h=128,lr=0.01,wd=1.0,max=40000)",11,33180,1.0,2.2390612741673976e-07,0.005747126436781609,5.418933391571045,26.88395677713357
"A(p=17,f=0.40,h=128,lr=0.01,wd=1.0,max=40000)",11,33200,1.0,2.1768651947695616e-07,0.005747126436781609,5.419655799865723,26.88448704823373
"A(p=17,f=0.40,h=128,lr=0.01,wd=1.0,max=40000)",11,33220,1.0,2.2494272400308546e-07,0.005747126436781609,5.417592525482178,26.881683355684594
"A(p=17,f=0.40,h=128,lr=0.01,wd=1.0,max=40000)",11,33240,1.0,2.2183292003319366e-07,0.005747126436781609,5.418834686279297,26.883769326986762
"A(p=17,f=0.40,h=128,lr=0.01,wd=1.0,max=40000)",11,33260,1.0,2.2183292003319366e-07,0.005747126436781609,5.418237209320068,26.88315556883084
"A(p=17,f=0.40,h=128,lr=0.01,wd=1.0,max=40000)",11,33280,1.0,2.2701593138663156e-07,0.005747126436781609,5.418597221374512,26.882276769076967
"A(p=17,f=0.40,h=128,lr=0.01,wd=1.0,max=40000)",11,33300,1.0,2.2079632344684796e-07,0.005747126436781609,5.418099403381348,26.880570912198237
"A(p=17,f=0.40,h=128,lr=0.01,wd=1.0,max=40000)",11,33320,1.0,2.2183292003319366e-07,0.005747126436781609,5.417481422424316,26.882658744651195
"A(p=17,f=0.40,h=128,lr=0.01,wd=1.0,max=40000)",11,33340,1.0,2.2079632344684796e-07,0.005747126436781609,5.419473171234131,26.882948096858815
"A(p=17,f=0.40,h=128,lr=0.01,wd=1.0,max=40000)",11,33360,1.0,2.1146689732631785e-07,0.005747126436781609,5.422003269195557,26.88545010483854
"A(p=17,f=0.40,h=128,lr=0.01,wd=1.0,max=40000)",11,33380,1.0,2.2079632344684796e-07,0.005747126436781609,5.418383598327637,26.88146514588337
"A(p=17,f=0.40,h=128,lr=0.01,wd=1.0,max=40000)",11,33400,1.0,2.3012574956737808e-07,0.005747126436781609,5.417385101318359,26.881795009810194
"A(p=17,f=0.40,h=128,lr=0.01,wd=1.0,max=40000)",11,33420,1.0,2.2494272400308546e-07,0.005747126436781609,5.418335914611816,26.88209302364524
"A(p=17,f=0.40,h=128,lr=0.01,wd=1.0,max=40000)",11,33440,1.0,2.1768651947695616e-07,0.005747126436781609,5.418447971343994,26.883678407344217
"A(p=17,f=0.40,h=128,lr=0.01,wd=1.0,max=40000)",11,33460,1.0,2.2079632344684796e-07,0.005747126436781609,5.418700218200684,26.88242129739012
"A(p=17,f=0.40,h=128,lr=0.01,wd=1.0,max=40000)",11,33480,1.0,2.3012574956737808e-07,0.005747126436781609,5.416574001312256,26.880415266613557
"A(p=17,f=0.40,h=128,lr=0.01,wd=1.0,max=40000)",11,33500,1.0,2.1872311606330186e-07,0.005747126436781609,5.4183831214904785,26.882950251416805
"A(p=17,f=0.40,h=128,lr=0.01,wd=1.0,max=40000)",11,33520,1.0,2.2079632344684796e-07,0.005747126436781609,5.420004367828369,26.884019432547024
"A(p=17,f=0.40,h=128,lr=0.01,wd=1.0,max=40000)",11,33540,1.0,2.3530876092081598e-07,0.005747126436781609,5.417148590087891,26.88116327052886
"A(p=17,f=0.40,h=128,lr=0.01,wd=1.0,max=40000)",11,33560,1.0,2.2183292003319366e-07,0.005747126436781609,5.417715072631836,26.881602404601857
"A(p=17,f=0.40,h=128,lr=0.01,wd=1.0,max=40000)",11,33580,1.0,2.2805254218383197e-07,0.005747126436781609,5.41826057434082,26.882390131672253
"A(p=17,f=0.40,h=128,lr=0.01,wd=1.0,max=40000)",11,33600,1.0,2.2494272400308546e-07,0.005747126436781609,5.4193644523620605,26.883775586420132
"A(p=17,f=0.40,h=128,lr=0.01,wd=1.0,max=40000)",11,33620,1.0,2.2390612741673976e-07,0.005747126436781609,5.4191203117370605,26.88236061627685
"A(p=17,f=0.40,h=128,lr=0.01,wd=1.0,max=40000)",11,33640,1.0,2.2805254218383197e-07,0.005747126436781609,5.41787052154541,26.88018543907675
"A(p=17,f=0.40,h=128,lr=0.01,wd=1.0,max=40000)",11,33660,1.0,2.2183292003319366e-07,0.005747126436781609,5.418597221374512,26.88138705204498
"A(p=17,f=0.40,h=128,lr=0.01,wd=1.0,max=40000)",11,33680,1.0,2.1768651947695616e-07,0.005747126436781609,5.420294761657715,26.884043846029915
"A(p=17,f=0.40,h=128,lr=0.01,wd=1.0,max=40000)",11,33700,1.0,2.2079632344684796e-07,0.005747126436781609,5.420690059661865,26.883582158169514
"A(p=17,f=0.40,h=128,lr=0.01,wd=1.0,max=40000)",11,33720,1.0,2.2183292003319366e-07,0.005747126436781609,5.419277667999268,26.882195513476987
"A(p=17,f=0.40,h=128,lr=0.01,wd=1.0,max=40000)",11,33740,1.0,2.1975971264964755e-07,0.005747126436781609,5.418852806091309,26.882349068858698
"A(p=17,f=0.40,h=128,lr=0.01,wd=1.0,max=40000)",11,33760,1.0,2.2494272400308546e-07,0.005747126436781609,5.419778347015381,26.882279179749336
"A(p=17,f=0.40,h=128,lr=0.01,wd=1.0,max=40000)",11,33780,1.0,2.2183292003319366e-07,0.005747126436781609,5.419997692108154,26.88262011425379
"A(p=17,f=0.40,h=128,lr=0.01,wd=1.0,max=40000)",11,33800,1.0,2.2701593138663156e-07,0.005747126436781609,5.419569969177246,26.88153125166229
"A(p=17,f=0.40,h=128,lr=0.01,wd=1.0,max=40000)",11,33820,1.0,2.1872311606330186e-07,0.005747126436781609,5.422979831695557,26.886138867688388
"A(p=17,f=0.40,h=128,lr=0.01,wd=1.0,max=40000)",11,33840,1.0,2.2597933480028587e-07,0.005747126436781609,5.418214321136475,26.880815184776335
"A(p=17,f=0.40,h=128,lr=0.01,wd=1.0,max=40000)",11,33860,1.0,2.2079632344684796e-07,0.005747126436781609,5.419390678405762,26.8812396921273
"A(p=17,f=0.40,h=128,lr=0.01,wd=1.0,max=40000)",11,33880,1.0,2.2494272400308546e-07,0.005747126436781609,5.419070243835449,26.882489345717897
"A(p=17,f=0.40,h=128,lr=0.01,wd=1.0,max=40000)",11,33900,1.0,2.2079632344684796e-07,0.005747126436781609,5.4192633628845215,26.882689906200344
"A(p=17,f=0.40,h=128,lr=0.01,wd=1.0,max=40000)",11,33920,1.0,2.2286953083039407e-07,0.005747126436781609,5.419364929199219,26.88271729963197
"A(p=17,f=0.40,h=128,lr=0.01,wd=1.0,max=40000)",11,33940,1.0,2.2805254218383197e-07,0.005747126436781609,5.418191909790039,26.88108812654769
"A(p=17,f=0.40,h=128,lr=0.01,wd=1.0,max=40000)",11,33960,1.0,2.2183292003319366e-07,0.005747126436781609,5.419261455535889,26.882378940305127
"A(p=17,f=0.40,h=128,lr=0.01,wd=1.0,max=40000)",11,33980,1.0,2.2390612741673976e-07,0.005747126436781609,5.418501853942871,26.881681331835807
"A(p=17,f=0.40,h=128,lr=0.01,wd=1.0,max=40000)",11,34000,1.0,2.2494272400308546e-07,0.005747126436781609,5.417888164520264,26.881124743731508
"A(p=17,f=0.40,h=128,lr=0.01,wd=1.0,max=40000)",11,34020,1.0,2.2701593138663156e-07,0.005747126436781609,5.418739318847656,26.88289849122722
"A(p=17,f=0.40,h=128,lr=0.01,wd=1.0,max=40000)",11,34040,1.0,2.2079632344684796e-07,0.005747126436781609,5.419790267944336,26.883347274030104
"A(p=17,f=0.40,h=128,lr=0.01,wd=1.0,max=40000)",11,34060,1.0,2.3116234615372377e-07,0.005747126436781609,5.4174604415893555,26.880884502462983
"A(p=17,f=0.40,h=128,lr=0.01,wd=1.0,max=40000)",11,34080,1.0,2.2183292003319366e-07,0.005747126436781609,5.420355319976807,26.883828242762412
"A(p=17,f=0.40,h=128,lr=0.01,wd=1.0,max=40000)",11,34100,1.0,2.2079632344684796e-07,0.005747126436781609,5.419305801391602,26.88286188462738
"A(p=17,f=0.40,h=128,lr=0.01,wd=1.0,max=40000)",11,34120,1.0,2.2908913877017767e-07,0.005747126436781609,5.419173717498779,26.882689980518432
"A(p=17,f=0.40,h=128,lr=0.01,wd=1.0,max=40000)",11,34140,1.0,2.2390612741673976e-07,0.005747126436781609,5.419022560119629,26.882208952835445
"A(p=17,f=0.40,h=128,lr=0.01,wd=1.0,max=40000)",11,34160,1.0,2.2494272400308546e-07,0.005747126436781609,5.4203715324401855,26.88454477356702
"A(p=17,f=0.40,h=128,lr=0.01,wd=1.0,max=40000)",11,34180,1.0,2.2597933480028587e-07,0.005747126436781609,5.4187469482421875,26.88126516043883
"A(p=17,f=0.40,h=128,lr=0.01,wd=1.0,max=40000)",11,34200,1.0,2.1768651947695616e-07,0.005747126436781609,5.420612335205078,26.883637519722388
"A(p=17,f=0.40,h=128,lr=0.01,wd=1.0,max=40000)",11,34220,1.0,2.2286953083039407e-07,0.005747126436781609,5.4204277992248535,26.883203972426433
"A(p=17,f=0.40,h=128,lr=0.01,wd=1.0,max=40000)",11,34240,1.0,2.2908913877017767e-07,0.005747126436781609,5.4189133644104,26.881990944761093
"A(p=17,f=0.40,h=128,lr=0.01,wd=1.0,max=40000)",11,34260,1.0,2.2286953083039407e-07,0.005747126436781609,5.421010971069336,26.88323469422714
"A(p=17,f=0.40,h=128,lr=0.01,wd=1.0,max=40000)",11,34280,1.0,2.2908913877017767e-07,0.005747126436781609,5.4208173751831055,26.882662024794627
"A(p=17,f=0.40,h=128,lr=0.01,wd=1.0,max=40000)",11,34300,1.0,2.3219894274006947e-07,0.005747126436781609,5.418252468109131,26.882361367440804
"A(p=17,f=0.40,h=128,lr=0.01,wd=1.0,max=40000)",11,34320,1.0,2.3116234615372377e-07,0.005747126436781609,5.417880535125732,26.880433262982127
"A(p=17,f=0.40,h=128,lr=0.01,wd=1.0,max=40000)",11,34340,1.0,2.2805254218383197e-07,0.005747126436781609,5.4190263748168945,26.881196605901458
"A(p=17,f=0.40,h=128,lr=0.01,wd=1.0,max=40000)",11,34360,1.0,2.3116234615372377e-07,0.005747126436781609,5.418243885040283,26.881510332206936
"A(p=17,f=0.40,h=128,lr=0.01,wd=1.0,max=40000)",11,34380,1.0,2.2908913877017767e-07,0.005747126436781609,5.418633937835693,26.88103262834262
"A(p=17,f=0.40,h=128,lr=0.01,wd=1.0,max=40000)",11,34400,1.0,2.2701593138663156e-07,0.005747126436781609,5.420187950134277,26.883643687688146
"A(p=17,f=0.40,h=128,lr=0.01,wd=1.0,max=40000)",11,34420,1.0,2.1561331209341006e-07,0.005747126436781609,5.420101642608643,26.882508048970973
"A(p=17,f=0.40,h=128,lr=0.01,wd=1.0,max=40000)",11,34440,1.0,2.3012574956737808e-07,0.005747126436781609,5.4182329177856445,26.88081109433403
"A(p=17,f=0.40,h=128,lr=0.01,wd=1.0,max=40000)",11,34460,1.0,2.2286953083039407e-07,0.005747126436781609,5.418917655944824,26.882630886861246
"A(p=17,f=0.40,h=128,lr=0.01,wd=1.0,max=40000)",11,34480,1.0,2.3530876092081598e-07,0.005747126436781609,5.418224334716797,26.881054328194192
"A(p=17,f=0.40,h=128,lr=0.01,wd=1.0,max=40000)",11,34500,1.0,2.2183292003319366e-07,0.005747126436781609,5.421177864074707,26.883259546806187
"A(p=17,f=0.40,h=128,lr=0.01,wd=1.0,max=40000)",11,34520,1.0,2.1975971264964755e-07,0.005747126436781609,5.419647216796875,26.881957303800466
"A(p=17,f=0.40,h=128,lr=0.01,wd=1.0,max=40000)",11,34540,1.0,2.1457670129620965e-07,0.005747126436781609,5.421084880828857,26.88414479653459
"A(p=17,f=0.40,h=128,lr=0.01,wd=1.0,max=40000)",11,34560,1.0,2.2183292003319366e-07,0.005747126436781609,5.418698787689209,26.881809727674373
"A(p=17,f=0.40,h=128,lr=0.01,wd=1.0,max=40000)",11,34580,1.0,2.2183292003319366e-07,0.005747126436781609,5.4195170402526855,26.882231547540794
"A(p=17,f=0.40,h=128,lr=0.01,wd=1.0,max=40000)",11,34600,1.0,2.3116234615372377e-07,0.005747126436781609,5.416923999786377,26.88020858123822
"A(p=17,f=0.40,h=128,lr=0.01,wd=1.0,max=40000)",11,34620,1.0,2.2701593138663156e-07,0.005747126436781609,5.418745040893555,26.88238558699087
"A(p=17,f=0.40,h=128,lr=0.01,wd=1.0,max=40000)",11,34640,1.0,2.2390612741673976e-07,0.005747126436781609,5.41879940032959,26.88255295285603
"A(p=17,f=0.40,h=128,lr=0.01,wd=1.0,max=40000)",11,34660,1.0,2.2494272400308546e-07,0.005747126436781609,5.4171905517578125,26.880464435491472
"A(p=17,f=0.40,h=128,lr=0.01,wd=1.0,max=40000)",11,34680,1.0,2.2183292003319366e-07,0.005747126436781609,5.4176926612854,26.881605840942928
"A(p=17,f=0.40,h=128,lr=0.01,wd=1.0,max=40000)",11,34700,1.0,2.3012574956737808e-07,0.005747126436781609,5.416578769683838,26.880266613689486
"A(p=17,f=0.40,h=128,lr=0.01,wd=1.0,max=40000)",11,34720,1.0,2.3634535750716168e-07,0.005747126436781609,5.418015003204346,26.880525798719095
"A(p=17,f=0.40,h=128,lr=0.01,wd=1.0,max=40000)",11,34740,1.0,2.2597933480028587e-07,0.005747126436781609,5.42031192779541,26.88312419399961
"A(p=17,f=0.40,h=128,lr=0.01,wd=1.0,max=40000)",11,34760,1.0,2.1146689732631785e-07,0.005747126436781609,5.421846389770508,26.884262608677215
"A(p=17,f=0.40,h=128,lr=0.01,wd=1.0,max=40000)",11,34780,1.0,2.2079632344684796e-07,0.005747126436781609,5.418591022491455,26.881763164593163
"A(p=17,f=0.40,h=128,lr=0.01,wd=1.0,max=40000)",11,34800,1.0,2.2286953083039407e-07,0.005747126436781609,5.419433116912842,26.882870933493972
"A(p=17,f=0.40,h=128,lr=0.01,wd=1.0,max=40000)",11,34820,1.0,2.2494272400308546e-07,0.005747126436781609,5.418186664581299,26.88198696959236
"A(p=17,f=0.40,h=128,lr=0.01,wd=1.0,max=40000)",11,34840,1.0,2.2390612741673976e-07,0.005747126436781609,5.417917251586914,26.881820442693527
"A(p=17,f=0.40,h=128,lr=0.01,wd=1.0,max=40000)",11,34860,1.0,2.3219894274006947e-07,0.005747126436781609,5.416904926300049,26.880640563956486
"A(p=17,f=0.40,h=128,lr=0.01,wd=1.0,max=40000)",11,34880,1.0,2.2597933480028587e-07,0.005747126436781609,5.417305946350098,26.881525995277638
"A(p=17,f=0.40,h=128,lr=0.01,wd=1.0,max=40000)",11,34900,1.0,2.3219894274006947e-07,0.005747126436781609,5.417381286621094,26.88100152321737
"A(p=17,f=0.40,h=128,lr=0.01,wd=1.0,max=40000)",11,34920,1.0,2.2183292003319366e-07,0.005747126436781609,5.418334007263184,26.882059791882423
"A(p=17,f=0.40,h=128,lr=0.01,wd=1.0,max=40000)",11,34940,1.0,2.2390612741673976e-07,0.005747126436781609,5.417724609375,26.882231410558543
"A(p=17,f=0.40,h=128,lr=0.01,wd=1.0,max=40000)",11,34960,1.0,2.2183292003319366e-07,0.005747126436781609,5.418929100036621,26.881667865597716
"A(p=17,f=0.40,h=128,lr=0.01,wd=1.0,max=40000)",11,34980,1.0,2.2701593138663156e-07,0.005747126436781609,5.417370796203613,26.880379341214866
"A(p=17,f=0.40,h=128,lr=0.01,wd=1.0,max=40000)",11,35000,1.0,2.3219894274006947e-07,0.005747126436781609,5.418099403381348,26.881330774192808
"A(p=17,f=0.40,h=128,lr=0.01,wd=1.0,max=40000)",11,35020,1.0,2.2183292003319366e-07,0.005747126436781609,5.418138027191162,26.882202238642428
"A(p=17,f=0.40,h=128,lr=0.01,wd=1.0,max=40000)",11,35040,1.0,2.2079632344684796e-07,0.005747126436781609,5.418431758880615,26.882323751503712
"A(p=17,f=0.40,h=128,lr=0.01,wd=1.0,max=40000)",11,35060,1.0,2.2701593138663156e-07,0.005747126436781609,5.417912483215332,26.881947893278245
"A(p=17,f=0.40,h=128,lr=0.01,wd=1.0,max=40000)",11,35080,1.0,2.3634535750716168e-07,0.005747126436781609,5.4178314208984375,26.881428871705012
"A(p=17,f=0.40,h=128,lr=0.01,wd=1.0,max=40000)",11,35100,1.0,2.2390612741673976e-07,0.005747126436781609,5.419199466705322,26.882646379373096
"A(p=17,f=0.40,h=128,lr=0.01,wd=1.0,max=40000)",11,35120,1.0,2.2390612741673976e-07,0.005747126436781609,5.419491767883301,26.882111438332377
"A(p=17,f=0.40,h=128,lr=0.01,wd=1.0,max=40000)",11,35140,1.0,2.1561331209341006e-07,0.005747126436781609,5.419695854187012,26.882985923238223
"A(p=17,f=0.40,h=128,lr=0.01,wd=1.0,max=40000)",11,35160,1.0,2.2805254218383197e-07,0.005747126436781609,5.417542934417725,26.881156051230814
"A(p=17,f=0.40,h=128,lr=0.01,wd=1.0,max=40000)",11,35180,1.0,2.2079632344684796e-07,0.005747126436781609,5.420591354370117,26.88423932007617
"A(p=17,f=0.40,h=128,lr=0.01,wd=1.0,max=40000)",11,35200,1.0,2.3738195409350737e-07,0.005747126436781609,5.418447494506836,26.88132618032979
"A(p=17,f=0.40,h=128,lr=0.01,wd=1.0,max=40000)",11,35220,1.0,2.1664990867975575e-07,0.005747126436781609,5.421985626220703,26.884766571374506
"A(p=17,f=0.40,h=128,lr=0.01,wd=1.0,max=40000)",11,35240,1.0,2.2390612741673976e-07,0.005747126436781609,5.418205738067627,26.881578808872128
"A(p=17,f=0.40,h=128,lr=0.01,wd=1.0,max=40000)",11,35260,1.0,2.2597933480028587e-07,0.005747126436781609,5.419373989105225,26.882912580413706
"A(p=17,f=0.40,h=128,lr=0.01,wd=1.0,max=40000)",11,35280,1.0,2.2183292003319366e-07,0.005747126436781609,5.418272495269775,26.88176864272591
"A(p=17,f=0.40,h=128,lr=0.01,wd=1.0,max=40000)",11,35300,1.0,2.2494272400308546e-07,0.005747126436781609,5.418101787567139,26.88210684781792
"A(p=17,f=0.40,h=128,lr=0.01,wd=1.0,max=40000)",11,35320,1.0,2.0732048255922564e-07,0.005747126436781609,5.423264503479004,26.886610948478516
"A(p=17,f=0.40,h=128,lr=0.01,wd=1.0,max=40000)",11,35340,1.0,2.1872311606330186e-07,0.005747126436781609,5.419400215148926,26.88415125840373
"A(p=17,f=0.40,h=128,lr=0.01,wd=1.0,max=40000)",11,35360,1.0,2.2597933480028587e-07,0.005747126436781609,5.41835880279541,26.881655664861004
"A(p=17,f=0.40,h=128,lr=0.01,wd=1.0,max=40000)",11,35380,1.0,2.1561331209341006e-07,0.005747126436781609,5.419167518615723,26.883283144796145
"A(p=17,f=0.40,h=128,lr=0.01,wd=1.0,max=40000)",11,35400,1.0,2.1561331209341006e-07,0.005747126436781609,5.419259548187256,26.88221219132998
"A(p=17,f=0.40,h=128,lr=0.01,wd=1.0,max=40000)",11,35420,1.0,2.2701593138663156e-07,0.005747126436781609,5.417171955108643,26.881234202492926
"A(p=17,f=0.40,h=128,lr=0.01,wd=1.0,max=40000)",11,35440,1.0,2.2701593138663156e-07,0.005747126436781609,5.418493270874023,26.881427302661255
"A(p=17,f=0.40,h=128,lr=0.01,wd=1.0,max=40000)",11,35460,1.0,2.2494272400308546e-07,0.005747126436781609,5.418545722961426,26.882629044739005
"A(p=17,f=0.40,h=128,lr=0.01,wd=1.0,max=40000)",11,35480,1.0,2.2286953083039407e-07,0.005747126436781609,5.4186177253723145,26.882497626570814
"A(p=17,f=0.40,h=128,lr=0.01,wd=1.0,max=40000)",11,35500,1.0,2.3427215012361557e-07,0.005747126436781609,5.417886257171631,26.881349916535882
"A(p=17,f=0.40,h=128,lr=0.01,wd=1.0,max=40000)",11,35520,1.0,2.2908913877017767e-07,0.005747126436781609,5.418165683746338,26.882117328486775
"A(p=17,f=0.40,h=128,lr=0.01,wd=1.0,max=40000)",11,35540,1.0,2.2701593138663156e-07,0.005747126436781609,5.418179035186768,26.88245208194042
"A(p=17,f=0.40,h=128,lr=0.01,wd=1.0,max=40000)",11,35560,1.0,2.3323555353726988e-07,0.005747126436781609,5.418417930603027,26.881090628579734
"A(p=17,f=0.40,h=128,lr=0.01,wd=1.0,max=40000)",11,35580,1.0,2.2597933480028587e-07,0.005747126436781609,5.417495250701904,26.88056657054222
"A(p=17,f=0.40,h=128,lr=0.01,wd=1.0,max=40000)",11,35600,1.0,2.2494272400308546e-07,0.005747126436781609,5.416658401489258,26.880426465586044
"A(p=17,f=0.40,h=128,lr=0.01,wd=1.0,max=40000)",11,35620,1.0,2.2183292003319366e-07,0.005747126436781609,5.419318675994873,26.883897978417377
"A(p=17,f=0.40,h=128,lr=0.01,wd=1.0,max=40000)",11,35640,1.0,2.2390612741673976e-07,0.005747126436781609,5.41851806640625,26.883015762672173
"A(p=17,f=0.40,h=128,lr=0.01,wd=1.0,max=40000)",11,35660,1.0,2.1872311606330186e-07,0.005747126436781609,5.419826507568359,26.883200461871994
"A(p=17,f=0.40,h=128,lr=0.01,wd=1.0,max=40000)",11,35680,1.0,2.2805254218383197e-07,0.005747126436781609,5.41795539855957,26.880744280452806
"A(p=17,f=0.40,h=128,lr=0.01,wd=1.0,max=40000)",11,35700,1.0,2.1664990867975575e-07,0.005747126436781609,5.419160842895508,26.882497546550013
"A(p=17,f=0.40,h=128,lr=0.01,wd=1.0,max=40000)",11,35720,1.0,2.2805254218383197e-07,0.005747126436781609,5.418499946594238,26.882676872692603
"A(p=17,f=0.40,h=128,lr=0.01,wd=1.0,max=40000)",11,35740,1.0,2.3219894274006947e-07,0.005747126436781609,5.4183735847473145,26.880548864959618
"A(p=17,f=0.40,h=128,lr=0.01,wd=1.0,max=40000)",11,35760,1.0,2.1768651947695616e-07,0.005747126436781609,5.4187116622924805,26.882181921089156
"A(p=17,f=0.40,h=128,lr=0.01,wd=1.0,max=40000)",11,35780,1.0,2.2908913877017767e-07,0.005747126436781609,5.4178786277771,26.880476845035147
"A(p=17,f=0.40,h=128,lr=0.01,wd=1.0,max=40000)",11,35800,1.0,2.1975971264964755e-07,0.005747126436781609,5.420845031738281,26.883758581762233
"A(p=17,f=0.40,h=128,lr=0.01,wd=1.0,max=40000)",11,35820,1.0,2.3738195409350737e-07,0.005747126436781609,5.418389320373535,26.880558863825613
"A(p=17,f=0.40,h=128,lr=0.01,wd=1.0,max=40000)",11,35840,1.0,2.2494272400308546e-07,0.005747126436781609,5.418092727661133,26.880857647077733
"A(p=17,f=0.40,h=128,lr=0.01,wd=1.0,max=40000)",11,35860,1.0,2.3116234615372377e-07,0.005747126436781609,5.418825149536133,26.881597922269155
"A(p=17,f=0.40,h=128,lr=0.01,wd=1.0,max=40000)",11,35880,1.0,2.2286953083039407e-07,0.005747126436781609,5.418856620788574,26.88145934830912
"A(p=17,f=0.40,h=128,lr=0.01,wd=1.0,max=40000)",11,35900,1.0,2.2079632344684796e-07,0.005747126436781609,5.421143054962158,26.88443860386933
"A(p=17,f=0.40,h=128,lr=0.01,wd=1.0,max=40000)",11,35920,1.0,2.2390612741673976e-07,0.005747126436781609,5.422250747680664,26.884817745328846
"A(p=17,f=0.40,h=128,lr=0.01,wd=1.0,max=40000)",11,35940,1.0,2.2597933480028587e-07,0.005747126436781609,5.4202094078063965,26.882307255424067
"A(p=17,f=0.40,h=128,lr=0.01,wd=1.0,max=40000)",11,35960,1.0,2.2390612741673976e-07,0.005747126436781609,5.417088031768799,26.87991415049951
"A(p=17,f=0.40,h=128,lr=0.01,wd=1.0,max=40000)",11,35980,1.0,2.2494272400308546e-07,0.005747126436781609,5.418056964874268,26.881003371845644
"A(p=17,f=0.40,h=128,lr=0.01,wd=1.0,max=40000)",11,36000,1.0,2.1872311606330186e-07,0.005747126436781609,5.420895576477051,26.884584304082253
"A(p=17,f=0.40,h=128,lr=0.01,wd=1.0,max=40000)",11,36020,1.0,2.3427215012361557e-07,0.005747126436781609,5.417924880981445,26.881278086005192
"A(p=17,f=0.40,h=128,lr=0.01,wd=1.0,max=40000)",11,36040,1.0,2.2701593138663156e-07,0.005747126436781609,5.419089317321777,26.882081982593192
"A(p=17,f=0.40,h=128,lr=0.01,wd=1.0,max=40000)",11,36060,1.0,2.2805254218383197e-07,0.005747126436781609,5.417494297027588,26.88123299760918
"A(p=17,f=0.40,h=128,lr=0.01,wd=1.0,max=40000)",11,36080,1.0,2.1664990867975575e-07,0.005747126436781609,5.4204864501953125,26.884289832684377
"A(p=17,f=0.40,h=128,lr=0.01,wd=1.0,max=40000)",11,36100,1.0,2.2494272400308546e-07,0.005747126436781609,5.4205451011657715,26.883964738450207
"A(p=17,f=0.40,h=128,lr=0.01,wd=1.0,max=40000)",11,36120,1.0,2.2390612741673976e-07,0.005747126436781609,5.419671535491943,26.88145085668095
"A(p=17,f=0.40,h=128,lr=0.01,wd=1.0,max=40000)",11,36140,1.0,2.1975971264964755e-07,0.005747126436781609,5.420053482055664,26.883322412513728
"A(p=17,f=0.40,h=128,lr=0.01,wd=1.0,max=40000)",11,36160,1.0,2.3634535750716168e-07,0.005747126436781609,5.418978691101074,26.881197421328213
"A(p=17,f=0.40,h=128,lr=0.01,wd=1.0,max=40000)",11,36180,1.0,2.2286953083039407e-07,0.005747126436781609,5.418233871459961,26.880309924991565
"A(p=17,f=0.40,h=128,lr=0.01,wd=1.0,max=40000)",11,36200,1.0,2.2908913877017767e-07,0.005747126436781609,5.4205322265625,26.88140796622476
"A(p=17,f=0.40,h=128,lr=0.01,wd=1.0,max=40000)",11,36220,1.0,2.3012574956737808e-07,0.005747126436781609,5.419516563415527,26.882371073415296
"A(p=17,f=0.40,h=128,lr=0.01,wd=1.0,max=40000)",11,36240,1.0,2.3219894274006947e-07,0.005747126436781609,5.419485092163086,26.881108758736048
"A(p=17,f=0.40,h=128,lr=0.01,wd=1.0,max=40000)",11,36260,1.0,2.2597933480028587e-07,0.005747126436781609,5.420767784118652,26.883363067358516
"A(p=17,f=0.40,h=128,lr=0.01,wd=1.0,max=40000)",11,36280,1.0,2.2183292003319366e-07,0.005747126436781609,5.419482231140137,26.88202898549917
"A(p=17,f=0.40,h=128,lr=0.01,wd=1.0,max=40000)",11,36300,1.0,2.1457670129620965e-07,0.005747126436781609,5.421507835388184,26.88359726394084
"A(p=17,f=0.40,h=128,lr=0.01,wd=1.0,max=40000)",11,36320,1.0,2.2286953083039407e-07,0.005747126436781609,5.420659065246582,26.88339706753073
"A(p=17,f=0.40,h=128,lr=0.01,wd=1.0,max=40000)",11,36340,1.0,2.2183292003319366e-07,0.005747126436781609,5.420258045196533,26.88172488789288
"A(p=17,f=0.40,h=128,lr=0.01,wd=1.0,max=40000)",11,36360,1.0,2.1354010470986395e-07,0.005747126436781609,5.419646263122559,26.882512706999147
"A(p=17,f=0.40,h=128,lr=0.01,wd=1.0,max=40000)",11,36380,1.0,2.2597933480028587e-07,0.005747126436781609,5.418700218200684,26.881758846789953
"A(p=17,f=0.40,h=128,lr=0.01,wd=1.0,max=40000)",11,36400,1.0,2.2494272400308546e-07,0.005747126436781609,5.419417381286621,26.882196281856288
"A(p=17,f=0.40,h=128,lr=0.01,wd=1.0,max=40000)",11,36420,1.0,2.1872311606330186e-07,0.005747126436781609,5.419469833374023,26.881466242358336
"A(p=17,f=0.40,h=128,lr=0.01,wd=1.0,max=40000)",11,36440,1.0,2.1664990867975575e-07,0.005747126436781609,5.4183526039123535,26.881748585572097
"A(p=17,f=0.40,h=128,lr=0.01,wd=1.0,max=40000)",11,36460,1.0,2.2597933480028587e-07,0.005747126436781609,5.418079853057861,26.88089927951906
"A(p=17,f=0.40,h=128,lr=0.01,wd=1.0,max=40000)",11,36480,1.0,2.1872311606330186e-07,0.005747126436781609,5.419314384460449,26.88236376832528
"A(p=17,f=0.40,h=128,lr=0.01,wd=1.0,max=40000)",11,36500,1.0,2.2805254218383197e-07,0.005747126436781609,5.418724536895752,26.882504676070674
"A(p=17,f=0.40,h=128,lr=0.01,wd=1.0,max=40000)",11,36520,1.0,2.1872311606330186e-07,0.005747126436781609,5.4205217361450195,26.884504306729177
"A(p=17,f=0.40,h=128,lr=0.01,wd=1.0,max=40000)",11,36540,1.0,2.2183292003319366e-07,0.005747126436781609,5.41899299621582,26.882678544242367
"A(p=17,f=0.40,h=128,lr=0.01,wd=1.0,max=40000)",11,36560,1.0,2.3012574956737808e-07,0.005747126436781609,5.417232513427734,26.87987567100052
"A(p=17,f=0.40,h=128,lr=0.01,wd=1.0,max=40000)",11,36580,1.0,2.1872311606330186e-07,0.005747126436781609,5.419147968292236,26.882529582929486
"A(p=17,f=0.40,h=128,lr=0.01,wd=1.0,max=40000)",11,36600,1.0,2.1975971264964755e-07,0.005747126436781609,5.418980121612549,26.88270640100868
"A(p=17,f=0.40,h=128,lr=0.01,wd=1.0,max=40000)",11,36620,1.0,2.1872311606330186e-07,0.005747126436781609,5.4192705154418945,26.882162180068196
"A(p=17,f=0.40,h=128,lr=0.01,wd=1.0,max=40000)",11,36640,1.0,2.2908913877017767e-07,0.005747126436781609,5.417330265045166,26.880578532575303
"A(p=17,f=0.40,h=128,lr=0.01,wd=1.0,max=40000)",11,36660,1.0,2.2701593138663156e-07,0.005747126436781609,5.418011665344238,26.882143017926605
"A(p=17,f=0.40,h=128,lr=0.01,wd=1.0,max=40000)",11,36680,1.0,2.2805254218383197e-07,0.005747126436781609,5.418001651763916,26.881085809464988
"A(p=17,f=0.40,h=128,lr=0.01,wd=1.0,max=40000)",11,36700,1.0,2.2286953083039407e-07,0.005747126436781609,5.418916702270508,26.88166651233
"A(p=17,f=0.40,h=128,lr=0.01,wd=1.0,max=40000)",11,36720,1.0,2.2805254218383197e-07,0.005747126436781609,5.41886043548584,26.88272495743381
"A(p=17,f=0.40,h=128,lr=0.01,wd=1.0,max=40000)",11,36740,1.0,2.2390612741673976e-07,0.005747126436781609,5.419517993927002,26.881609741520055
"A(p=17,f=0.40,h=128,lr=0.01,wd=1.0,max=40000)",11,36760,1.0,2.1975971264964755e-07,0.005747126436781609,5.418323040008545,26.88169320788115
"A(p=17,f=0.40,h=128,lr=0.01,wd=1.0,max=40000)",11,36780,1.0,2.2286953083039407e-07,0.005747126436781609,5.419825077056885,26.88298668484134
"A(p=17,f=0.40,h=128,lr=0.01,wd=1.0,max=40000)",11,36800,1.0,2.1768651947695616e-07,0.005747126436781609,5.419114112854004,26.88263252995853
"A(p=17,f=0.40,h=128,lr=0.01,wd=1.0,max=40000)",11,36820,1.0,2.2494272400308546e-07,0.005747126436781609,5.419923782348633,26.882901783387666
"A(p=17,f=0.40,h=128,lr=0.01,wd=1.0,max=40000)",11,36840,1.0,2.3012574956737808e-07,0.005747126436781609,5.4163899421691895,26.878634175699094
"A(p=17,f=0.40,h=128,lr=0.01,wd=1.0,max=40000)",11,36860,1.0,2.2494272400308546e-07,0.005747126436781609,5.417501449584961,26.880604964161964
"A(p=17,f=0.40,h=128,lr=0.01,wd=1.0,max=40000)",11,36880,1.0,2.1975971264964755e-07,0.005747126436781609,5.418669700622559,26.88225514706277
"A(p=17,f=0.40,h=128,lr=0.01,wd=1.0,max=40000)",11,36900,1.0,2.2701593138663156e-07,0.005747126436781609,5.41736364364624,26.880720964173452
"A(p=17,f=0.40,h=128,lr=0.01,wd=1.0,max=40000)",11,36920,1.0,2.2597933480028587e-07,0.005747126436781609,5.4186859130859375,26.88206370533877
"A(p=17,f=0.40,h=128,lr=0.01,wd=1.0,max=40000)",11,36940,1.0,2.2494272400308546e-07,0.005747126436781609,5.418152332305908,26.88171067244614
"A(p=17,f=0.40,h=128,lr=0.01,wd=1.0,max=40000)",11,36960,1.0,2.2286953083039407e-07,0.005747126436781609,5.417950630187988,26.881446666309927
"A(p=17,f=0.40,h=128,lr=0.01,wd=1.0,max=40000)",11,36980,1.0,2.1768651947695616e-07,0.005747126436781609,5.418935298919678,26.882695963704283
"A(p=17,f=0.40,h=128,lr=0.01,wd=1.0,max=40000)",11,37000,1.0,2.2183292003319366e-07,0.005747126436781609,5.4178361892700195,26.881843250306947
"A(p=17,f=0.40,h=128,lr=0.01,wd=1.0,max=40000)",11,37020,1.0,2.3116234615372377e-07,0.005747126436781609,5.416555881500244,26.880005106587415
"A(p=17,f=0.40,h=128,lr=0.01,wd=1.0,max=40000)",11,37040,1.0,2.2183292003319366e-07,0.005747126436781609,5.417553901672363,26.88125537168951
"A(p=17,f=0.40,h=128,lr=0.01,wd=1.0,max=40000)",11,37060,1.0,2.2908913877017767e-07,0.005747126436781609,5.417232990264893,26.879470388288762
"A(p=17,f=0.40,h=128,lr=0.01,wd=1.0,max=40000)",11,37080,1.0,2.2286953083039407e-07,0.005747126436781609,5.419790744781494,26.882248674942133
"A(p=17,f=0.40,h=128,lr=0.01,wd=1.0,max=40000)",11,37100,1.0,2.2494272400308546e-07,0.005747126436781609,5.41786527633667,26.88069678424421
"A(p=17,f=0.40,h=128,lr=0.01,wd=1.0,max=40000)",11,37120,1.0,2.3116234615372377e-07,0.005747126436781609,5.416790008544922,26.88018656615751
"A(p=17,f=0.40,h=128,lr=0.01,wd=1.0,max=40000)",11,37140,1.0,2.2805254218383197e-07,0.005747126436781609,5.417232990264893,26.88040863586413
"A(p=17,f=0.40,h=128,lr=0.01,wd=1.0,max=40000)",11,37160,1.0,2.2494272400308546e-07,0.005747126436781609,5.417950630187988,26.881345768686153
"A(p=17,f=0.40,h=128,lr=0.01,wd=1.0,max=40000)",11,37180,1.0,2.2390612741673976e-07,0.005747126436781609,5.418140411376953,26.880755468363148
"A(p=17,f=0.40,h=128,lr=0.01,wd=1.0,max=40000)",11,37200,1.0,2.2908913877017767e-07,0.005747126436781609,5.41724157333374,26.879584362164312
"A(p=17,f=0.40,h=128,lr=0.01,wd=1.0,max=40000)",11,37220,1.0,2.2701593138663156e-07,0.005747126436781609,5.417752742767334,26.880444148415553
"A(p=17,f=0.40,h=128,lr=0.01,wd=1.0,max=40000)",11,37240,1.0,2.2286953083039407e-07,0.005747126436781609,5.419949054718018,26.883087338331652
"A(p=17,f=0.40,h=128,lr=0.01,wd=1.0,max=40000)",11,37260,1.0,2.1664990867975575e-07,0.005747126436781609,5.419422149658203,26.883283632726904
"A(p=17,f=0.40,h=128,lr=0.01,wd=1.0,max=40000)",11,37280,1.0,2.2079632344684796e-07,0.005747126436781609,5.418516159057617,26.881424771640116
"A(p=17,f=0.40,h=128,lr=0.01,wd=1.0,max=40000)",11,37300,1.0,2.2286953083039407e-07,0.005747126436781609,5.419517517089844,26.88270059626546
"A(p=17,f=0.40,h=128,lr=0.01,wd=1.0,max=40000)",11,37320,1.0,2.1043030073997215e-07,0.005747126436781609,5.4197869300842285,26.882139462324695
"A(p=17,f=0.40,h=128,lr=0.01,wd=1.0,max=40000)",11,37340,1.0,2.2390612741673976e-07,0.005747126436781609,5.418606758117676,26.881444913769233
"A(p=17,f=0.40,h=128,lr=0.01,wd=1.0,max=40000)",11,37360,1.0,2.1664990867975575e-07,0.005747126436781609,5.418598175048828,26.8815374299947
"A(p=17,f=0.40,h=128,lr=0.01,wd=1.0,max=40000)",11,37380,1.0,2.1975971264964755e-07,0.005747126436781609,5.418086051940918,26.88158775960399
"A(p=17,f=0.40,h=128,lr=0.01,wd=1.0,max=40000)",11,37400,1.0,2.1975971264964755e-07,0.005747126436781609,5.4182281494140625,26.88178660087775
"A(p=17,f=0.40,h=128,lr=0.01,wd=1.0,max=40000)",11,37420,1.0,2.1975971264964755e-07,0.005747126436781609,5.418020725250244,26.88077020998527
"A(p=17,f=0.40,h=128,lr=0.01,wd=1.0,max=40000)",11,37440,1.0,2.2286953083039407e-07,0.005747126436781609,5.418703556060791,26.88117975299974
"A(p=17,f=0.40,h=128,lr=0.01,wd=1.0,max=40000)",11,37460,1.0,2.2286953083039407e-07,0.005747126436781609,5.42015266418457,26.88325520683552
"A(p=17,f=0.40,h=128,lr=0.01,wd=1.0,max=40000)",11,37480,1.0,2.2597933480028587e-07,0.005747126436781609,5.418575286865234,26.881092855653595
"A(p=17,f=0.40,h=128,lr=0.01,wd=1.0,max=40000)",11,37500,1.0,2.2183292003319366e-07,0.005747126436781609,5.419808864593506,26.882577470490325
"A(p=17,f=0.40,h=128,lr=0.01,wd=1.0,max=40000)",11,37520,1.0,2.3219894274006947e-07,0.005747126436781609,5.418367862701416,26.88158604046972
"A(p=17,f=0.40,h=128,lr=0.01,wd=1.0,max=40000)",11,37540,1.0,2.1975971264964755e-07,0.005747126436781609,5.4203104972839355,26.883326135051824
"A(p=17,f=0.40,h=128,lr=0.01,wd=1.0,max=40000)",11,37560,1.0,2.1872311606330186e-07,0.005747126436781609,5.418791770935059,26.881586357128747
"A(p=17,f=0.40,h=128,lr=0.01,wd=1.0,max=40000)",11,37580,1.0,2.2286953083039407e-07,0.005747126436781609,5.419517517089844,26.881946054624144
"A(p=17,f=0.40,h=128,lr=0.01,wd=1.0,max=40000)",11,37600,1.0,2.2908913877017767e-07,0.005747126436781609,5.418575286865234,26.87982800358515
"A(p=17,f=0.40,h=128,lr=0.01,wd=1.0,max=40000)",11,37620,1.0,2.3323555353726988e-07,0.005747126436781609,5.4177374839782715,26.878319737058792
"A(p=17,f=0.40,h=128,lr=0.01,wd=1.0,max=40000)",11,37640,1.0,2.1975971264964755e-07,0.005747126436781609,5.420894145965576,26.883028960860273
"A(p=17,f=0.40,h=128,lr=0.01,wd=1.0,max=40000)",11,37660,1.0,2.2183292003319366e-07,0.005747126436781609,5.41921854019165,26.880842125175302
"A(p=17,f=0.40,h=128,lr=0.01,wd=1.0,max=40000)",11,37680,1.0,2.2286953083039407e-07,0.005747126436781609,5.419642448425293,26.88186695250121
"A(p=17,f=0.40,h=128,lr=0.01,wd=1.0,max=40000)",11,37700,1.0,2.1975971264964755e-07,0.005747126436781609,5.419156551361084,26.88040461824401
"A(p=17,f=0.40,h=128,lr=0.01,wd=1.0,max=40000)",11,37720,1.0,2.3219894274006947e-07,0.005747126436781609,5.420416355133057,26.881373895882728
"A(p=17,f=0.40,h=128,lr=0.01,wd=1.0,max=40000)",11,37740,1.0,2.1975971264964755e-07,0.005747126436781609,5.419287204742432,26.880010007397978
"A(p=17,f=0.40,h=128,lr=0.01,wd=1.0,max=40000)",11,37760,1.0,2.2079632344684796e-07,0.005747126436781609,5.4216437339782715,26.8835793980621
"A(p=17,f=0.40,h=128,lr=0.01,wd=1.0,max=40000)",11,37780,1.0,2.1872311606330186e-07,0.005747126436781609,5.420466899871826,26.882403915166943
"A(p=17,f=0.40,h=128,lr=0.01,wd=1.0,max=40000)",11,37800,1.0,2.2597933480028587e-07,0.005747126436781609,5.418998718261719,26.879697713079793
"A(p=17,f=0.40,h=128,lr=0.01,wd=1.0,max=40000)",11,37820,1.0,2.1768651947695616e-07,0.005747126436781609,5.4199981689453125,26.881444773460444
"A(p=17,f=0.40,h=128,lr=0.01,wd=1.0,max=40000)",11,37840,1.0,2.2390612741673976e-07,0.005747126436781609,5.41871976852417,26.880987522216753
"A(p=17,f=0.40,h=128,lr=0.01,wd=1.0,max=40000)",11,37860,1.0,2.1561331209341006e-07,0.005747126436781609,5.421442985534668,26.883590416022237
"A(p=17,f=0.40,h=128,lr=0.01,wd=1.0,max=40000)",11,37880,1.0,2.3219894274006947e-07,0.005747126436781609,5.418045997619629,26.879528365920574
"A(p=17,f=0.40,h=128,lr=0.01,wd=1.0,max=40000)",11,37900,1.0,2.1975971264964755e-07,0.005747126436781609,5.420122146606445,26.882453410236668
"A(p=17,f=0.40,h=128,lr=0.01,wd=1.0,max=40000)",11,37920,1.0,2.1872311606330186e-07,0.005747126436781609,5.421682834625244,26.88358883253872
"A(p=17,f=0.40,h=128,lr=0.01,wd=1.0,max=40000)",11,37940,1.0,2.2908913877017767e-07,0.005747126436781609,5.420152187347412,26.88084158724347
"A(p=17,f=0.40,h=128,lr=0.01,wd=1.0,max=40000)",11,37960,1.0,2.3012574956737808e-07,0.005747126436781609,5.419125556945801,26.879463056692074
"A(p=17,f=0.40,h=128,lr=0.01,wd=1.0,max=40000)",11,37980,1.0,2.2701593138663156e-07,0.005747126436781609,5.42059850692749,26.88087593735552
"A(p=17,f=0.40,h=128,lr=0.01,wd=1.0,max=40000)",11,38000,1.0,2.2908913877017767e-07,0.005747126436781609,5.421337127685547,26.882808416687933
"A(p=17,f=0.40,h=128,lr=0.01,wd=1.0,max=40000)",11,38020,1.0,2.2183292003319366e-07,0.005747126436781609,5.420176982879639,26.88121941262843
"A(p=17,f=0.40,h=128,lr=0.01,wd=1.0,max=40000)",11,38040,1.0,2.2597933480028587e-07,0.005747126436781609,5.419457912445068,26.881835903597008
"A(p=17,f=0.40,h=128,lr=0.01,wd=1.0,max=40000)",11,38060,1.0,2.2079632344684796e-07,0.005747126436781609,5.420454025268555,26.88199079259155
"A(p=17,f=0.40,h=128,lr=0.01,wd=1.0,max=40000)",11,38080,1.0,2.2597933480028587e-07,0.005747126436781609,5.42011833190918,26.87947256189001
"A(p=17,f=0.40,h=128,lr=0.01,wd=1.0,max=40000)",11,38100,1.0,2.2183292003319366e-07,0.005747126436781609,5.420868396759033,26.88117016265464
"A(p=17,f=0.40,h=128,lr=0.01,wd=1.0,max=40000)",11,38120,1.0,2.2079632344684796e-07,0.005747126436781609,5.420572757720947,26.881340289889888
"A(p=17,f=0.40,h=128,lr=0.01,wd=1.0,max=40000)",11,38140,1.0,2.3012574956737808e-07,0.005747126436781609,5.419190883636475,26.879224170271097
"A(p=17,f=0.40,h=128,lr=0.01,wd=1.0,max=40000)",11,38160,1.0,2.2183292003319366e-07,0.005747126436781609,5.4207234382629395,26.8809682954238
"A(p=17,f=0.40,h=128,lr=0.01,wd=1.0,max=40000)",11,38180,1.0,2.2079632344684796e-07,0.005747126436781609,5.4222211837768555,26.88344919894541
"A(p=17,f=0.40,h=128,lr=0.01,wd=1.0,max=40000)",11,38200,1.0,2.2494272400308546e-07,0.005747126436781609,5.421347141265869,26.880318060640942
"A(p=17,f=0.40,h=128,lr=0.01,wd=1.0,max=40000)",11,38220,1.0,2.2286953083039407e-07,0.005747126436781609,5.421669006347656,26.88214875792506
"A(p=17,f=0.40,h=128,lr=0.01,wd=1.0,max=40000)",11,38240,1.0,2.2805254218383197e-07,0.005747126436781609,5.420257091522217,26.88007490917148
"A(p=17,f=0.40,h=128,lr=0.01,wd=1.0,max=40000)",11,38260,1.0,2.2701593138663156e-07,0.005747126436781609,5.420607566833496,26.88044334947148
"A(p=17,f=0.40,h=128,lr=0.01,wd=1.0,max=40000)",11,38280,1.0,2.2183292003319366e-07,0.005747126436781609,5.420955181121826,26.880740850026967
"A(p=17,f=0.40,h=128,lr=0.01,wd=1.0,max=40000)",11,38300,1.0,2.3116234615372377e-07,0.005747126436781609,5.420904159545898,26.880336016437713
"A(p=17,f=0.40,h=128,lr=0.01,wd=1.0,max=40000)",11,38320,1.0,2.1872311606330186e-07,0.005747126436781609,5.423014163970947,26.88226220975776
"A(p=17,f=0.40,h=128,lr=0.01,wd=1.0,max=40000)",11,38340,1.0,2.2286953083039407e-07,0.005747126436781609,5.422642230987549,26.882114470759596
"A(p=17,f=0.40,h=128,lr=0.01,wd=1.0,max=40000)",11,38360,1.0,2.2597933480028587e-07,0.005747126436781609,5.421731472015381,26.88059954109083
"A(p=17,f=0.40,h=128,lr=0.01,wd=1.0,max=40000)",11,38380,1.0,2.1975971264964755e-07,0.005747126436781609,5.4239420890808105,26.883426838150005
"A(p=17,f=0.40,h=128,lr=0.01,wd=1.0,max=40000)",11,38400,1.0,2.1768651947695616e-07,0.005747126436781609,5.423824787139893,26.882246149388738
"A(p=17,f=0.40,h=128,lr=0.01,wd=1.0,max=40000)",11,38420,1.0,2.2183292003319366e-07,0.005747126436781609,5.42329216003418,26.881285560202883
"A(p=17,f=0.40,h=128,lr=0.01,wd=1.0,max=40000)",11,38440,1.0,2.2701593138663156e-07,0.005747126436781609,5.422130584716797,26.88112428583773
"A(p=17,f=0.40,h=128,lr=0.01,wd=1.0,max=40000)",11,38460,1.0,2.1975971264964755e-07,0.005747126436781609,5.422348976135254,26.881461001867716
"A(p=17,f=0.40,h=128,lr=0.01,wd=1.0,max=40000)",11,38480,1.0,2.2494272400308546e-07,0.005747126436781609,5.422441482543945,26.880903630048948
"A(p=17,f=0.40,h=128,lr=0.01,wd=1.0,max=40000)",11,38500,1.0,2.2908913877017767e-07,0.005747126436781609,5.421142578125,26.880131240033293
"A(p=17,f=0.40,h=128,lr=0.01,wd=1.0,max=40000)",11,38520,1.0,2.2390612741673976e-07,0.005747126436781609,5.422418594360352,26.881557713833935
"A(p=17,f=0.40,h=128,lr=0.01,wd=1.0,max=40000)",11,38540,1.0,2.2701593138663156e-07,0.005747126436781609,5.420314311981201,26.880478104313358
"A(p=17,f=0.40,h=128,lr=0.01,wd=1.0,max=40000)",11,38560,1.0,2.2494272400308546e-07,0.005747126436781609,5.420851707458496,26.880000381542033
"A(p=17,f=0.40,h=128,lr=0.01,wd=1.0,max=40000)",11,38580,1.0,2.2908913877017767e-07,0.005747126436781609,5.420966625213623,26.88070285546466
"A(p=17,f=0.40,h=128,lr=0.01,wd=1.0,max=40000)",11,38600,1.0,2.2494272400308546e-07,0.005747126436781609,5.42114782333374,26.88022692020915
"A(p=17,f=0.40,h=128,lr=0.01,wd=1.0,max=40000)",11,38620,1.0,2.2701593138663156e-07,0.005747126436781609,5.4220290184021,26.880798059349523
"A(p=17,f=0.40,h=128,lr=0.01,wd=1.0,max=40000)",11,38640,1.0,2.2494272400308546e-07,0.005747126436781609,5.423557281494141,26.88210044250249
"A(p=17,f=0.40,h=128,lr=0.01,wd=1.0,max=40000)",11,38660,1.0,2.1768651947695616e-07,0.005747126436781609,5.424222946166992,26.883453972786942
"A(p=17,f=0.40,h=128,lr=0.01,wd=1.0,max=40000)",11,38680,1.0,2.2183292003319366e-07,0.005747126436781609,5.423037528991699,26.881538249164265
"A(p=17,f=0.40,h=128,lr=0.01,wd=1.0,max=40000)",11,38700,1.0,2.2183292003319366e-07,0.005747126436781609,5.424356937408447,26.882811874319707
"A(p=17,f=0.40,h=128,lr=0.01,wd=1.0,max=40000)",11,38720,1.0,2.3116234615372377e-07,0.005747126436781609,5.422624588012695,26.88012055403937
"A(p=17,f=0.40,h=128,lr=0.01,wd=1.0,max=40000)",11,38740,1.0,2.3012574956737808e-07,0.005747126436781609,5.421220779418945,26.878773667112487
"A(p=17,f=0.40,h=128,lr=0.01,wd=1.0,max=40000)",11,38760,1.0,2.3116234615372377e-07,0.005747126436781609,5.421281337738037,26.880225333838503
"A(p=17,f=0.40,h=128,lr=0.01,wd=1.0,max=40000)",11,38780,1.0,2.1872311606330186e-07,0.005747126436781609,5.42474889755249,26.882858006320017
"A(p=17,f=0.40,h=128,lr=0.01,wd=1.0,max=40000)",11,38800,1.0,2.1975971264964755e-07,0.005747126436781609,5.423032760620117,26.881783422613424
"A(p=17,f=0.40,h=128,lr=0.01,wd=1.0,max=40000)",11,38820,1.0,2.2079632344684796e-07,0.005747126436781609,5.422406196594238,26.88056054463018
"A(p=17,f=0.40,h=128,lr=0.01,wd=1.0,max=40000)",11,38840,1.0,2.2390612741673976e-07,0.005747126436781609,5.422220230102539,26.881123429903113
"A(p=17,f=0.40,h=128,lr=0.01,wd=1.0,max=40000)",11,38860,1.0,2.2286953083039407e-07,0.005747126436781609,5.422271251678467,26.88178748823228
"A(p=17,f=0.40,h=128,lr=0.01,wd=1.0,max=40000)",11,38880,1.0,2.2286953083039407e-07,0.005747126436781609,5.424048900604248,26.88262388938044
"A(p=17,f=0.40,h=128,lr=0.01,wd=1.0,max=40000)",11,38900,1.0,2.1768651947695616e-07,0.005747126436781609,5.424899101257324,26.883551027438553
"A(p=17,f=0.40,h=128,lr=0.01,wd=1.0,max=40000)",11,38920,1.0,2.1250349391266354e-07,0.005747126436781609,5.424792289733887,26.883116536898527
"A(p=17,f=0.40,h=128,lr=0.01,wd=1.0,max=40000)",11,38940,1.0,2.2390612741673976e-07,0.005747126436781609,5.422596454620361,26.881441096164263
"A(p=17,f=0.40,h=128,lr=0.01,wd=1.0,max=40000)",11,38960,1.0,2.2079632344684796e-07,0.005747126436781609,5.423079013824463,26.881911199474615
"A(p=17,f=0.40,h=128,lr=0.01,wd=1.0,max=40000)",11,38980,1.0,2.1043030073997215e-07,0.005747126436781609,5.425175189971924,26.883839088676424
"A(p=17,f=0.40,h=128,lr=0.01,wd=1.0,max=40000)",11,39000,1.0,2.3219894274006947e-07,0.005747126436781609,5.4231767654418945,26.88120986274792
"A(p=17,f=0.40,h=128,lr=0.01,wd=1.0,max=40000)",11,39020,1.0,2.2183292003319366e-07,0.005747126436781609,5.424911975860596,26.882708691637003
"A(p=17,f=0.40,h=128,lr=0.01,wd=1.0,max=40000)",11,39040,1.0,2.1354010470986395e-07,0.005747126436781609,5.424452781677246,26.882977597788777
"A(p=17,f=0.40,h=128,lr=0.01,wd=1.0,max=40000)",11,39060,1.0,2.2908913877017767e-07,0.005747126436781609,5.422760963439941,26.880922206030046
"A(p=17,f=0.40,h=128,lr=0.01,wd=1.0,max=40000)",11,39080,1.0,2.2286953083039407e-07,0.005747126436781609,5.4228129386901855,26.880275149036123
"A(p=17,f=0.40,h=128,lr=0.01,wd=1.0,max=40000)",11,39100,1.0,2.2597933480028587e-07,0.005747126436781609,5.421905994415283,26.880789299875268
"A(p=17,f=0.40,h=128,lr=0.01,wd=1.0,max=40000)",11,39120,1.0,2.2286953083039407e-07,0.005747126436781609,5.42484712600708,26.882369241579912
"A(p=17,f=0.40,h=128,lr=0.01,wd=1.0,max=40000)",11,39140,1.0,2.2494272400308546e-07,0.005747126436781609,5.424015522003174,26.881308541973617
"A(p=17,f=0.40,h=128,lr=0.01,wd=1.0,max=40000)",11,39160,1.0,2.2908913877017767e-07,0.005747126436781609,5.423747539520264,26.881268198200686
"A(p=17,f=0.40,h=128,lr=0.01,wd=1.0,max=40000)",11,39180,1.0,2.1664990867975575e-07,0.005747126436781609,5.423509120941162,26.882231470614443
"A(p=17,f=0.40,h=128,lr=0.01,wd=1.0,max=40000)",11,39200,1.0,2.2390612741673976e-07,0.005747126436781609,5.423939228057861,26.88270888308881
"A(p=17,f=0.40,h=128,lr=0.01,wd=1.0,max=40000)",11,39220,1.0,2.2805254218383197e-07,0.005747126436781609,5.421411514282227,26.87967822325105
"A(p=17,f=0.40,h=128,lr=0.01,wd=1.0,max=40000)",11,39240,1.0,2.2079632344684796e-07,0.005747126436781609,5.422826290130615,26.88028385812828
"A(p=17,f=0.40,h=128,lr=0.01,wd=1.0,max=40000)",11,39260,1.0,2.2286953083039407e-07,0.005747126436781609,5.422782897949219,26.88064402450617
"A(p=17,f=0.40,h=128,lr=0.01,wd=1.0,max=40000)",11,39280,1.0,2.2805254218383197e-07,0.005747126436781609,5.42247200012207,26.88102845067021
"A(p=17,f=0.40,h=128,lr=0.01,wd=1.0,max=40000)",11,39300,1.0,2.2183292003319366e-07,0.005747126436781609,5.422986030578613,26.880381826063072
"A(p=17,f=0.40,h=128,lr=0.01,wd=1.0,max=40000)",11,39320,1.0,2.3219894274006947e-07,0.005747126436781609,5.422084808349609,26.87983838464464
"A(p=17,f=0.40,h=128,lr=0.01,wd=1.0,max=40000)",11,39340,1.0,2.2597933480028587e-07,0.005747126436781609,5.42352294921875,26.882070421654927
"A(p=17,f=0.40,h=128,lr=0.01,wd=1.0,max=40000)",11,39360,1.0,2.1768651947695616e-07,0.005747126436781609,5.423332214355469,26.88145261038874
"A(p=17,f=0.40,h=128,lr=0.01,wd=1.0,max=40000)",11,39380,1.0,2.3116234615372377e-07,0.005747126436781609,5.422609329223633,26.87951272091538
"A(p=17,f=0.40,h=128,lr=0.01,wd=1.0,max=40000)",11,39400,1.0,2.2494272400308546e-07,0.005747126436781609,5.422306537628174,26.880426162544104
"A(p=17,f=0.40,h=128,lr=0.01,wd=1.0,max=40000)",11,39420,1.0,2.2183292003319366e-07,0.005747126436781609,5.425992488861084,26.883999982475114
"A(p=17,f=0.40,h=128,lr=0.01,wd=1.0,max=40000)",11,39440,1.0,2.2286953083039407e-07,0.005747126436781609,5.421728134155273,26.878802257539565
"A(p=17,f=0.40,h=128,lr=0.01,wd=1.0,max=40000)",11,39460,1.0,2.1872311606330186e-07,0.005747126436781609,5.423707008361816,26.88136990252096
"A(p=17,f=0.40,h=128,lr=0.01,wd=1.0,max=40000)",11,39480,1.0,2.1872311606330186e-07,0.005747126436781609,5.425395965576172,26.883313237318657
"A(p=17,f=0.40,h=128,lr=0.01,wd=1.0,max=40000)",11,39500,1.0,2.2908913877017767e-07,0.005747126436781609,5.4237542152404785,26.880365437122876
"A(p=17,f=0.40,h=128,lr=0.01,wd=1.0,max=40000)",11,39520,1.0,2.2908913877017767e-07,0.005747126436781609,5.42416524887085,26.881050469053363
"A(p=17,f=0.40,h=128,lr=0.01,wd=1.0,max=40000)",11,39540,1.0,2.2286953083039407e-07,0.005747126436781609,5.425002098083496,26.881765062318927
"A(p=17,f=0.40,h=128,lr=0.01,wd=1.0,max=40000)",11,39560,1.0,2.2805254218383197e-07,0.005747126436781609,5.4228105545043945,26.87910436939404
"A(p=17,f=0.40,h=128,lr=0.01,wd=1.0,max=40000)",11,39580,1.0,2.3116234615372377e-07,0.005747126436781609,5.42363166809082,26.88067008704976
"A(p=17,f=0.40,h=128,lr=0.01,wd=1.0,max=40000)",11,39600,1.0,2.1768651947695616e-07,0.005747126436781609,5.4245285987854,26.881143168934493
"A(p=17,f=0.40,h=128,lr=0.01,wd=1.0,max=40000)",11,39620,1.0,2.2079632344684796e-07,0.005747126436781609,5.423609733581543,26.88143212185902
"A(p=17,f=0.40,h=128,lr=0.01,wd=1.0,max=40000)",11,39640,1.0,2.1561331209341006e-07,0.005747126436781609,5.423876762390137,26.88114454586486
"A(p=17,f=0.40,h=128,lr=0.01,wd=1.0,max=40000)",11,39660,1.0,2.1457670129620965e-07,0.005747126436781609,5.422667503356934,26.879391448869562
"A(p=17,f=0.40,h=128,lr=0.01,wd=1.0,max=40000)",11,39680,1.0,2.2908913877017767e-07,0.005747126436781609,5.422170162200928,26.880083579679038
"A(p=17,f=0.40,h=128,lr=0.01,wd=1.0,max=40000)",11,39700,1.0,2.2805254218383197e-07,0.005747126436781609,5.422654628753662,26.880852335013074
"A(p=17,f=0.40,h=128,lr=0.01,wd=1.0,max=40000)",11,39720,1.0,2.1975971264964755e-07,0.005747126436781609,5.422466278076172,26.880113880624506
"A(p=17,f=0.40,h=128,lr=0.01,wd=1.0,max=40000)",11,39740,1.0,2.2701593138663156e-07,0.005747126436781609,5.420419692993164,26.878993841073363
"A(p=17,f=0.40,h=128,lr=0.01,wd=1.0,max=40000)",11,39760,1.0,2.3116234615372377e-07,0.005747126436781609,5.4210429191589355,26.879381332076427
"A(p=17,f=0.40,h=128,lr=0.01,wd=1.0,max=40000)",11,39780,1.0,2.2183292003319366e-07,0.005747126436781609,5.421904563903809,26.880700646682207
"A(p=17,f=0.40,h=128,lr=0.01,wd=1.0,max=40000)",11,39800,1.0,2.2494272400308546e-07,0.005747126436781609,5.420153617858887,26.87880710149161
"A(p=17,f=0.40,h=128,lr=0.01,wd=1.0,max=40000)",11,39820,1.0,2.2494272400308546e-07,0.005747126436781609,5.422025680541992,26.881572478655393
"A(p=17,f=0.40,h=128,lr=0.01,wd=1.0,max=40000)",11,39840,1.0,2.3116234615372377e-07,0.005747126436781609,5.420881271362305,26.879581866294096
"A(p=17,f=0.40,h=128,lr=0.01,wd=1.0,max=40000)",11,39860,1.0,2.1872311606330186e-07,0.005747126436781609,5.421806335449219,26.879849784432384
"A(p=17,f=0.40,h=128,lr=0.01,wd=1.0,max=40000)",11,39880,1.0,2.2597933480028587e-07,0.005747126436781609,5.4191484451293945,26.878127893619837
"A(p=17,f=0.40,h=128,lr=0.01,wd=1.0,max=40000)",11,39900,1.0,2.1561331209341006e-07,0.005747126436781609,5.420808792114258,26.880449269447855
"A(p=17,f=0.40,h=128,lr=0.01,wd=1.0,max=40000)",11,39920,1.0,2.2079632344684796e-07,0.005747126436781609,5.4203972816467285,26.880716947348283
"A(p=17,f=0.40,h=128,lr=0.01,wd=1.0,max=40000)",11,39940,1.0,2.2286953083039407e-07,0.005747126436781609,5.418756008148193,26.878398302394977
"A(p=17,f=0.40,h=128,lr=0.01,wd=1.0,max=40000)",11,39960,1.0,2.3012574956737808e-07,0.005747126436781609,5.417018890380859,26.878059699983158
"A(p=17,f=0.40,h=128,lr=0.01,wd=1.0,max=40000)",11,39980,1.0,2.2597933480028587e-07,0.005747126436781609,5.4186506271362305,26.87948174549132
"A(p=17,f=0.40,h=128,lr=0.01,wd=1.0,max=40000)",11,40000,1.0,2.1664990867975575e-07,0.005747126436781609,5.419003009796143,26.879632523022078
