configuration,seed,step,train_accuracy,train_cross_entropy,test_accuracy,centered_logit_rms,total_parameter_norm
"A(p=17,f=0.40,h=128,lr=0.01,wd=1.0,max=40000)",22,0,0.06956521739130435,2.8315072059631348,0.06321839080459771,0.01858707144856453,9.534924576405057
"A(p=17,f=0.40,h=128,lr=0.01,wd=1.0,max=40000)",22,20,1.0,0.21158629655838013,0.0,2.835723876953125,22.871554594915157
"A(p=17,f=0.40,h=128,lr=0.01,wd=1.0,max=40000)",22,40,1.0,0.0024067035410553217,0.0,5.086094379425049,29.293428970011764
"A(p=17,f=0.40,h=128,lr=0.01,wd=1.0,max=40000)",22,60,1.0,0.010334632359445095,0.0,3.762726306915283,26.62137321890409
"A(p=17,f=0.40,h=128,lr=0.01,wd=1.0,max=40000)",22,80,1.0,0.01648523658514023,0.0,3.2016475200653076,25.147158447923832
"A(p=17,f=0.40,h=128,lr=0.01,wd=1.0,max=40000)",22,100,1.0,0.008722185157239437,0.0,3.2638583183288574,25.433939560316627
"A(p=17,f=0.40,h=128,lr=0.01,wd=1.0,max=40000)",22,120,1.0,0.00716694351285696,0.0,3.193761110305786,25.333114755089937
"A(p=17,f=0.40,h=128,lr=0.01,wd=1.0,max=40000)",22,140,1.0,0.00543994503095746,0.0,3.2046639919281006,25.42025164384126
"A(p=17,f=0.40,h=128,lr=0.01,wd=1.0,max=40000)",22,160,1.0,0.004185223951935768,0.0,3.233764886856079,25.545961832383068
"A(p=17,f=0.40,h=128,lr=0.01,wd=1.0,max=40000)",22,180,1.0,0.003291470231488347,0.0,3.2706565856933594,25.68811370900854
"A(p=17,f=0.40,h=128,lr=0.01,wd=1.0,max=40000)",22,200,1.0,0.002581273904070258,0.0,3.314723491668701,25.8540864249084
"A(p=17,f=0.40,h=128,lr=0.01,wd=1.0,max=40000)",22,220,1.0,0.0020483266562223434,0.0,3.3648924827575684,26.020220750180755
"A(p=17,f=0.40,h=128,lr=0.01,wd=1.0,max=40000)",22,240,1.0,0.0016327353660017252,0.0,3.418898820877075,26.191653097135667
"A(p=17,f=0.40,h=128,lr=0.01,wd=1.0,max=40000)",22,260,1.0,0.0013068215921521187,0.0,3.4742889404296875,26.361293842501556
"A(p=17,f=0.40,h=128,lr=0.01,wd=1.0,max=40000)",22,280,1.0,0.0010521116200834513,0.0,3.531398296356201,26.52796029261428
"A(p=17,f=0.40,h=128,lr=0.01,wd=1.0,max=40000)",22,300,1.0,0.0008488482562825084,0.0,3.5913479328155518,26.69217974381829
"A(p=17,f=0.40,h=128,lr=0.01,wd=1.0,max=40000)",22,320,1.0,0.0006870187353342772,0.0,3.652493715286255,26.85324824468186
"A(p=17,f=0.40,h=128,lr=0.01,wd=1.0,max=40000)",22,340,1.0,0.0005586559418588877,0.0,3.711934804916382,27.011327230332377
"A(p=17,f=0.40,h=128,lr=0.01,wd=1.0,max=40000)",22,360,1.0,0.00045467098243534565,0.0,3.772538900375366,27.170592691538005
"A(p=17,f=0.40,h=128,lr=0.01,wd=1.0,max=40000)",22,380,1.0,0.00037030852399766445,0.0,3.8361072540283203,27.327206974020882
"A(p=17,f=0.40,h=128,lr=0.01,wd=1.0,max=40000)",22,400,1.0,0.00030242191860452294,0.0,3.8964712619781494,27.47856389307028
"A(p=17,f=0.40,h=128,lr=0.01,wd=1.0,max=40000)",22,420,1.0,0.000247359013883397,0.0,3.9543840885162354,27.627186077209686
"A(p=17,f=0.40,h=128,lr=0.01,wd=1.0,max=40000)",22,440,1.0,0.00020198323181830347,0.0,4.01084566116333,27.775181429113395
"A(p=17,f=0.40,h=128,lr=0.01,wd=1.0,max=40000)",22,460,1.0,0.00016587502614129335,0.0,4.064190864562988,27.91815987917959
"A(p=17,f=0.40,h=128,lr=0.01,wd=1.0,max=40000)",22,480,1.0,0.00013590748130809516,0.0,4.117549419403076,28.06377370776723
"A(p=17,f=0.40,h=128,lr=0.01,wd=1.0,max=40000)",22,500,1.0,0.00011146965698571876,0.0,4.171536445617676,28.207619705119335
"A(p=17,f=0.40,h=128,lr=0.01,wd=1.0,max=40000)",22,520,1.0,9.15752534638159e-05,0.0,4.226067543029785,28.34994056816213
"A(p=17,f=0.40,h=128,lr=0.01,wd=1.0,max=40000)",22,540,1.0,7.519941573264077e-05,0.0,4.2822957038879395,28.491136839841715
"A(p=17,f=0.40,h=128,lr=0.01,wd=1.0,max=40000)",22,560,1.0,6.180644413689151e-05,0.0,4.336580276489258,28.629518330659785
"A(p=17,f=0.40,h=128,lr=0.01,wd=1.0,max=40000)",22,580,1.0,5.080253322375938e-05,0.0,4.391958236694336,28.76731606498096
"A(p=17,f=0.40,h=128,lr=0.01,wd=1.0,max=40000)",22,600,1.0,4.180318137514405e-05,0.0,4.449346542358398,28.903301526141103
"A(p=17,f=0.40,h=128,lr=0.01,wd=1.0,max=40000)",22,620,1.0,3.440213549765758e-05,0.0,4.506974220275879,29.037867228197577
"A(p=17,f=0.40,h=128,lr=0.01,wd=1.0,max=40000)",22,640,1.0,2.8333031877991743e-05,0.0,4.565225124359131,29.168668493239608
"A(p=17,f=0.40,h=128,lr=0.01,wd=1.0,max=40000)",22,660,1.0,2.3327414965024218e-05,0.0,4.623799800872803,29.295477144505252
"A(p=17,f=0.40,h=128,lr=0.01,wd=1.0,max=40000)",22,680,1.0,1.9243292626924813e-05,0.0,4.682825565338135,29.419412286373
"A(p=17,f=0.40,h=128,lr=0.01,wd=1.0,max=40000)",22,700,1.0,1.5868177797528915e-05,0.0,4.743344306945801,29.542108963401496
"A(p=17,f=0.40,h=128,lr=0.01,wd=1.0,max=40000)",22,720,1.0,1.3116040463501122e-05,0.0,4.805296897888184,29.659597391311227
"A(p=17,f=0.40,h=128,lr=0.01,wd=1.0,max=40000)",22,740,1.0,1.0830362043634523e-05,0.0,4.866353988647461,29.7718437124641
"A(p=17,f=0.40,h=128,lr=0.01,wd=1.0,max=40000)",22,760,1.0,8.945838089857716e-06,0.0,4.926033020019531,29.876072945180876
"A(p=17,f=0.40,h=128,lr=0.01,wd=1.0,max=40000)",22,780,1.0,7.406496024486842e-06,0.0,4.987062454223633,29.970814752960585
"A(p=17,f=0.40,h=128,lr=0.01,wd=1.0,max=40000)",22,800,1.0,6.155325991130667e-06,0.0,5.047416687011719,30.054979489132865
"A(p=17,f=0.40,h=128,lr=0.01,wd=1.0,max=40000)",22,820,1.0,5.105253876536153e-06,0.0,5.106791019439697,30.128017966054927
"A(p=17,f=0.40,h=128,lr=0.01,wd=1.0,max=40000)",22,840,1.0,4.237621396896429e-06,0.0,5.1673502922058105,30.18924572454168
"A(p=17,f=0.40,h=128,lr=0.01,wd=1.0,max=40000)",22,860,1.0,3.546210564309149e-06,0.0,5.223580837249756,30.23327144135476
"A(p=17,f=0.40,h=128,lr=0.01,wd=1.0,max=40000)",22,880,1.0,2.9574223390227417e-06,0.0,5.278181076049805,30.260539011146086
"A(p=17,f=0.40,h=128,lr=0.01,wd=1.0,max=40000)",22,900,1.0,2.4774767553026322e-06,0.0,5.336179256439209,30.275526549801302
"A(p=17,f=0.40,h=128,lr=0.01,wd=1.0,max=40000)",22,920,1.0,2.088751671180944e-06,0.0,5.390768051147461,30.266308785653052
"A(p=17,f=0.40,h=128,lr=0.01,wd=1.0,max=40000)",22,940,1.0,1.7663689959590556e-06,0.0,5.440688610076904,30.24004182032654
"A(p=17,f=0.40,h=128,lr=0.01,wd=1.0,max=40000)",22,960,1.0,1.500999360359856e-06,0.0,5.484470844268799,30.188402262644964
"A(p=17,f=0.40,h=128,lr=0.01,wd=1.0,max=40000)",22,980,1.0,1.2822764574593748e-06,0.0,5.527527809143066,30.11827920431505
"A(p=17,f=0.40,h=128,lr=0.01,wd=1.0,max=40000)",22,1000,1.0,1.0832491170731373e-06,0.0,5.578751087188721,30.034295015295474
"A(p=17,f=0.40,h=128,lr=0.01,wd=1.0,max=40000)",22,1020,1.0,9.27758833313419e-07,0.0,5.622575759887695,29.921356024864505
"A(p=17,f=0.40,h=128,lr=0.01,wd=1.0,max=40000)",22,1040,1.0,7.981836915860185e-07,0.0,5.668689250946045,29.797950116203396
"A(p=17,f=0.40,h=128,lr=0.01,wd=1.0,max=40000)",22,1060,1.0,6.748281293766922e-07,0.0,5.7268147468566895,29.665471942280895
"A(p=17,f=0.40,h=128,lr=0.01,wd=1.0,max=40000)",22,1080,1.0,6.126320499788562e-07,0.0,5.752481937408447,29.49327983937282
"A(p=17,f=0.40,h=128,lr=0.01,wd=1.0,max=40000)",22,1100,1.0,5.483626637214911e-07,0.0,5.767848968505859,29.320422779344813
"A(p=17,f=0.40,h=128,lr=0.01,wd=1.0,max=40000)",22,1120,1.0,5.110449592393707e-07,0.0,5.768799781799316,29.13182764063144
"A(p=17,f=0.40,h=128,lr=0.01,wd=1.0,max=40000)",22,1140,1.0,4.6647110707453976e-07,0.0,5.771198749542236,28.948603178972906
"A(p=17,f=0.40,h=128,lr=0.01,wd=1.0,max=40000)",22,1160,1.0,4.3537303895391233e-07,0.0,5.769466876983643,28.765913777908406
"A(p=17,f=0.40,h=128,lr=0.01,wd=1.0,max=40000)",22,1180,1.0,3.9390891970469966e-07,0.0,5.772871494293213,28.59381262225685
"A(p=17,f=0.40,h=128,lr=0.01,wd=1.0,max=40000)",22,1200,1.0,3.8146970382513246e-07,0.0,5.771591663360596,28.419998275659932
"A(p=17,f=0.40,h=128,lr=0.01,wd=1.0,max=40000)",22,1220,1.0,3.431154027566663e-07,0.0,5.773634910583496,28.2732761880929
"A(p=17,f=0.40,h=128,lr=0.01,wd=1.0,max=40000)",22,1240,1.0,3.2445655051560607e-07,0.0,5.779776573181152,28.13401331965949
"A(p=17,f=0.40,h=128,lr=0.01,wd=1.0,max=40000)",22,1260,1.0,3.0994411304163805e-07,0.0,5.792610168457031,28.010770345182518
"A(p=17,f=0.40,h=128,lr=0.01,wd=1.0,max=40000)",22,1280,1.0,2.9543167556767003e-07,0.0,5.804470539093018,27.899642527762307
"A(p=17,f=0.40,h=128,lr=0.01,wd=1.0,max=40000)",22,1300,1.0,2.850656528607942e-07,0.0,5.808969020843506,27.79785226057373
"A(p=17,f=0.40,h=128,lr=0.01,wd=1.0,max=40000)",22,1320,1.0,2.64333635868752e-07,0.0,5.817760944366455,27.7146946460084
"A(p=17,f=0.40,h=128,lr=0.01,wd=1.0,max=40000)",22,1340,1.0,2.612238176880055e-07,0.0,5.8209686279296875,27.640834068227388
"A(p=17,f=0.40,h=128,lr=0.01,wd=1.0,max=40000)",22,1360,1.0,2.58113999507259e-07,0.0,5.824188709259033,27.57793101463942
"A(p=17,f=0.40,h=128,lr=0.01,wd=1.0,max=40000)",22,1380,1.0,2.518943915674754e-07,0.0,5.820291042327881,27.517219517549876
"A(p=17,f=0.40,h=128,lr=0.01,wd=1.0,max=40000)",22,1400,1.0,2.477479768003832e-07,0.0,5.818892002105713,27.470917924031532
"A(p=17,f=0.40,h=128,lr=0.01,wd=1.0,max=40000)",22,1420,1.0,2.456747836276918e-07,0.0,5.8150763511657715,27.427999577780586
"A(p=17,f=0.40,h=128,lr=0.01,wd=1.0,max=40000)",22,1440,1.0,2.415283688605996e-07,0.0,5.809970378875732,27.39171320515402
"A(p=17,f=0.40,h=128,lr=0.01,wd=1.0,max=40000)",22,1460,1.0,2.49821198394784e-07,0.0,5.802179336547852,27.3570113833005
"A(p=17,f=0.40,h=128,lr=0.01,wd=1.0,max=40000)",22,1480,1.0,2.456747836276918e-07,0.0,5.796474456787109,27.328977140736235
"A(p=17,f=0.40,h=128,lr=0.01,wd=1.0,max=40000)",22,1500,1.0,2.49821198394784e-07,0.0,5.789192199707031,27.30416016337747
"A(p=17,f=0.40,h=128,lr=0.01,wd=1.0,max=40000)",22,1520,1.0,2.425649654469453e-07,0.0,5.7834601402282715,27.28362193514077
"A(p=17,f=0.40,h=128,lr=0.01,wd=1.0,max=40000)",22,1540,1.0,2.3427215012361557e-07,0.0,5.775918960571289,27.264315947426752
"A(p=17,f=0.40,h=128,lr=0.01,wd=1.0,max=40000)",22,1560,1.0,2.43601562033291e-07,0.0,5.765522480010986,27.241539475573767
"A(p=17,f=0.40,h=128,lr=0.01,wd=1.0,max=40000)",22,1580,1.0,2.43601562033291e-07,0.0,5.7606329917907715,27.226176848029432
"A(p=17,f=0.40,h=128,lr=0.01,wd=1.0,max=40000)",22,1600,1.0,2.456747836276918e-07,0.0,5.754376411437988,27.208762929453957
"A(p=17,f=0.40,h=128,lr=0.01,wd=1.0,max=40000)",22,1620,1.0,2.3116234615372377e-07,0.0,5.75353479385376,27.199454162254813
"A(p=17,f=0.40,h=128,lr=0.01,wd=1.0,max=40000)",22,1640,1.0,2.415283688605996e-07,0.0,5.748878479003906,27.186504105414805
"A(p=17,f=0.40,h=128,lr=0.01,wd=1.0,max=40000)",22,1660,1.0,2.3634535750716168e-07,0.0,5.745357513427734,27.171948786838072
"A(p=17,f=0.40,h=128,lr=0.01,wd=1.0,max=40000)",22,1680,1.0,2.2701593138663156e-07,0.0,5.7474822998046875,27.167022446621132
"A(p=17,f=0.40,h=128,lr=0.01,wd=1.0,max=40000)",22,1700,1.0,2.3323555353726988e-07,0.0,5.742315769195557,27.153744605515357
"A(p=17,f=0.40,h=128,lr=0.01,wd=1.0,max=40000)",22,1720,1.0,2.3738195409350737e-07,0.0,5.741206645965576,27.144659374637563
"A(p=17,f=0.40,h=128,lr=0.01,wd=1.0,max=40000)",22,1740,1.0,2.2701593138663156e-07,0.0,5.742673873901367,27.138720792804445
"A(p=17,f=0.40,h=128,lr=0.01,wd=1.0,max=40000)",22,1760,1.0,2.3323555353726988e-07,0.0,5.741146564483643,27.12956504195028
"A(p=17,f=0.40,h=128,lr=0.01,wd=1.0,max=40000)",22,1780,1.0,2.446381870413461e-07,0.0,5.740025520324707,27.121230433792103
"A(p=17,f=0.40,h=128,lr=0.01,wd=1.0,max=40000)",22,1800,1.0,2.3738195409350737e-07,0.0,5.737791061401367,27.11488455403259
"A(p=17,f=0.40,h=128,lr=0.01,wd=1.0,max=40000)",22,1820,1.0,2.415283688605996e-07,0.0,5.737400531768799,27.10739926368853
"A(p=17,f=0.40,h=128,lr=0.01,wd=1.0,max=40000)",22,1840,1.0,2.2701593138663156e-07,0.0,5.737744331359863,27.100262517065367
"A(p=17,f=0.40,h=128,lr=0.01,wd=1.0,max=40000)",22,1860,1.0,2.3219894274006947e-07,0.0,5.736304759979248,27.094653394310306
"A(p=17,f=0.40,h=128,lr=0.01,wd=1.0,max=40000)",22,1880,1.0,2.2494272400308546e-07,0.0,5.738210201263428,27.088858699472883
"A(p=17,f=0.40,h=128,lr=0.01,wd=1.0,max=40000)",22,1900,1.0,2.3219894274006947e-07,0.0,5.734926700592041,27.081591619970585
"A(p=17,f=0.40,h=128,lr=0.01,wd=1.0,max=40000)",22,1920,1.0,2.3634535750716168e-07,0.0,5.734646797180176,27.075664378770828
"A(p=17,f=0.40,h=128,lr=0.01,wd=1.0,max=40000)",22,1940,1.0,2.2908913877017767e-07,0.0,5.736095428466797,27.072540470339625
"A(p=17,f=0.40,h=128,lr=0.01,wd=1.0,max=40000)",22,1960,1.0,2.3219894274006947e-07,0.0,5.733455181121826,27.064511757608457
"A(p=17,f=0.40,h=128,lr=0.01,wd=1.0,max=40000)",22,1980,1.0,2.43601562033291e-07,0.0,5.731740474700928,27.058716860987946
"A(p=17,f=0.40,h=128,lr=0.01,wd=1.0,max=40000)",22,2000,1.0,2.3427215012361557e-07,0.0,5.730247974395752,27.053253614683037
"A(p=17,f=0.40,h=128,lr=0.01,wd=1.0,max=40000)",22,2020,1.0,2.3738195409350737e-07,0.0,5.7290849685668945,27.04757493154343
"A(p=17,f=0.40,h=128,lr=0.01,wd=1.0,max=40000)",22,2040,1.0,2.3012574956737808e-07,0.0,5.727056503295898,27.04092938318129
"A(p=17,f=0.40,h=128,lr=0.01,wd=1.0,max=40000)",22,2060,1.0,2.3116234615372377e-07,0.0,5.726074695587158,27.034646706468322
"A(p=17,f=0.40,h=128,lr=0.01,wd=1.0,max=40000)",22,2080,1.0,2.3219894274006947e-07,0.0,5.72460412979126,27.029937272428324
"A(p=17,f=0.40,h=128,lr=0.01,wd=1.0,max=40000)",22,2100,1.0,2.2597933480028587e-07,0.0,5.72480583190918,27.02510588647091
"A(p=17,f=0.40,h=128,lr=0.01,wd=1.0,max=40000)",22,2120,1.0,2.2805254218383197e-07,0.0,5.724809646606445,27.02080639091605
"A(p=17,f=0.40,h=128,lr=0.01,wd=1.0,max=40000)",22,2140,1.0,2.2701593138663156e-07,0.0,5.72216796875,27.01442399216527
"A(p=17,f=0.40,h=128,lr=0.01,wd=1.0,max=40000)",22,2160,1.0,2.3012574956737808e-07,0.0,5.719691276550293,27.007818583249886
"A(p=17,f=0.40,h=128,lr=0.01,wd=1.0,max=40000)",22,2180,1.0,2.2805254218383197e-07,0.0,5.717794895172119,27.003429640788475
"A(p=17,f=0.40,h=128,lr=0.01,wd=1.0,max=40000)",22,2200,1.0,2.404917722742539e-07,0.0,5.713991165161133,26.99669156292503
"A(p=17,f=0.40,h=128,lr=0.01,wd=1.0,max=40000)",22,2220,1.0,2.2908913877017767e-07,0.0,5.715084075927734,26.99437029286925
"A(p=17,f=0.40,h=128,lr=0.01,wd=1.0,max=40000)",22,2240,1.0,2.43601562033291e-07,0.0,5.711634635925293,26.988212628223447
"A(p=17,f=0.40,h=128,lr=0.01,wd=1.0,max=40000)",22,2260,1.0,2.2597933480028587e-07,0.0,5.710074424743652,26.984985231472866
"A(p=17,f=0.40,h=128,lr=0.01,wd=1.0,max=40000)",22,2280,1.0,2.2494272400308546e-07,0.0,5.710324764251709,26.982322616837436
"A(p=17,f=0.40,h=128,lr=0.01,wd=1.0,max=40000)",22,2300,1.0,2.3634535750716168e-07,0.0,5.707484245300293,26.97654549806976
"A(p=17,f=0.40,h=128,lr=0.01,wd=1.0,max=40000)",22,2320,1.0,2.2494272400308546e-07,0.0,5.70983362197876,26.97475899476625
"A(p=17,f=0.40,h=128,lr=0.01,wd=1.0,max=40000)",22,2340,1.0,2.2183292003319366e-07,0.0,5.708990097045898,26.970328271480597
"A(p=17,f=0.40,h=128,lr=0.01,wd=1.0,max=40000)",22,2360,1.0,2.404917722742539e-07,0.0,5.705527305603027,26.96323716867274
"A(p=17,f=0.40,h=128,lr=0.01,wd=1.0,max=40000)",22,2380,1.0,2.2183292003319366e-07,0.0,5.7058892250061035,26.961146509139958
"A(p=17,f=0.40,h=128,lr=0.01,wd=1.0,max=40000)",22,2400,1.0,2.3219894274006947e-07,0.0,5.706449508666992,26.95692785642412
"A(p=17,f=0.40,h=128,lr=0.01,wd=1.0,max=40000)",22,2420,1.0,2.2494272400308546e-07,0.0,5.706258296966553,26.95234655290374
"A(p=17,f=0.40,h=128,lr=0.01,wd=1.0,max=40000)",22,2440,1.0,2.2390612741673976e-07,0.0,5.705360412597656,26.950831110046813
"A(p=17,f=0.40,h=128,lr=0.01,wd=1.0,max=40000)",22,2460,1.0,2.3116234615372377e-07,0.0,5.702921390533447,26.945889827751884
"A(p=17,f=0.40,h=128,lr=0.01,wd=1.0,max=40000)",22,2480,1.0,2.3634535750716168e-07,0.0,5.702287673950195,26.94246830942605
"A(p=17,f=0.40,h=128,lr=0.01,wd=1.0,max=40000)",22,2500,1.0,2.2183292003319366e-07,0.0,5.703004837036133,26.940356168937637
"A(p=17,f=0.40,h=128,lr=0.01,wd=1.0,max=40000)",22,2520,1.0,2.3738195409350737e-07,0.0,5.702043533325195,26.93478064424601
"A(p=17,f=0.40,h=128,lr=0.01,wd=1.0,max=40000)",22,2540,1.0,2.2183292003319366e-07,0.0,5.700306415557861,26.930726288358922
"A(p=17,f=0.40,h=128,lr=0.01,wd=1.0,max=40000)",22,2560,1.0,2.2286953083039407e-07,0.0,5.699591159820557,26.92605704609569
"A(p=17,f=0.40,h=128,lr=0.01,wd=1.0,max=40000)",22,2580,1.0,2.394551756879082e-07,0.0,5.697006702423096,26.919870359401365
"A(p=17,f=0.40,h=128,lr=0.01,wd=1.0,max=40000)",22,2600,1.0,2.2390612741673976e-07,0.0,5.698286056518555,26.918513804546507
"A(p=17,f=0.40,h=128,lr=0.01,wd=1.0,max=40000)",22,2620,1.0,2.2183292003319366e-07,0.0,5.699056148529053,26.91572469385969
"A(p=17,f=0.40,h=128,lr=0.01,wd=1.0,max=40000)",22,2640,1.0,2.3219894274006947e-07,0.0,5.698736667633057,26.912954546690255
"A(p=17,f=0.40,h=128,lr=0.01,wd=1.0,max=40000)",22,2660,1.0,2.2597933480028587e-07,0.0,5.6984710693359375,26.909110698635608
"A(p=17,f=0.40,h=128,lr=0.01,wd=1.0,max=40000)",22,2680,1.0,2.2494272400308546e-07,0.0,5.695566654205322,26.904223787488746
"A(p=17,f=0.40,h=128,lr=0.01,wd=1.0,max=40000)",22,2700,1.0,2.1975971264964755e-07,0.0,5.697027683258057,26.903597033989765
"A(p=17,f=0.40,h=128,lr=0.01,wd=1.0,max=40000)",22,2720,1.0,2.3323555353726988e-07,0.0,5.6945061683654785,26.897535329388557
"A(p=17,f=0.40,h=128,lr=0.01,wd=1.0,max=40000)",22,2740,1.0,2.2286953083039407e-07,0.0,5.694750785827637,26.8960509763398
"A(p=17,f=0.40,h=128,lr=0.01,wd=1.0,max=40000)",22,2760,1.0,2.2494272400308546e-07,0.0,5.694240093231201,26.893162444108484
"A(p=17,f=0.40,h=128,lr=0.01,wd=1.0,max=40000)",22,2780,1.0,2.2390612741673976e-07,0.0,5.694399833679199,26.891316157355956
"A(p=17,f=0.40,h=128,lr=0.01,wd=1.0,max=40000)",22,2800,1.0,2.3530876092081598e-07,0.0,5.693492889404297,26.888292922462533
"A(p=17,f=0.40,h=128,lr=0.01,wd=1.0,max=40000)",22,2820,1.0,2.2390612741673976e-07,0.0,5.691380977630615,26.885704846842803
"A(p=17,f=0.40,h=128,lr=0.01,wd=1.0,max=40000)",22,2840,1.0,2.2805254218383197e-07,0.0,5.689882755279541,26.882586421189863
"A(p=17,f=0.40,h=128,lr=0.01,wd=1.0,max=40000)",22,2860,1.0,2.3012574956737808e-07,0.0,5.6914215087890625,26.88351133952146
"A(p=17,f=0.40,h=128,lr=0.01,wd=1.0,max=40000)",22,2880,1.0,2.2805254218383197e-07,0.0,5.687341213226318,26.87700185789078
"A(p=17,f=0.40,h=128,lr=0.01,wd=1.0,max=40000)",22,2900,1.0,2.3012574956737808e-07,0.0,5.688406944274902,26.876857594171383
"A(p=17,f=0.40,h=128,lr=0.01,wd=1.0,max=40000)",22,2920,1.0,2.1975971264964755e-07,0.0,5.689129829406738,26.876645321712274
"A(p=17,f=0.40,h=128,lr=0.01,wd=1.0,max=40000)",22,2940,1.0,2.2701593138663156e-07,0.0,5.685911655426025,26.871241642888403
"A(p=17,f=0.40,h=128,lr=0.01,wd=1.0,max=40000)",22,2960,1.0,2.2597933480028587e-07,0.0,5.685203552246094,26.868934067714257
"A(p=17,f=0.40,h=128,lr=0.01,wd=1.0,max=40000)",22,2980,1.0,2.2183292003319366e-07,0.0,5.685561656951904,26.867861409654058
"A(p=17,f=0.40,h=128,lr=0.01,wd=1.0,max=40000)",22,3000,1.0,2.2494272400308546e-07,0.0,5.682379722595215,26.861319401642085
"A(p=17,f=0.40,h=128,lr=0.01,wd=1.0,max=40000)",22,3020,1.0,2.2908913877017767e-07,0.0,5.684607982635498,26.862875053275452
"A(p=17,f=0.40,h=128,lr=0.01,wd=1.0,max=40000)",22,3040,1.0,2.2908913877017767e-07,0.0,5.68186616897583,26.858442880574298
"A(p=17,f=0.40,h=128,lr=0.01,wd=1.0,max=40000)",22,3060,1.0,2.2805254218383197e-07,0.0,5.68056583404541,26.855353440794445
"A(p=17,f=0.40,h=128,lr=0.01,wd=1.0,max=40000)",22,3080,1.0,2.3738195409350737e-07,0.0,5.67720365524292,26.850925442686897
"A(p=17,f=0.40,h=128,lr=0.01,wd=1.0,max=40000)",22,3100,1.0,2.1768651947695616e-07,0.0,5.679690361022949,26.85077268224303
"A(p=17,f=0.40,h=128,lr=0.01,wd=1.0,max=40000)",22,3120,1.0,2.1561331209341006e-07,0.0,5.679005146026611,26.849168612165116
"A(p=17,f=0.40,h=128,lr=0.01,wd=1.0,max=40000)",22,3140,1.0,2.2390612741673976e-07,0.0,5.676835536956787,26.84544529354274
"A(p=17,f=0.40,h=128,lr=0.01,wd=1.0,max=40000)",22,3160,1.0,2.2805254218383197e-07,0.0,5.676919460296631,26.842652572268182
"A(p=17,f=0.40,h=128,lr=0.01,wd=1.0,max=40000)",22,3180,1.0,2.1664990867975575e-07,0.0,5.676932334899902,26.841955005319722
"A(p=17,f=0.40,h=128,lr=0.01,wd=1.0,max=40000)",22,3200,1.0,2.2494272400308546e-07,0.0,5.675332546234131,26.837628421326688
"A(p=17,f=0.40,h=128,lr=0.01,wd=1.0,max=40000)",22,3220,1.0,2.3012574956737808e-07,0.0,5.67466926574707,26.83409920773083
"A(p=17,f=0.40,h=128,lr=0.01,wd=1.0,max=40000)",22,3240,1.0,2.2494272400308546e-07,0.0,5.675028324127197,26.83349315220282
"A(p=17,f=0.40,h=128,lr=0.01,wd=1.0,max=40000)",22,3260,1.0,2.2908913877017767e-07,0.0,5.6748552322387695,26.829876458755365
"A(p=17,f=0.40,h=128,lr=0.01,wd=1.0,max=40000)",22,3280,1.0,2.2597933480028587e-07,0.0,5.674343585968018,26.828164366132746
"A(p=17,f=0.40,h=128,lr=0.01,wd=1.0,max=40000)",22,3300,1.0,2.1768651947695616e-07,0.0,5.678215026855469,26.830696715079355
"A(p=17,f=0.40,h=128,lr=0.01,wd=1.0,max=40000)",22,3320,1.0,2.2079632344684796e-07,0.0,5.675436973571777,26.825915448508038
"A(p=17,f=0.40,h=128,lr=0.01,wd=1.0,max=40000)",22,3340,1.0,2.2390612741673976e-07,0.0,5.675740718841553,26.825744036623945
"A(p=17,f=0.40,h=128,lr=0.01,wd=1.0,max=40000)",22,3360,1.0,2.2390612741673976e-07,0.0,5.673697471618652,26.82215837912243
"A(p=17,f=0.40,h=128,lr=0.01,wd=1.0,max=40000)",22,3380,1.0,2.2597933480028587e-07,0.0,5.67429256439209,26.822197885118534
"A(p=17,f=0.40,h=128,lr=0.01,wd=1.0,max=40000)",22,3400,1.0,2.2183292003319366e-07,0.0,5.672850608825684,26.818983029507084
"A(p=17,f=0.40,h=128,lr=0.01,wd=1.0,max=40000)",22,3420,1.0,2.2805254218383197e-07,0.0,5.673808574676514,26.81832300079877
"A(p=17,f=0.40,h=128,lr=0.01,wd=1.0,max=40000)",22,3440,1.0,2.2701593138663156e-07,0.0,5.67362117767334,26.815939500062292
"A(p=17,f=0.40,h=128,lr=0.01,wd=1.0,max=40000)",22,3460,1.0,2.1561331209341006e-07,0.0,5.674731731414795,26.817541000339954
"A(p=17,f=0.40,h=128,lr=0.01,wd=1.0,max=40000)",22,3480,1.0,2.1457670129620965e-07,0.0,5.674296855926514,26.816366588281408
"A(p=17,f=0.40,h=128,lr=0.01,wd=1.0,max=40000)",22,3500,1.0,2.1872311606330186e-07,0.0,5.6732306480407715,26.813808228543724
"A(p=17,f=0.40,h=128,lr=0.01,wd=1.0,max=40000)",22,3520,1.0,2.2805254218383197e-07,0.0,5.671748638153076,26.81022394243323
"A(p=17,f=0.40,h=128,lr=0.01,wd=1.0,max=40000)",22,3540,1.0,2.2079632344684796e-07,0.0,5.6702094078063965,26.808748036212982
"A(p=17,f=0.40,h=128,lr=0.01,wd=1.0,max=40000)",22,3560,1.0,2.2390612741673976e-07,0.0,5.667205333709717,26.80474119934699
"A(p=17,f=0.40,h=128,lr=0.01,wd=1.0,max=40000)",22,3580,1.0,2.1872311606330186e-07,0.0,5.6683669090271,26.806845119448173
"A(p=17,f=0.40,h=128,lr=0.01,wd=1.0,max=40000)",22,3600,1.0,2.1975971264964755e-07,0.0,5.665862560272217,26.802826018496205
"A(p=17,f=0.40,h=128,lr=0.01,wd=1.0,max=40000)",22,3620,1.0,2.2079632344684796e-07,0.0,5.6663289070129395,26.803499540389343
"A(p=17,f=0.40,h=128,lr=0.01,wd=1.0,max=40000)",22,3640,1.0,2.3219894274006947e-07,0.0,5.663450717926025,26.80009255642534
"A(p=17,f=0.40,h=128,lr=0.01,wd=1.0,max=40000)",22,3660,1.0,2.2597933480028587e-07,0.0,5.663243293762207,26.800314713261702
"A(p=17,f=0.40,h=128,lr=0.01,wd=1.0,max=40000)",22,3680,1.0,2.2183292003319366e-07,0.0,5.664870738983154,26.80214763041263
"A(p=17,f=0.40,h=128,lr=0.01,wd=1.0,max=40000)",22,3700,1.0,2.3116234615372377e-07,0.0,5.663736343383789,26.797846528374684
"A(p=17,f=0.40,h=128,lr=0.01,wd=1.0,max=40000)",22,3720,1.0,2.2701593138663156e-07,0.0,5.664396286010742,26.797674841912254
"A(p=17,f=0.40,h=128,lr=0.01,wd=1.0,max=40000)",22,3740,1.0,2.2494272400308546e-07,0.0,5.6642680168151855,26.795246993803687
"A(p=17,f=0.40,h=128,lr=0.01,wd=1.0,max=40000)",22,3760,1.0,2.2597933480028587e-07,0.0,5.663331985473633,26.79477091000987
"A(p=17,f=0.40,h=128,lr=0.01,wd=1.0,max=40000)",22,3780,1.0,2.2494272400308546e-07,0.0,5.663195610046387,26.793183639868783
"A(p=17,f=0.40,h=128,lr=0.01,wd=1.0,max=40000)",22,3800,1.0,2.3116234615372377e-07,0.0,5.660422325134277,26.789756672340243
"A(p=17,f=0.40,h=128,lr=0.01,wd=1.0,max=40000)",22,3820,1.0,2.1975971264964755e-07,0.0,5.661872386932373,26.79090726128018
"A(p=17,f=0.40,h=128,lr=0.01,wd=1.0,max=40000)",22,3840,1.0,2.2494272400308546e-07,0.0,5.65936279296875,26.787931864795116
"A(p=17,f=0.40,h=128,lr=0.01,wd=1.0,max=40000)",22,3860,1.0,2.2701593138663156e-07,0.0,5.656398773193359,26.783769117553945
"A(p=17,f=0.40,h=128,lr=0.01,wd=1.0,max=40000)",22,3880,1.0,2.1457670129620965e-07,0.0,5.659721851348877,26.78635844092658
"A(p=17,f=0.40,h=128,lr=0.01,wd=1.0,max=40000)",22,3900,1.0,2.1146689732631785e-07,0.0,5.661616802215576,26.786731291551483
"A(p=17,f=0.40,h=128,lr=0.01,wd=1.0,max=40000)",22,3920,1.0,2.1664990867975575e-07,0.0,5.660156726837158,26.782706965505465
"A(p=17,f=0.40,h=128,lr=0.01,wd=1.0,max=40000)",22,3940,1.0,2.2079632344684796e-07,0.0,5.657612323760986,26.778814754234137
"A(p=17,f=0.40,h=128,lr=0.01,wd=1.0,max=40000)",22,3960,1.0,2.2390612741673976e-07,0.0,5.657197952270508,26.77828095097993
"A(p=17,f=0.40,h=128,lr=0.01,wd=1.0,max=40000)",22,3980,1.0,2.1975971264964755e-07,0.0,5.657083511352539,26.776957827947065
"A(p=17,f=0.40,h=128,lr=0.01,wd=1.0,max=40000)",22,4000,1.0,2.2701593138663156e-07,0.0,5.656286239624023,26.77360566487403
"A(p=17,f=0.40,h=128,lr=0.01,wd=1.0,max=40000)",22,4020,1.0,2.1768651947695616e-07,0.0,5.657313823699951,26.77464837295852
"A(p=17,f=0.40,h=128,lr=0.01,wd=1.0,max=40000)",22,4040,1.0,2.1768651947695616e-07,0.0,5.657566547393799,26.774489351954468
"A(p=17,f=0.40,h=128,lr=0.01,wd=1.0,max=40000)",22,4060,1.0,2.2286953083039407e-07,0.0,5.656497955322266,26.771739894124437
"A(p=17,f=0.40,h=128,lr=0.01,wd=1.0,max=40000)",22,4080,1.0,2.0939368994277174e-07,0.0,5.65754508972168,26.77188088000049
"A(p=17,f=0.40,h=128,lr=0.01,wd=1.0,max=40000)",22,4100,1.0,2.1664990867975575e-07,0.0,5.657384395599365,26.771354686915902
"A(p=17,f=0.40,h=128,lr=0.01,wd=1.0,max=40000)",22,4120,1.0,2.1975971264964755e-07,0.0,5.656142711639404,26.768349836250245
"A(p=17,f=0.40,h=128,lr=0.01,wd=1.0,max=40000)",22,4140,1.0,2.2805254218383197e-07,0.0,5.654327869415283,26.765649879790292
"A(p=17,f=0.40,h=128,lr=0.01,wd=1.0,max=40000)",22,4160,1.0,2.1354010470986395e-07,0.0,5.653812408447266,26.765557346291406
"A(p=17,f=0.40,h=128,lr=0.01,wd=1.0,max=40000)",22,4180,1.0,2.3323555353726988e-07,0.0,5.650008678436279,26.76110093674274
"A(p=17,f=0.40,h=128,lr=0.01,wd=1.0,max=40000)",22,4200,1.0,2.3012574956737808e-07,0.0,5.651828289031982,26.762745047909313
"A(p=17,f=0.40,h=128,lr=0.01,wd=1.0,max=40000)",22,4220,1.0,2.2597933480028587e-07,0.0,5.649407863616943,26.760076796029786
"A(p=17,f=0.40,h=128,lr=0.01,wd=1.0,max=40000)",22,4240,1.0,2.3219894274006947e-07,0.0,5.64936637878418,26.760118469810433
"A(p=17,f=0.40,h=128,lr=0.01,wd=1.0,max=40000)",22,4260,1.0,2.2079632344684796e-07,0.0,5.649801254272461,26.760814777891614
"A(p=17,f=0.40,h=128,lr=0.01,wd=1.0,max=40000)",22,4280,1.0,2.1043030073997215e-07,0.0,5.648606300354004,26.760266062379284
"A(p=17,f=0.40,h=128,lr=0.01,wd=1.0,max=40000)",22,4300,1.0,2.1768651947695616e-07,0.0,5.644044399261475,26.75711554561817
"A(p=17,f=0.40,h=128,lr=0.01,wd=1.0,max=40000)",22,4320,1.0,2.1354010470986395e-07,0.0,5.644847393035889,26.756357633451174
"A(p=17,f=0.40,h=128,lr=0.01,wd=1.0,max=40000)",22,4340,1.0,2.1768651947695616e-07,0.0,5.641550540924072,26.754321849999624
"A(p=17,f=0.40,h=128,lr=0.01,wd=1.0,max=40000)",22,4360,1.0,2.2286953083039407e-07,0.0,5.642814636230469,26.754730434084188
"A(p=17,f=0.40,h=128,lr=0.01,wd=1.0,max=40000)",22,4380,1.0,2.3427215012361557e-07,0.0,5.640072822570801,26.75128923809983
"A(p=17,f=0.40,h=128,lr=0.01,wd=1.0,max=40000)",22,4400,1.0,2.1872311606330186e-07,0.0,5.641395092010498,26.751899135321946
"A(p=17,f=0.40,h=128,lr=0.01,wd=1.0,max=40000)",22,4420,1.0,2.1872311606330186e-07,0.0,5.638081073760986,26.7473671052025
"A(p=17,f=0.40,h=128,lr=0.01,wd=1.0,max=40000)",22,4440,1.0,2.2286953083039407e-07,0.0,5.636917591094971,26.746026984080927
"A(p=17,f=0.40,h=128,lr=0.01,wd=1.0,max=40000)",22,4460,1.0,2.1872311606330186e-07,0.0,5.638265609741211,26.746308827189488
"A(p=17,f=0.40,h=128,lr=0.01,wd=1.0,max=40000)",22,4480,1.0,2.2805254218383197e-07,0.0,5.637211322784424,26.743464300543632
"A(p=17,f=0.40,h=128,lr=0.01,wd=1.0,max=40000)",22,4500,1.0,2.2597933480028587e-07,0.0,5.63851261138916,26.74329421575412
"A(p=17,f=0.40,h=128,lr=0.01,wd=1.0,max=40000)",22,4520,1.0,2.2597933480028587e-07,0.0,5.638160705566406,26.741511786033207
"A(p=17,f=0.40,h=128,lr=0.01,wd=1.0,max=40000)",22,4540,1.0,2.2494272400308546e-07,0.0,5.638947486877441,26.742294427591165
"A(p=17,f=0.40,h=128,lr=0.01,wd=1.0,max=40000)",22,4560,1.0,2.2286953083039407e-07,0.0,5.639601707458496,26.741950055325855
"A(p=17,f=0.40,h=128,lr=0.01,wd=1.0,max=40000)",22,4580,1.0,2.1975971264964755e-07,0.0,5.640888690948486,26.741444161445084
"A(p=17,f=0.40,h=128,lr=0.01,wd=1.0,max=40000)",22,4600,1.0,2.2908913877017767e-07,0.0,5.639009475708008,26.739468288145694
"A(p=17,f=0.40,h=128,lr=0.01,wd=1.0,max=40000)",22,4620,1.0,2.2183292003319366e-07,0.0,5.639029502868652,26.738649433841413
"A(p=17,f=0.40,h=128,lr=0.01,wd=1.0,max=40000)",22,4640,1.0,2.2286953083039407e-07,0.0,5.6396565437316895,26.73824279770085
"A(p=17,f=0.40,h=128,lr=0.01,wd=1.0,max=40000)",22,4660,1.0,2.2286953083039407e-07,0.0,5.640644073486328,26.73835198209047
"A(p=17,f=0.40,h=128,lr=0.01,wd=1.0,max=40000)",22,4680,1.0,2.2286953083039407e-07,0.0,5.639716148376465,26.736671072766786
"A(p=17,f=0.40,h=128,lr=0.01,wd=1.0,max=40000)",22,4700,1.0,2.2079632344684796e-07,0.0,5.6412224769592285,26.737068966993622
"A(p=17,f=0.40,h=128,lr=0.01,wd=1.0,max=40000)",22,4720,1.0,2.1872311606330186e-07,0.0,5.643303871154785,26.737881985412702
"A(p=17,f=0.40,h=128,lr=0.01,wd=1.0,max=40000)",22,4740,1.0,2.2597933480028587e-07,0.0,5.640783786773682,26.732815775991565
"A(p=17,f=0.40,h=128,lr=0.01,wd=1.0,max=40000)",22,4760,1.0,2.1872311606330186e-07,0.0,5.640927314758301,26.73352851367077
"A(p=17,f=0.40,h=128,lr=0.01,wd=1.0,max=40000)",22,4780,1.0,2.1043030073997215e-07,0.0,5.6428070068359375,26.73334870746321
"A(p=17,f=0.40,h=128,lr=0.01,wd=1.0,max=40000)",22,4800,1.0,2.2390612741673976e-07,0.0,5.640227794647217,26.730767234421204
"A(p=17,f=0.40,h=128,lr=0.01,wd=1.0,max=40000)",22,4820,1.0,2.2701593138663156e-07,0.0,5.639472961425781,26.728973097344134
"A(p=17,f=0.40,h=128,lr=0.01,wd=1.0,max=40000)",22,4840,1.0,2.1561331209341006e-07,0.0,5.642794132232666,26.73126233923689
"A(p=17,f=0.40,h=128,lr=0.01,wd=1.0,max=40000)",22,4860,1.0,2.0628388597287994e-07,0.0,5.643307209014893,26.731766942295238
"A(p=17,f=0.40,h=128,lr=0.01,wd=1.0,max=40000)",22,4880,1.0,2.2286953083039407e-07,0.0,5.6431450843811035,26.73036082492079
"A(p=17,f=0.40,h=128,lr=0.01,wd=1.0,max=40000)",22,4900,1.0,2.2286953083039407e-07,0.0,5.642465591430664,26.728229502635756
"A(p=17,f=0.40,h=128,lr=0.01,wd=1.0,max=40000)",22,4920,1.0,2.1457670129620965e-07,0.0,5.643653392791748,26.7293829067108
"A(p=17,f=0.40,h=128,lr=0.01,wd=1.0,max=40000)",22,4940,1.0,2.1354010470986395e-07,0.0,5.64291524887085,26.72860994590933
"A(p=17,f=0.40,h=128,lr=0.01,wd=1.0,max=40000)",22,4960,1.0,2.2183292003319366e-07,0.0,5.641015529632568,26.7265129145832
"A(p=17,f=0.40,h=128,lr=0.01,wd=1.0,max=40000)",22,4980,1.0,2.1872311606330186e-07,0.0,5.642401218414307,26.727911533040523
"A(p=17,f=0.40,h=128,lr=0.01,wd=1.0,max=40000)",22,5000,1.0,2.1975971264964755e-07,0.0,5.641566753387451,26.727002555099475
"A(p=17,f=0.40,h=128,lr=0.01,wd=1.0,max=40000)",22,5020,1.0,2.1250349391266354e-07,0.0,5.64216947555542,26.727667336533266
"A(p=17,f=0.40,h=128,lr=0.01,wd=1.0,max=40000)",22,5040,1.0,2.1354010470986395e-07,0.0,5.64066743850708,26.725991307325586
"A(p=17,f=0.40,h=128,lr=0.01,wd=1.0,max=40000)",22,5060,1.0,2.2701593138663156e-07,0.0,5.638766765594482,26.723878409872174
"A(p=17,f=0.40,h=128,lr=0.01,wd=1.0,max=40000)",22,5080,1.0,2.1768651947695616e-07,0.0,5.639464378356934,26.72391102705296
"A(p=17,f=0.40,h=128,lr=0.01,wd=1.0,max=40000)",22,5100,1.0,2.1975971264964755e-07,0.0,5.6387248039245605,26.72294871941036
"A(p=17,f=0.40,h=128,lr=0.01,wd=1.0,max=40000)",22,5120,1.0,2.2701593138663156e-07,0.0,5.638027667999268,26.721694802671948
"A(p=17,f=0.40,h=128,lr=0.01,wd=1.0,max=40000)",22,5140,1.0,2.1664990867975575e-07,0.0,5.639857769012451,26.72366286342815
"A(p=17,f=0.40,h=128,lr=0.01,wd=1.0,max=40000)",22,5160,1.0,2.2183292003319366e-07,0.0,5.6390461921691895,26.722914605425988
"A(p=17,f=0.40,h=128,lr=0.01,wd=1.0,max=40000)",22,5180,1.0,2.0939368994277174e-07,0.0,5.6418843269348145,26.724277622266882
"A(p=17,f=0.40,h=128,lr=0.01,wd=1.0,max=40000)",22,5200,1.0,2.2390612741673976e-07,0.0,5.63916015625,26.72205717203421
"A(p=17,f=0.40,h=128,lr=0.01,wd=1.0,max=40000)",22,5220,1.0,2.2701593138663156e-07,0.0,5.637165546417236,26.719604309819434
"A(p=17,f=0.40,h=128,lr=0.01,wd=1.0,max=40000)",22,5240,1.0,2.2286953083039407e-07,0.0,5.637914657592773,26.720111987072872
"A(p=17,f=0.40,h=128,lr=0.01,wd=1.0,max=40000)",22,5260,1.0,2.1768651947695616e-07,0.0,5.637273788452148,26.720024987507013
"A(p=17,f=0.40,h=128,lr=0.01,wd=1.0,max=40000)",22,5280,1.0,2.2390612741673976e-07,0.0,5.636158466339111,26.718813771116825
"A(p=17,f=0.40,h=128,lr=0.01,wd=1.0,max=40000)",22,5300,1.0,2.1354010470986395e-07,0.0,5.635028839111328,26.717540309319695
"A(p=17,f=0.40,h=128,lr=0.01,wd=1.0,max=40000)",22,5320,1.0,2.2701593138663156e-07,0.0,5.634467601776123,26.71719937853463
"A(p=17,f=0.40,h=128,lr=0.01,wd=1.0,max=40000)",22,5340,1.0,2.1354010470986395e-07,0.0,5.633605480194092,26.71685401530662
"A(p=17,f=0.40,h=128,lr=0.01,wd=1.0,max=40000)",22,5360,1.0,2.1975971264964755e-07,0.0,5.633068084716797,26.716914614549314
"A(p=17,f=0.40,h=128,lr=0.01,wd=1.0,max=40000)",22,5380,1.0,2.2390612741673976e-07,0.0,5.630276679992676,26.7149122789499
"A(p=17,f=0.40,h=128,lr=0.01,wd=1.0,max=40000)",22,5400,1.0,2.1872311606330186e-07,0.0,5.630931854248047,26.71548082886181
"A(p=17,f=0.40,h=128,lr=0.01,wd=1.0,max=40000)",22,5420,1.0,2.2183292003319366e-07,0.0,5.63316535949707,26.71812833787184
"A(p=17,f=0.40,h=128,lr=0.01,wd=1.0,max=40000)",22,5440,1.0,2.2183292003319366e-07,0.0,5.629549980163574,26.714830275144568
"A(p=17,f=0.40,h=128,lr=0.01,wd=1.0,max=40000)",22,5460,1.0,2.2286953083039407e-07,0.0,5.628448963165283,26.71406211281076
"A(p=17,f=0.40,h=128,lr=0.01,wd=1.0,max=40000)",22,5480,1.0,2.2183292003319366e-07,0.0,5.628775119781494,26.715340087475212
"A(p=17,f=0.40,h=128,lr=0.01,wd=1.0,max=40000)",22,5500,1.0,2.1872311606330186e-07,0.0,5.627910137176514,26.71418191060375
"A(p=17,f=0.40,h=128,lr=0.01,wd=1.0,max=40000)",22,5520,1.0,2.2286953083039407e-07,0.0,5.628637313842773,26.714533050767095
"A(p=17,f=0.40,h=128,lr=0.01,wd=1.0,max=40000)",22,5540,1.0,2.2079632344684796e-07,0.0,5.627809524536133,26.713462074400528
"A(p=17,f=0.40,h=128,lr=0.01,wd=1.0,max=40000)",22,5560,1.0,2.2805254218383197e-07,0.0,5.627278804779053,26.712909783551826
"A(p=17,f=0.40,h=128,lr=0.01,wd=1.0,max=40000)",22,5580,1.0,2.1457670129620965e-07,0.0,5.627730846405029,26.713310157577883
"A(p=17,f=0.40,h=128,lr=0.01,wd=1.0,max=40000)",22,5600,1.0,2.1975971264964755e-07,0.0,5.626982688903809,26.712635308634603
"A(p=17,f=0.40,h=128,lr=0.01,wd=1.0,max=40000)",22,5620,1.0,2.1250349391266354e-07,0.0,5.6250834465026855,26.712125780321635
"A(p=17,f=0.40,h=128,lr=0.01,wd=1.0,max=40000)",22,5640,1.0,2.2494272400308546e-07,0.0,5.62347412109375,26.7113217979164
"A(p=17,f=0.40,h=128,lr=0.01,wd=1.0,max=40000)",22,5660,1.0,2.1768651947695616e-07,0.0,5.624189376831055,26.712002700817397
"A(p=17,f=0.40,h=128,lr=0.01,wd=1.0,max=40000)",22,5680,1.0,2.2597933480028587e-07,0.0,5.6223464012146,26.71027916659225
"A(p=17,f=0.40,h=128,lr=0.01,wd=1.0,max=40000)",22,5700,1.0,2.2805254218383197e-07,0.0,5.620795249938965,26.70933163784268
"A(p=17,f=0.40,h=128,lr=0.01,wd=1.0,max=40000)",22,5720,1.0,2.2183292003319366e-07,0.0,5.622315883636475,26.710107060066946
"A(p=17,f=0.40,h=128,lr=0.01,wd=1.0,max=40000)",22,5740,1.0,2.2183292003319366e-07,0.0,5.620749473571777,26.708703866175043
"A(p=17,f=0.40,h=128,lr=0.01,wd=1.0,max=40000)",22,5760,1.0,2.2390612741673976e-07,0.0,5.62109899520874,26.7077395892822
"A(p=17,f=0.40,h=128,lr=0.01,wd=1.0,max=40000)",22,5780,1.0,2.2390612741673976e-07,0.0,5.621016502380371,26.706714743128543
"A(p=17,f=0.40,h=128,lr=0.01,wd=1.0,max=40000)",22,5800,1.0,2.2390612741673976e-07,0.0,5.619289875030518,26.705403798182697
"A(p=17,f=0.40,h=128,lr=0.01,wd=1.0,max=40000)",22,5820,1.0,2.1975971264964755e-07,0.0,5.623476505279541,26.70914641344456
"A(p=17,f=0.40,h=128,lr=0.01,wd=1.0,max=40000)",22,5840,1.0,2.1664990867975575e-07,0.0,5.621781349182129,26.706545275094207
"A(p=17,f=0.40,h=128,lr=0.01,wd=1.0,max=40000)",22,5860,1.0,2.2286953083039407e-07,0.0,5.620877742767334,26.705945743791737
"A(p=17,f=0.40,h=128,lr=0.01,wd=1.0,max=40000)",22,5880,1.0,2.1354010470986395e-07,0.0,5.622951984405518,26.70556714211633
"A(p=17,f=0.40,h=128,lr=0.01,wd=1.0,max=40000)",22,5900,1.0,2.2390612741673976e-07,0.0,5.619820594787598,26.702985224751362
"A(p=17,f=0.40,h=128,lr=0.01,wd=1.0,max=40000)",22,5920,1.0,2.1457670129620965e-07,0.0,5.622337341308594,26.705283449801787
"A(p=17,f=0.40,h=128,lr=0.01,wd=1.0,max=40000)",22,5940,1.0,2.2183292003319366e-07,0.0,5.621328353881836,26.705230524283433
"A(p=17,f=0.40,h=128,lr=0.01,wd=1.0,max=40000)",22,5960,1.0,2.1975971264964755e-07,0.0,5.621610164642334,26.70425997443489
"A(p=17,f=0.40,h=128,lr=0.01,wd=1.0,max=40000)",22,5980,1.0,2.1768651947695616e-07,0.0,5.620706558227539,26.703797321603673
"A(p=17,f=0.40,h=128,lr=0.01,wd=1.0,max=40000)",22,6000,1.0,2.1561331209341006e-07,0.0,5.621163845062256,26.703359181623906
"A(p=17,f=0.40,h=128,lr=0.01,wd=1.0,max=40000)",22,6020,1.0,2.1250349391266354e-07,0.0,5.62281608581543,26.704800697779472
"A(p=17,f=0.40,h=128,lr=0.01,wd=1.0,max=40000)",22,6040,1.0,2.2597933480028587e-07,0.0,5.619178295135498,26.700985017127646
"A(p=17,f=0.40,h=128,lr=0.01,wd=1.0,max=40000)",22,6060,1.0,2.2286953083039407e-07,0.0,5.618666648864746,26.70083552846467
"A(p=17,f=0.40,h=128,lr=0.01,wd=1.0,max=40000)",22,6080,1.0,2.2286953083039407e-07,0.0,5.617943286895752,26.698920775614837
"A(p=17,f=0.40,h=128,lr=0.01,wd=1.0,max=40000)",22,6100,1.0,2.1354010470986395e-07,0.0,5.618443012237549,26.701233446353005
"A(p=17,f=0.40,h=128,lr=0.01,wd=1.0,max=40000)",22,6120,1.0,2.0939368994277174e-07,0.0,5.6179046630859375,26.701322972099774
"A(p=17,f=0.40,h=128,lr=0.01,wd=1.0,max=40000)",22,6140,1.0,2.1561331209341006e-07,0.0,5.616779327392578,26.699188556911967
"A(p=17,f=0.40,h=128,lr=0.01,wd=1.0,max=40000)",22,6160,1.0,2.1043030073997215e-07,0.0,5.61663293838501,26.70010854125274
"A(p=17,f=0.40,h=128,lr=0.01,wd=1.0,max=40000)",22,6180,1.0,2.2390612741673976e-07,0.0,5.614513397216797,26.69688949284877
"A(p=17,f=0.40,h=128,lr=0.01,wd=1.0,max=40000)",22,6200,1.0,2.1768651947695616e-07,0.0,5.615274906158447,26.696766409255403
"A(p=17,f=0.40,h=128,lr=0.01,wd=1.0,max=40000)",22,6220,1.0,2.2286953083039407e-07,0.0,5.613258361816406,26.69543207506911
"A(p=17,f=0.40,h=128,lr=0.01,wd=1.0,max=40000)",22,6240,1.0,2.1250349391266354e-07,0.0,5.614933967590332,26.697466296868583
"A(p=17,f=0.40,h=128,lr=0.01,wd=1.0,max=40000)",22,6260,1.0,2.1354010470986395e-07,0.0,5.6145100593566895,26.697621183837263
"A(p=17,f=0.40,h=128,lr=0.01,wd=1.0,max=40000)",22,6280,1.0,2.1768651947695616e-07,0.0,5.614526271820068,26.69690615409094
"A(p=17,f=0.40,h=128,lr=0.01,wd=1.0,max=40000)",22,6300,1.0,2.2597933480028587e-07,0.0,5.61148738861084,26.6936873499089
"A(p=17,f=0.40,h=128,lr=0.01,wd=1.0,max=40000)",22,6320,1.0,2.1354010470986395e-07,0.0,5.613893508911133,26.695815952031854
"A(p=17,f=0.40,h=128,lr=0.01,wd=1.0,max=40000)",22,6340,1.0,2.1768651947695616e-07,0.0,5.612531661987305,26.694939190518653
"A(p=17,f=0.40,h=128,lr=0.01,wd=1.0,max=40000)",22,6360,1.0,2.2390612741673976e-07,0.0,5.613330841064453,26.69551195049655
"A(p=17,f=0.40,h=128,lr=0.01,wd=1.0,max=40000)",22,6380,1.0,2.1975971264964755e-07,0.0,5.6131086349487305,26.69648270379294
"A(p=17,f=0.40,h=128,lr=0.01,wd=1.0,max=40000)",22,6400,1.0,2.1354010470986395e-07,0.0,5.612346172332764,26.694393532370956
"A(p=17,f=0.40,h=128,lr=0.01,wd=1.0,max=40000)",22,6420,1.0,2.2701593138663156e-07,0.0,5.60999059677124,26.69250462903688
"A(p=17,f=0.40,h=128,lr=0.01,wd=1.0,max=40000)",22,6440,1.0,2.2286953083039407e-07,0.0,5.610348224639893,26.69234261025684
"A(p=17,f=0.40,h=128,lr=0.01,wd=1.0,max=40000)",22,6460,1.0,2.1561331209341006e-07,0.0,5.609433174133301,26.691252137812615
"A(p=17,f=0.40,h=128,lr=0.01,wd=1.0,max=40000)",22,6480,1.0,2.1872311606330186e-07,0.0,5.610063552856445,26.691994137075792
"A(p=17,f=0.40,h=128,lr=0.01,wd=1.0,max=40000)",22,6500,1.0,2.1872311606330186e-07,0.0,5.610257625579834,26.692629597029484
"A(p=17,f=0.40,h=128,lr=0.01,wd=1.0,max=40000)",22,6520,1.0,2.1457670129620965e-07,0.0,5.607741832733154,26.69133612995741
"A(p=17,f=0.40,h=128,lr=0.01,wd=1.0,max=40000)",22,6540,1.0,2.2183292003319366e-07,0.0,5.607401371002197,26.6916906579116
"A(p=17,f=0.40,h=128,lr=0.01,wd=1.0,max=40000)",22,6560,1.0,2.1664990867975575e-07,0.0,5.6073503494262695,26.691188605721823
"A(p=17,f=0.40,h=128,lr=0.01,wd=1.0,max=40000)",22,6580,1.0,2.1768651947695616e-07,0.0,5.606125354766846,26.689948569132476
"A(p=17,f=0.40,h=128,lr=0.01,wd=1.0,max=40000)",22,6600,1.0,2.2390612741673976e-07,0.0,5.606494903564453,26.69079208287102
"A(p=17,f=0.40,h=128,lr=0.01,wd=1.0,max=40000)",22,6620,1.0,2.1872311606330186e-07,0.0,5.605435371398926,26.690124865350604
"A(p=17,f=0.40,h=128,lr=0.01,wd=1.0,max=40000)",22,6640,1.0,2.2079632344684796e-07,0.0,5.603822231292725,26.688473537260304
"A(p=17,f=0.40,h=128,lr=0.01,wd=1.0,max=40000)",22,6660,1.0,2.2286953083039407e-07,0.0,5.603263854980469,26.688740856897283
"A(p=17,f=0.40,h=128,lr=0.01,wd=1.0,max=40000)",22,6680,1.0,2.1664990867975575e-07,0.0,5.602530002593994,26.689186492827364
"A(p=17,f=0.40,h=128,lr=0.01,wd=1.0,max=40000)",22,6700,1.0,2.1354010470986395e-07,0.0,5.603274345397949,26.689859017168647
"A(p=17,f=0.40,h=128,lr=0.01,wd=1.0,max=40000)",22,6720,1.0,2.2079632344684796e-07,0.0,5.600528717041016,26.686525952206384
"A(p=17,f=0.40,h=128,lr=0.01,wd=1.0,max=40000)",22,6740,1.0,2.1975971264964755e-07,0.0,5.60006046295166,26.686822700807586
"A(p=17,f=0.40,h=128,lr=0.01,wd=1.0,max=40000)",22,6760,1.0,2.2183292003319366e-07,0.0,5.599475860595703,26.68590417598609
"A(p=17,f=0.40,h=128,lr=0.01,wd=1.0,max=40000)",22,6780,1.0,2.1354010470986395e-07,0.0,5.600898265838623,26.687577360728334
"A(p=17,f=0.40,h=128,lr=0.01,wd=1.0,max=40000)",22,6800,1.0,2.1043030073997215e-07,0.0,5.6005706787109375,26.6868582218535
"A(p=17,f=0.40,h=128,lr=0.01,wd=1.0,max=40000)",22,6820,1.0,2.0939368994277174e-07,0.0,5.60093355178833,26.687495836519446
"A(p=17,f=0.40,h=128,lr=0.01,wd=1.0,max=40000)",22,6840,1.0,2.2390612741673976e-07,0.0,5.595547199249268,26.682220593225264
"A(p=17,f=0.40,h=128,lr=0.01,wd=1.0,max=40000)",22,6860,1.0,2.1664990867975575e-07,0.0,5.599239826202393,26.686663052781086
"A(p=17,f=0.40,h=128,lr=0.01,wd=1.0,max=40000)",22,6880,1.0,2.1768651947695616e-07,0.0,5.5960373878479,26.68265513861548
"A(p=17,f=0.40,h=128,lr=0.01,wd=1.0,max=40000)",22,6900,1.0,2.0835709335642605e-07,0.0,5.600546360015869,26.68635332262151
"A(p=17,f=0.40,h=128,lr=0.01,wd=1.0,max=40000)",22,6920,1.0,2.1561331209341006e-07,0.0,5.60011100769043,26.685760604350047
"A(p=17,f=0.40,h=128,lr=0.01,wd=1.0,max=40000)",22,6940,1.0,2.1457670129620965e-07,0.0,5.596609592437744,26.682550378965225
"A(p=17,f=0.40,h=128,lr=0.01,wd=1.0,max=40000)",22,6960,1.0,2.1043030073997215e-07,0.0,5.599520683288574,26.685195915396935
"A(p=17,f=0.40,h=128,lr=0.01,wd=1.0,max=40000)",22,6980,1.0,2.2597933480028587e-07,0.0,5.596123695373535,26.681964326466165
"A(p=17,f=0.40,h=128,lr=0.01,wd=1.0,max=40000)",22,7000,1.0,2.1975971264964755e-07,0.0,5.595399856567383,26.681697088646075
"A(p=17,f=0.40,h=128,lr=0.01,wd=1.0,max=40000)",22,7020,1.0,2.1146689732631785e-07,0.0,5.5973992347717285,26.68349013980641
"A(p=17,f=0.40,h=128,lr=0.01,wd=1.0,max=40000)",22,7040,1.0,2.1664990867975575e-07,0.0,5.59529447555542,26.680713690027776
"A(p=17,f=0.40,h=128,lr=0.01,wd=1.0,max=40000)",22,7060,1.0,2.2183292003319366e-07,0.0,5.596409320831299,26.683671096878232
"A(p=17,f=0.40,h=128,lr=0.01,wd=1.0,max=40000)",22,7080,1.0,2.1872311606330186e-07,0.0,5.5952653884887695,26.681140687872283
"A(p=17,f=0.40,h=128,lr=0.01,wd=1.0,max=40000)",22,7100,1.0,2.2079632344684796e-07,0.0,5.59409761428833,26.680463790100763
"A(p=17,f=0.40,h=128,lr=0.01,wd=1.0,max=40000)",22,7120,1.0,2.1768651947695616e-07,0.0,5.594362735748291,26.68046546127183
"A(p=17,f=0.40,h=128,lr=0.01,wd=1.0,max=40000)",22,7140,1.0,2.1664990867975575e-07,0.0,5.594657897949219,26.6802195902653
"A(p=17,f=0.40,h=128,lr=0.01,wd=1.0,max=40000)",22,7160,1.0,2.1872311606330186e-07,0.0,5.593629837036133,26.680408836312132
"A(p=17,f=0.40,h=128,lr=0.01,wd=1.0,max=40000)",22,7180,1.0,2.1872311606330186e-07,0.0,5.593222618103027,26.679479979734992
"A(p=17,f=0.40,h=128,lr=0.01,wd=1.0,max=40000)",22,7200,1.0,2.1561331209341006e-07,0.0,5.5926384925842285,26.679753667211017
"A(p=17,f=0.40,h=128,lr=0.01,wd=1.0,max=40000)",22,7220,1.0,2.2286953083039407e-07,0.0,5.593461513519287,26.68035609795005
"A(p=17,f=0.40,h=128,lr=0.01,wd=1.0,max=40000)",22,7240,1.0,2.2183292003319366e-07,0.0,5.594002723693848,26.68001001085874
"A(p=17,f=0.40,h=128,lr=0.01,wd=1.0,max=40000)",22,7260,1.0,2.0939368994277174e-07,0.0,5.597120761871338,26.6831699523725
"A(p=17,f=0.40,h=128,lr=0.01,wd=1.0,max=40000)",22,7280,1.0,2.1768651947695616e-07,0.0,5.594577789306641,26.680088713227022
"A(p=17,f=0.40,h=128,lr=0.01,wd=1.0,max=40000)",22,7300,1.0,2.1975971264964755e-07,0.0,5.592883586883545,26.676414036508618
"A(p=17,f=0.40,h=128,lr=0.01,wd=1.0,max=40000)",22,7320,1.0,2.2079632344684796e-07,0.0,5.593557357788086,26.6782919357491
"A(p=17,f=0.40,h=128,lr=0.01,wd=1.0,max=40000)",22,7340,1.0,2.2183292003319366e-07,0.0,5.592496395111084,26.676795832817394
"A(p=17,f=0.40,h=128,lr=0.01,wd=1.0,max=40000)",22,7360,1.0,2.1872311606330186e-07,0.0,5.594058990478516,26.678633336741694
"A(p=17,f=0.40,h=128,lr=0.01,wd=1.0,max=40000)",22,7380,1.0,2.2183292003319366e-07,0.0,5.5943922996521,26.678317543558254
"A(p=17,f=0.40,h=128,lr=0.01,wd=1.0,max=40000)",22,7400,1.0,2.0628388597287994e-07,0.0,5.596225261688232,26.680459579661818
"A(p=17,f=0.40,h=128,lr=0.01,wd=1.0,max=40000)",22,7420,1.0,2.0835709335642605e-07,0.0,5.595801830291748,26.68007757244298
"A(p=17,f=0.40,h=128,lr=0.01,wd=1.0,max=40000)",22,7440,1.0,2.2286953083039407e-07,0.0,5.595020294189453,26.678865705117932
"A(p=17,f=0.40,h=128,lr=0.01,wd=1.0,max=40000)",22,7460,1.0,2.1664990867975575e-07,0.0,5.595240116119385,26.6779856381294
"A(p=17,f=0.40,h=128,lr=0.01,wd=1.0,max=40000)",22,7480,1.0,2.1561331209341006e-07,0.0,5.596001625061035,26.67889088281136
"A(p=17,f=0.40,h=128,lr=0.01,wd=1.0,max=40000)",22,7500,1.0,2.2079632344684796e-07,0.0,5.594733715057373,26.677728948501816
"A(p=17,f=0.40,h=128,lr=0.01,wd=1.0,max=40000)",22,7520,1.0,2.1146689732631785e-07,0.0,5.597077369689941,26.681001788287226
"A(p=17,f=0.40,h=128,lr=0.01,wd=1.0,max=40000)",22,7540,1.0,2.0939368994277174e-07,0.0,5.597293853759766,26.680090725819618
"A(p=17,f=0.40,h=128,lr=0.01,wd=1.0,max=40000)",22,7560,1.0,2.2494272400308546e-07,0.0,5.595616340637207,26.67802346773834
"A(p=17,f=0.40,h=128,lr=0.01,wd=1.0,max=40000)",22,7580,1.0,2.0628388597287994e-07,0.0,5.59784460067749,26.680268467085384
"A(p=17,f=0.40,h=128,lr=0.01,wd=1.0,max=40000)",22,7600,1.0,2.3012574956737808e-07,0.0,5.595261096954346,26.677471950545048
"A(p=17,f=0.40,h=128,lr=0.01,wd=1.0,max=40000)",22,7620,1.0,2.1768651947695616e-07,0.0,5.595844268798828,26.67711576281322
"A(p=17,f=0.40,h=128,lr=0.01,wd=1.0,max=40000)",22,7640,1.0,2.1146689732631785e-07,0.0,5.5966644287109375,26.678681507022272
"A(p=17,f=0.40,h=128,lr=0.01,wd=1.0,max=40000)",22,7660,1.0,2.0835709335642605e-07,0.0,5.596401691436768,26.677828357316237
"A(p=17,f=0.40,h=128,lr=0.01,wd=1.0,max=40000)",22,7680,1.0,2.1457670129620965e-07,0.0,5.596325874328613,26.67842185695273
"A(p=17,f=0.40,h=128,lr=0.01,wd=1.0,max=40000)",22,7700,1.0,2.2597933480028587e-07,0.0,5.593581676483154,26.674867266257664
"A(p=17,f=0.40,h=128,lr=0.01,wd=1.0,max=40000)",22,7720,1.0,2.1975971264964755e-07,0.0,5.595399379730225,26.67576782884457
"A(p=17,f=0.40,h=128,lr=0.01,wd=1.0,max=40000)",22,7740,1.0,2.3012574956737808e-07,0.0,5.594039440155029,26.6757571531411
"A(p=17,f=0.40,h=128,lr=0.01,wd=1.0,max=40000)",22,7760,1.0,2.2805254218383197e-07,0.0,5.5943756103515625,26.674927968886152
"A(p=17,f=0.40,h=128,lr=0.01,wd=1.0,max=40000)",22,7780,1.0,2.1664990867975575e-07,0.0,5.594072341918945,26.675866033975073
"A(p=17,f=0.40,h=128,lr=0.01,wd=1.0,max=40000)",22,7800,1.0,2.0939368994277174e-07,0.0,5.594868183135986,26.67646693712209
"A(p=17,f=0.40,h=128,lr=0.01,wd=1.0,max=40000)",22,7820,1.0,2.2183292003319366e-07,0.0,5.592426776885986,26.673428187315317
"A(p=17,f=0.40,h=128,lr=0.01,wd=1.0,max=40000)",22,7840,1.0,2.2390612741673976e-07,0.0,5.594788551330566,26.67660128016428
"A(p=17,f=0.40,h=128,lr=0.01,wd=1.0,max=40000)",22,7860,1.0,2.1043030073997215e-07,0.0,5.596700668334961,26.677388212760665
"A(p=17,f=0.40,h=128,lr=0.01,wd=1.0,max=40000)",22,7880,1.0,2.2805254218383197e-07,0.0,5.592462062835693,26.673023793155085
"A(p=17,f=0.40,h=128,lr=0.01,wd=1.0,max=40000)",22,7900,1.0,2.1872311606330186e-07,0.0,5.594522476196289,26.675045688997148
"A(p=17,f=0.40,h=128,lr=0.01,wd=1.0,max=40000)",22,7920,1.0,2.1975971264964755e-07,0.0,5.594958305358887,26.675489420673152
"A(p=17,f=0.40,h=128,lr=0.01,wd=1.0,max=40000)",22,7940,1.0,2.1768651947695616e-07,0.0,5.595693111419678,26.67651673044088
"A(p=17,f=0.40,h=128,lr=0.01,wd=1.0,max=40000)",22,7960,1.0,2.1768651947695616e-07,0.0,5.5942769050598145,26.674677374971264
"A(p=17,f=0.40,h=128,lr=0.01,wd=1.0,max=40000)",22,7980,1.0,2.1354010470986395e-07,0.0,5.595985412597656,26.675502498063093
"A(p=17,f=0.40,h=128,lr=0.01,wd=1.0,max=40000)",22,8000,1.0,2.1664990867975575e-07,0.0,5.596432685852051,26.6750527880157
"A(p=17,f=0.40,h=128,lr=0.01,wd=1.0,max=40000)",22,8020,1.0,2.2079632344684796e-07,0.0,5.59509801864624,26.673034055482372
"A(p=17,f=0.40,h=128,lr=0.01,wd=1.0,max=40000)",22,8040,1.0,2.2390612741673976e-07,0.0,5.59407377243042,26.672687749930827
"A(p=17,f=0.40,h=128,lr=0.01,wd=1.0,max=40000)",22,8060,1.0,2.1146689732631785e-07,0.0,5.59494686126709,26.67304370371413
"A(p=17,f=0.40,h=128,lr=0.01,wd=1.0,max=40000)",22,8080,1.0,2.1872311606330186e-07,0.0,5.594603538513184,26.673311306841626
"A(p=17,f=0.40,h=128,lr=0.01,wd=1.0,max=40000)",22,8100,1.0,2.1250349391266354e-07,0.0,5.59725284576416,26.67427436821626
"A(p=17,f=0.40,h=128,lr=0.01,wd=1.0,max=40000)",22,8120,1.0,2.1561331209341006e-07,0.0,5.596558094024658,26.674446776217597
"A(p=17,f=0.40,h=128,lr=0.01,wd=1.0,max=40000)",22,8140,1.0,2.1146689732631785e-07,0.0,5.596692085266113,26.67351488587767
"A(p=17,f=0.40,h=128,lr=0.01,wd=1.0,max=40000)",22,8160,1.0,2.2597933480028587e-07,0.0,5.59608268737793,26.67277522386834
"A(p=17,f=0.40,h=128,lr=0.01,wd=1.0,max=40000)",22,8180,1.0,2.1975971264964755e-07,0.0,5.594539165496826,26.671449873564423
"A(p=17,f=0.40,h=128,lr=0.01,wd=1.0,max=40000)",22,8200,1.0,2.1561331209341006e-07,0.0,5.595656871795654,26.673067724940555
"A(p=17,f=0.40,h=128,lr=0.01,wd=1.0,max=40000)",22,8220,1.0,2.1664990867975575e-07,0.0,5.594778060913086,26.672317945433957
"A(p=17,f=0.40,h=128,lr=0.01,wd=1.0,max=40000)",22,8240,1.0,2.1354010470986395e-07,0.0,5.5967326164245605,26.672860718422022
"A(p=17,f=0.40,h=128,lr=0.01,wd=1.0,max=40000)",22,8260,1.0,2.2390612741673976e-07,0.0,5.594212532043457,26.670815437304167
"A(p=17,f=0.40,h=128,lr=0.01,wd=1.0,max=40000)",22,8280,1.0,2.1354010470986395e-07,0.0,5.597204208374023,26.67310681251617
"A(p=17,f=0.40,h=128,lr=0.01,wd=1.0,max=40000)",22,8300,1.0,2.1457670129620965e-07,0.0,5.596133708953857,26.670967421573188
"A(p=17,f=0.40,h=128,lr=0.01,wd=1.0,max=40000)",22,8320,1.0,2.1354010470986395e-07,0.0,5.597278594970703,26.671687857616877
"A(p=17,f=0.40,h=128,lr=0.01,wd=1.0,max=40000)",22,8340,1.0,2.1250349391266354e-07,0.0,5.599889278411865,26.674350817142304
"A(p=17,f=0.40,h=128,lr=0.01,wd=1.0,max=40000)",22,8360,1.0,2.1664990867975575e-07,0.0,5.597166061401367,26.671159338782942
"A(p=17,f=0.40,h=128,lr=0.01,wd=1.0,max=40000)",22,8380,1.0,2.2183292003319366e-07,0.0,5.596705913543701,26.67038487465962
"A(p=17,f=0.40,h=128,lr=0.01,wd=1.0,max=40000)",22,8400,1.0,2.1872311606330186e-07,0.0,5.597377300262451,26.67079558193475
"A(p=17,f=0.40,h=128,lr=0.01,wd=1.0,max=40000)",22,8420,1.0,2.0732048255922564e-07,0.0,5.599615097045898,26.673526432016214
"A(p=17,f=0.40,h=128,lr=0.01,wd=1.0,max=40000)",22,8440,1.0,2.1354010470986395e-07,0.0,5.5968546867370605,26.670254538479043
"A(p=17,f=0.40,h=128,lr=0.01,wd=1.0,max=40000)",22,8460,1.0,2.1872311606330186e-07,0.0,5.598694324493408,26.67210444735349
"A(p=17,f=0.40,h=128,lr=0.01,wd=1.0,max=40000)",22,8480,1.0,2.1146689732631785e-07,0.0,5.599902153015137,26.67244750625168
"A(p=17,f=0.40,h=128,lr=0.01,wd=1.0,max=40000)",22,8500,1.0,2.2494272400308546e-07,0.0,5.598330020904541,26.669473383744513
"A(p=17,f=0.40,h=128,lr=0.01,wd=1.0,max=40000)",22,8520,1.0,2.0939368994277174e-07,0.0,5.598996162414551,26.671606393045433
"A(p=17,f=0.40,h=128,lr=0.01,wd=1.0,max=40000)",22,8540,1.0,2.1146689732631785e-07,0.0,5.600817680358887,26.672138734262077
"A(p=17,f=0.40,h=128,lr=0.01,wd=1.0,max=40000)",22,8560,1.0,2.1561331209341006e-07,0.0,5.599679946899414,26.671737642801972
"A(p=17,f=0.40,h=128,lr=0.01,wd=1.0,max=40000)",22,8580,1.0,2.2390612741673976e-07,0.0,5.59933614730835,26.670355931616257
"A(p=17,f=0.40,h=128,lr=0.01,wd=1.0,max=40000)",22,8600,1.0,2.1768651947695616e-07,0.0,5.601484775543213,26.671983905357333
"A(p=17,f=0.40,h=128,lr=0.01,wd=1.0,max=40000)",22,8620,1.0,2.2494272400308546e-07,0.0,5.598939895629883,26.668792827495043
"A(p=17,f=0.40,h=128,lr=0.01,wd=1.0,max=40000)",22,8640,1.0,2.2597933480028587e-07,0.0,5.599832534790039,26.669415487337396
"A(p=17,f=0.40,h=128,lr=0.01,wd=1.0,max=40000)",22,8660,1.0,2.0732048255922564e-07,0.0,5.6019062995910645,26.671657300746347
"A(p=17,f=0.40,h=128,lr=0.01,wd=1.0,max=40000)",22,8680,1.0,2.2079632344684796e-07,0.0,5.600071907043457,26.668842580108727
"A(p=17,f=0.40,h=128,lr=0.01,wd=1.0,max=40000)",22,8700,1.0,2.1457670129620965e-07,0.0,5.6003289222717285,26.669909709416658
"A(p=17,f=0.40,h=128,lr=0.01,wd=1.0,max=40000)",22,8720,1.0,2.1975971264964755e-07,0.0,5.6008429527282715,26.669552848976373
"A(p=17,f=0.40,h=128,lr=0.01,wd=1.0,max=40000)",22,8740,1.0,2.1872311606330186e-07,0.0,5.599740028381348,26.668697644016987
"A(p=17,f=0.40,h=128,lr=0.01,wd=1.0,max=40000)",22,8760,1.0,2.1872311606330186e-07,0.0,5.59961462020874,26.668060263231105
"A(p=17,f=0.40,h=128,lr=0.01,wd=1.0,max=40000)",22,8780,1.0,2.1872311606330186e-07,0.0,5.5995917320251465,26.668196986799895
"A(p=17,f=0.40,h=128,lr=0.01,wd=1.0,max=40000)",22,8800,1.0,2.2183292003319366e-07,0.0,5.5991597175598145,26.666535882053058
"A(p=17,f=0.40,h=128,lr=0.01,wd=1.0,max=40000)",22,8820,1.0,2.1250349391266354e-07,0.0,5.5987629890441895,26.667170057866546
"A(p=17,f=0.40,h=128,lr=0.01,wd=1.0,max=40000)",22,8840,1.0,2.2597933480028587e-07,0.0,5.598043918609619,26.66610194741565
"A(p=17,f=0.40,h=128,lr=0.01,wd=1.0,max=40000)",22,8860,1.0,2.1872311606330186e-07,0.0,5.599523544311523,26.666942673729935
"A(p=17,f=0.40,h=128,lr=0.01,wd=1.0,max=40000)",22,8880,1.0,2.0213747120578773e-07,0.0,5.60205078125,26.670101281271542
"A(p=17,f=0.40,h=128,lr=0.01,wd=1.0,max=40000)",22,8900,1.0,2.2183292003319366e-07,0.0,5.598576068878174,26.66606681145707
"A(p=17,f=0.40,h=128,lr=0.01,wd=1.0,max=40000)",22,8920,1.0,2.2701593138663156e-07,0.0,5.599906921386719,26.667186562062515
"A(p=17,f=0.40,h=128,lr=0.01,wd=1.0,max=40000)",22,8940,1.0,2.0835709335642605e-07,0.0,5.601273059844971,26.668443946554184
"A(p=17,f=0.40,h=128,lr=0.01,wd=1.0,max=40000)",22,8960,1.0,2.0421067858933384e-07,0.0,5.603318691253662,26.670246352935376
"A(p=17,f=0.40,h=128,lr=0.01,wd=1.0,max=40000)",22,8980,1.0,2.1146689732631785e-07,0.0,5.600596904754639,26.668882958129842
"A(p=17,f=0.40,h=128,lr=0.01,wd=1.0,max=40000)",22,9000,1.0,2.1250349391266354e-07,0.0,5.600914478302002,26.669372584628263
"A(p=17,f=0.40,h=128,lr=0.01,wd=1.0,max=40000)",22,9020,1.0,2.1457670129620965e-07,0.0,5.600900650024414,26.668456109095015
"A(p=17,f=0.40,h=128,lr=0.01,wd=1.0,max=40000)",22,9040,1.0,2.2597933480028587e-07,0.0,5.600790977478027,26.668090698054296
"A(p=17,f=0.40,h=128,lr=0.01,wd=1.0,max=40000)",22,9060,1.0,2.1250349391266354e-07,0.0,5.599850654602051,26.66718230065889
"A(p=17,f=0.40,h=128,lr=0.01,wd=1.0,max=40000)",22,9080,1.0,2.1561331209341006e-07,0.0,5.599825382232666,26.6679641185067
"A(p=17,f=0.40,h=128,lr=0.01,wd=1.0,max=40000)",22,9100,1.0,2.1457670129620965e-07,0.0,5.59982967376709,26.66602070605755
"A(p=17,f=0.40,h=128,lr=0.01,wd=1.0,max=40000)",22,9120,1.0,2.1664990867975575e-07,0.0,5.599940299987793,26.66615763694034
"A(p=17,f=0.40,h=128,lr=0.01,wd=1.0,max=40000)",22,9140,1.0,2.1146689732631785e-07,0.0,5.600112438201904,26.666987680124567
"A(p=17,f=0.40,h=128,lr=0.01,wd=1.0,max=40000)",22,9160,1.0,2.3116234615372377e-07,0.0,5.598433494567871,26.66487612768945
"A(p=17,f=0.40,h=128,lr=0.01,wd=1.0,max=40000)",22,9180,1.0,2.1768651947695616e-07,0.0,5.59882116317749,26.665262362352873
"A(p=17,f=0.40,h=128,lr=0.01,wd=1.0,max=40000)",22,9200,1.0,2.2183292003319366e-07,0.0,5.599289894104004,26.665921518133196
"A(p=17,f=0.40,h=128,lr=0.01,wd=1.0,max=40000)",22,9220,1.0,2.1561331209341006e-07,0.0,5.5999650955200195,26.666304119308986
"A(p=17,f=0.40,h=128,lr=0.01,wd=1.0,max=40000)",22,9240,1.0,2.1354010470986395e-07,0.0,5.599056243896484,26.66534797616026
"A(p=17,f=0.40,h=128,lr=0.01,wd=1.0,max=40000)",22,9260,1.0,2.2494272400308546e-07,0.0,5.599974155426025,26.66528036182047
"A(p=17,f=0.40,h=128,lr=0.01,wd=1.0,max=40000)",22,9280,1.0,2.1354010470986395e-07,0.0,5.600094318389893,26.665388800050142
"A(p=17,f=0.40,h=128,lr=0.01,wd=1.0,max=40000)",22,9300,1.0,2.1664990867975575e-07,0.0,5.597603797912598,26.663651301272907
"A(p=17,f=0.40,h=128,lr=0.01,wd=1.0,max=40000)",22,9320,1.0,2.1768651947695616e-07,0.0,5.598435401916504,26.664806873437715
"A(p=17,f=0.40,h=128,lr=0.01,wd=1.0,max=40000)",22,9340,1.0,2.2286953083039407e-07,0.0,5.598329544067383,26.664638469211088
"A(p=17,f=0.40,h=128,lr=0.01,wd=1.0,max=40000)",22,9360,1.0,2.2286953083039407e-07,0.0,5.597692966461182,26.663515729140883
"A(p=17,f=0.40,h=128,lr=0.01,wd=1.0,max=40000)",22,9380,1.0,2.1457670129620965e-07,0.0,5.599977970123291,26.666518141984948
"A(p=17,f=0.40,h=128,lr=0.01,wd=1.0,max=40000)",22,9400,1.0,2.1975971264964755e-07,0.0,5.597096920013428,26.6639015775389
"A(p=17,f=0.40,h=128,lr=0.01,wd=1.0,max=40000)",22,9420,1.0,2.1664990867975575e-07,0.0,5.596334934234619,26.6636451315721
"A(p=17,f=0.40,h=128,lr=0.01,wd=1.0,max=40000)",22,9440,1.0,2.1768651947695616e-07,0.0,5.596645355224609,26.664414207553474
"A(p=17,f=0.40,h=128,lr=0.01,wd=1.0,max=40000)",22,9460,1.0,2.1768651947695616e-07,0.0,5.597884178161621,26.664848371239728
"A(p=17,f=0.40,h=128,lr=0.01,wd=1.0,max=40000)",22,9480,1.0,2.1561331209341006e-07,0.0,5.59862756729126,26.665825294553684
"A(p=17,f=0.40,h=128,lr=0.01,wd=1.0,max=40000)",22,9500,1.0,2.1975971264964755e-07,0.0,5.597061634063721,26.663766152321806
"A(p=17,f=0.40,h=128,lr=0.01,wd=1.0,max=40000)",22,9520,1.0,2.1561331209341006e-07,0.0,5.597907066345215,26.66468268761831
"A(p=17,f=0.40,h=128,lr=0.01,wd=1.0,max=40000)",22,9540,1.0,2.1250349391266354e-07,0.0,5.598948001861572,26.665934221970765
"A(p=17,f=0.40,h=128,lr=0.01,wd=1.0,max=40000)",22,9560,1.0,2.1043030073997215e-07,0.0,5.6004862785339355,26.66642687039283
"A(p=17,f=0.40,h=128,lr=0.01,wd=1.0,max=40000)",22,9580,1.0,2.1664990867975575e-07,0.0,5.598954677581787,26.664134914183652
"A(p=17,f=0.40,h=128,lr=0.01,wd=1.0,max=40000)",22,9600,1.0,2.2494272400308546e-07,0.0,5.597746849060059,26.662672899052243
"A(p=17,f=0.40,h=128,lr=0.01,wd=1.0,max=40000)",22,9620,1.0,2.1975971264964755e-07,0.0,5.597837924957275,26.6622554025638
"A(p=17,f=0.40,h=128,lr=0.01,wd=1.0,max=40000)",22,9640,1.0,2.1561331209341006e-07,0.0,5.598303318023682,26.662873084633876
"A(p=17,f=0.40,h=128,lr=0.01,wd=1.0,max=40000)",22,9660,1.0,2.2183292003319366e-07,0.0,5.597919464111328,26.663378807238725
"A(p=17,f=0.40,h=128,lr=0.01,wd=1.0,max=40000)",22,9680,1.0,2.0939368994277174e-07,0.0,5.599001884460449,26.663441577977554
"A(p=17,f=0.40,h=128,lr=0.01,wd=1.0,max=40000)",22,9700,1.0,2.1250349391266354e-07,0.0,5.5986833572387695,26.66338740193476
"A(p=17,f=0.40,h=128,lr=0.01,wd=1.0,max=40000)",22,9720,1.0,2.2079632344684796e-07,0.0,5.598491191864014,26.662366462656
"A(p=17,f=0.40,h=128,lr=0.01,wd=1.0,max=40000)",22,9740,1.0,2.1872311606330186e-07,0.0,5.597551345825195,26.66202066658774
"A(p=17,f=0.40,h=128,lr=0.01,wd=1.0,max=40000)",22,9760,1.0,2.1768651947695616e-07,0.0,5.597048759460449,26.66301280800087
"A(p=17,f=0.40,h=128,lr=0.01,wd=1.0,max=40000)",22,9780,1.0,2.1457670129620965e-07,0.0,5.598817348480225,26.664162062340857
"A(p=17,f=0.40,h=128,lr=0.01,wd=1.0,max=40000)",22,9800,1.0,2.2390612741673976e-07,0.0,5.596364498138428,26.66084218225458
"A(p=17,f=0.40,h=128,lr=0.01,wd=1.0,max=40000)",22,9820,1.0,2.1457670129620965e-07,0.0,5.597442150115967,26.663015641073258
"A(p=17,f=0.40,h=128,lr=0.01,wd=1.0,max=40000)",22,9840,1.0,2.2183292003319366e-07,0.0,5.59636926651001,26.661291568418623
"A(p=17,f=0.40,h=128,lr=0.01,wd=1.0,max=40000)",22,9860,1.0,2.1664990867975575e-07,0.0,5.5978803634643555,26.66268480802833
"A(p=17,f=0.40,h=128,lr=0.01,wd=1.0,max=40000)",22,9880,1.0,2.0524728938653425e-07,0.0,5.599583148956299,26.665634700763285
"A(p=17,f=0.40,h=128,lr=0.01,wd=1.0,max=40000)",22,9900,1.0,2.3116234615372377e-07,0.0,5.597131252288818,26.66119946781698
"A(p=17,f=0.40,h=128,lr=0.01,wd=1.0,max=40000)",22,9920,1.0,2.1250349391266354e-07,0.0,5.598492622375488,26.66352712025185
"A(p=17,f=0.40,h=128,lr=0.01,wd=1.0,max=40000)",22,9940,1.0,2.1768651947695616e-07,0.0,5.597713470458984,26.661897632635668
"A(p=17,f=0.40,h=128,lr=0.01,wd=1.0,max=40000)",22,9960,1.0,2.1975971264964755e-07,0.0,5.596519470214844,26.661191078104725
"A(p=17,f=0.40,h=128,lr=0.01,wd=1.0,max=40000)",22,9980,1.0,2.0835709335642605e-07,0.0,5.599003791809082,26.664201631546987
"A(p=17,f=0.40,h=128,lr=0.01,wd=1.0,max=40000)",22,10000,1.0,2.0939368994277174e-07,0.0,5.597867012023926,26.66206337192346
"A(p=17,f=0.40,h=128,lr=0.01,wd=1.0,max=40000)",22,10020,1.0,2.2079632344684796e-07,0.0,5.596786975860596,26.66201124378231
"A(p=17,f=0.40,h=128,lr=0.01,wd=1.0,max=40000)",22,10040,1.0,2.2597933480028587e-07,0.0,5.596953392028809,26.662442632204097
"A(p=17,f=0.40,h=128,lr=0.01,wd=1.0,max=40000)",22,10060,1.0,2.1146689732631785e-07,0.0,5.5977654457092285,26.66235966547846
"A(p=17,f=0.40,h=128,lr=0.01,wd=1.0,max=40000)",22,10080,1.0,2.1664990867975575e-07,0.0,5.596724987030029,26.661890512252736
"A(p=17,f=0.40,h=128,lr=0.01,wd=1.0,max=40000)",22,10100,1.0,2.1768651947695616e-07,0.0,5.596624374389648,26.661331276273852
"A(p=17,f=0.40,h=128,lr=0.01,wd=1.0,max=40000)",22,10120,1.0,2.1872311606330186e-07,0.0,5.597770690917969,26.66210652457216
"A(p=17,f=0.40,h=128,lr=0.01,wd=1.0,max=40000)",22,10140,1.0,2.2286953083039407e-07,0.0,5.597001075744629,26.661066965485112
"A(p=17,f=0.40,h=128,lr=0.01,wd=1.0,max=40000)",22,10160,1.0,2.1561331209341006e-07,0.0,5.596810340881348,26.661387029108525
"A(p=17,f=0.40,h=128,lr=0.01,wd=1.0,max=40000)",22,10180,1.0,2.1561331209341006e-07,0.0,5.596810340881348,26.66126081716566
"A(p=17,f=0.40,h=128,lr=0.01,wd=1.0,max=40000)",22,10200,1.0,2.0732048255922564e-07,0.0,5.597660541534424,26.66211487762469
"A(p=17,f=0.40,h=128,lr=0.01,wd=1.0,max=40000)",22,10220,1.0,2.2183292003319366e-07,0.0,5.595032215118408,26.66004277650508
"A(p=17,f=0.40,h=128,lr=0.01,wd=1.0,max=40000)",22,10240,1.0,2.2183292003319366e-07,0.0,5.596672058105469,26.6613293101914
"A(p=17,f=0.40,h=128,lr=0.01,wd=1.0,max=40000)",22,10260,1.0,2.1250349391266354e-07,0.0,5.5970845222473145,26.662143522841617
"A(p=17,f=0.40,h=128,lr=0.01,wd=1.0,max=40000)",22,10280,1.0,2.1561331209341006e-07,0.0,5.597177028656006,26.661137441447142
"A(p=17,f=0.40,h=128,lr=0.01,wd=1.0,max=40000)",22,10300,1.0,2.1146689732631785e-07,0.0,5.5951828956604,26.660419117821245
"A(p=17,f=0.40,h=128,lr=0.01,wd=1.0,max=40000)",22,10320,1.0,2.1146689732631785e-07,0.0,5.596587657928467,26.66196492843146
"A(p=17,f=0.40,h=128,lr=0.01,wd=1.0,max=40000)",22,10340,1.0,2.2701593138663156e-07,0.0,5.595472812652588,26.65981353129457
"A(p=17,f=0.40,h=128,lr=0.01,wd=1.0,max=40000)",22,10360,1.0,2.1664990867975575e-07,0.0,5.596375465393066,26.662215396688072
"A(p=17,f=0.40,h=128,lr=0.01,wd=1.0,max=40000)",22,10380,1.0,2.1664990867975575e-07,0.0,5.594976902008057,26.660942946886905
"A(p=17,f=0.40,h=128,lr=0.01,wd=1.0,max=40000)",22,10400,1.0,2.1768651947695616e-07,0.0,5.596057891845703,26.661093085720232
"A(p=17,f=0.40,h=128,lr=0.01,wd=1.0,max=40000)",22,10420,1.0,2.0732048255922564e-07,0.0,5.595552444458008,26.660907875159083
"A(p=17,f=0.40,h=128,lr=0.01,wd=1.0,max=40000)",22,10440,1.0,2.1664990867975575e-07,0.0,5.5947041511535645,26.660317442693007
"A(p=17,f=0.40,h=128,lr=0.01,wd=1.0,max=40000)",22,10460,1.0,2.1872311606330186e-07,0.0,5.595070838928223,26.660072977336473
"A(p=17,f=0.40,h=128,lr=0.01,wd=1.0,max=40000)",22,10480,1.0,2.2286953083039407e-07,0.0,5.594064235687256,26.658371441869743
"A(p=17,f=0.40,h=128,lr=0.01,wd=1.0,max=40000)",22,10500,1.0,2.1768651947695616e-07,0.0,5.595544338226318,26.66074986865033
"A(p=17,f=0.40,h=128,lr=0.01,wd=1.0,max=40000)",22,10520,1.0,2.1975971264964755e-07,0.0,5.594890594482422,26.66034103667446
"A(p=17,f=0.40,h=128,lr=0.01,wd=1.0,max=40000)",22,10540,1.0,2.2079632344684796e-07,0.0,5.595726490020752,26.659904676905434
"A(p=17,f=0.40,h=128,lr=0.01,wd=1.0,max=40000)",22,10560,1.0,2.1664990867975575e-07,0.0,5.5948591232299805,26.660615120675413
"A(p=17,f=0.40,h=128,lr=0.01,wd=1.0,max=40000)",22,10580,1.0,2.1457670129620965e-07,0.0,5.595843315124512,26.661110693054287
"A(p=17,f=0.40,h=128,lr=0.01,wd=1.0,max=40000)",22,10600,1.0,2.1975971264964755e-07,0.0,5.595335960388184,26.660339184901893
"A(p=17,f=0.40,h=128,lr=0.01,wd=1.0,max=40000)",22,10620,1.0,2.1768651947695616e-07,0.0,5.594115257263184,26.65971206316322
"A(p=17,f=0.40,h=128,lr=0.01,wd=1.0,max=40000)",22,10640,1.0,2.0939368994277174e-07,0.0,5.594381809234619,26.660505442862718
"A(p=17,f=0.40,h=128,lr=0.01,wd=1.0,max=40000)",22,10660,1.0,2.1250349391266354e-07,0.0,5.594444751739502,26.659369060658225
"A(p=17,f=0.40,h=128,lr=0.01,wd=1.0,max=40000)",22,10680,1.0,2.2701593138663156e-07,0.0,5.593576908111572,26.658497114728373
"A(p=17,f=0.40,h=128,lr=0.01,wd=1.0,max=40000)",22,10700,1.0,2.2701593138663156e-07,0.0,5.592899322509766,26.65748445255888
"A(p=17,f=0.40,h=128,lr=0.01,wd=1.0,max=40000)",22,10720,1.0,2.2079632344684796e-07,0.0,5.594095706939697,26.65938673868986
"A(p=17,f=0.40,h=128,lr=0.01,wd=1.0,max=40000)",22,10740,1.0,2.1354010470986395e-07,0.0,5.5939178466796875,26.65953500130774
"A(p=17,f=0.40,h=128,lr=0.01,wd=1.0,max=40000)",22,10760,1.0,2.2390612741673976e-07,0.0,5.593862056732178,26.65922898054441
"A(p=17,f=0.40,h=128,lr=0.01,wd=1.0,max=40000)",22,10780,1.0,2.1043030073997215e-07,0.0,5.593834400177002,26.66072541463706
"A(p=17,f=0.40,h=128,lr=0.01,wd=1.0,max=40000)",22,10800,1.0,2.1561331209341006e-07,0.0,5.593157768249512,26.65900761946119
"A(p=17,f=0.40,h=128,lr=0.01,wd=1.0,max=40000)",22,10820,1.0,2.2183292003319366e-07,0.0,5.593360424041748,26.659128550285654
"A(p=17,f=0.40,h=128,lr=0.01,wd=1.0,max=40000)",22,10840,1.0,2.1975971264964755e-07,0.0,5.592226982116699,26.65801260082634
"A(p=17,f=0.40,h=128,lr=0.01,wd=1.0,max=40000)",22,10860,1.0,2.1043030073997215e-07,0.0,5.592984199523926,26.659816589277902
"A(p=17,f=0.40,h=128,lr=0.01,wd=1.0,max=40000)",22,10880,1.0,2.2494272400308546e-07,0.0,5.5911946296691895,26.656511543742365
"A(p=17,f=0.40,h=128,lr=0.01,wd=1.0,max=40000)",22,10900,1.0,2.1872311606330186e-07,0.0,5.5935492515563965,26.658902040458525
"A(p=17,f=0.40,h=128,lr=0.01,wd=1.0,max=40000)",22,10920,1.0,2.1872311606330186e-07,0.0,5.593418598175049,26.659262621202195
"A(p=17,f=0.40,h=128,lr=0.01,wd=1.0,max=40000)",22,10940,1.0,2.1768651947695616e-07,0.0,5.593384265899658,26.658880198830907
"A(p=17,f=0.40,h=128,lr=0.01,wd=1.0,max=40000)",22,10960,1.0,2.1043030073997215e-07,0.0,5.594967842102051,26.661088653005628
"A(p=17,f=0.40,h=128,lr=0.01,wd=1.0,max=40000)",22,10980,1.0,2.1146689732631785e-07,0.0,5.59285306930542,26.659042800432005
"A(p=17,f=0.40,h=128,lr=0.01,wd=1.0,max=40000)",22,11000,1.0,2.1457670129620965e-07,0.0,5.592418670654297,26.658629329319993
"A(p=17,f=0.40,h=128,lr=0.01,wd=1.0,max=40000)",22,11020,1.0,2.1872311606330186e-07,0.0,5.5927228927612305,26.658694390398345
"A(p=17,f=0.40,h=128,lr=0.01,wd=1.0,max=40000)",22,11040,1.0,2.1768651947695616e-07,0.0,5.593708038330078,26.660575981425218
"A(p=17,f=0.40,h=128,lr=0.01,wd=1.0,max=40000)",22,11060,1.0,2.3116234615372377e-07,0.0,5.589897155761719,26.655808297308745
"A(p=17,f=0.40,h=128,lr=0.01,wd=1.0,max=40000)",22,11080,1.0,2.1872311606330186e-07,0.0,5.591859817504883,26.657789210073496
"A(p=17,f=0.40,h=128,lr=0.01,wd=1.0,max=40000)",22,11100,1.0,2.0524728938653425e-07,0.0,5.5918965339660645,26.658757361718127
"A(p=17,f=0.40,h=128,lr=0.01,wd=1.0,max=40000)",22,11120,1.0,2.1872311606330186e-07,0.0,5.591166973114014,26.657769557365754
"A(p=17,f=0.40,h=128,lr=0.01,wd=1.0,max=40000)",22,11140,1.0,2.1664990867975575e-07,0.0,5.590773582458496,26.656868162736927
"A(p=17,f=0.40,h=128,lr=0.01,wd=1.0,max=40000)",22,11160,1.0,2.2701593138663156e-07,0.0,5.590547561645508,26.656902744795698
"A(p=17,f=0.40,h=128,lr=0.01,wd=1.0,max=40000)",22,11180,1.0,2.1872311606330186e-07,0.0,5.591053009033203,26.657651735745677
"A(p=17,f=0.40,h=128,lr=0.01,wd=1.0,max=40000)",22,11200,1.0,2.2286953083039407e-07,0.0,5.590372562408447,26.656975439433268
"A(p=17,f=0.40,h=128,lr=0.01,wd=1.0,max=40000)",22,11220,1.0,2.1975971264964755e-07,0.0,5.589077949523926,26.656696851695777
"A(p=17,f=0.40,h=128,lr=0.01,wd=1.0,max=40000)",22,11240,1.0,2.1354010470986395e-07,0.0,5.592071533203125,26.65972394951848
"A(p=17,f=0.40,h=128,lr=0.01,wd=1.0,max=40000)",22,11260,1.0,2.2390612741673976e-07,0.0,5.58994197845459,26.656590580613983
"A(p=17,f=0.40,h=128,lr=0.01,wd=1.0,max=40000)",22,11280,1.0,2.2390612741673976e-07,0.0,5.5903425216674805,26.657889125529394
"A(p=17,f=0.40,h=128,lr=0.01,wd=1.0,max=40000)",22,11300,1.0,2.1664990867975575e-07,0.0,5.589506149291992,26.657282793488566
"A(p=17,f=0.40,h=128,lr=0.01,wd=1.0,max=40000)",22,11320,1.0,2.0835709335642605e-07,0.0,5.591523170471191,26.65928054086105
"A(p=17,f=0.40,h=128,lr=0.01,wd=1.0,max=40000)",22,11340,1.0,2.1768651947695616e-07,0.0,5.589674949645996,26.6560479750914
"A(p=17,f=0.40,h=128,lr=0.01,wd=1.0,max=40000)",22,11360,1.0,2.2079632344684796e-07,0.0,5.590488433837891,26.656495840624522
"A(p=17,f=0.40,h=128,lr=0.01,wd=1.0,max=40000)",22,11380,1.0,2.2079632344684796e-07,0.0,5.589427471160889,26.656429639235377
"A(p=17,f=0.40,h=128,lr=0.01,wd=1.0,max=40000)",22,11400,1.0,2.1250349391266354e-07,0.0,5.592820644378662,26.659232729413084
"A(p=17,f=0.40,h=128,lr=0.01,wd=1.0,max=40000)",22,11420,1.0,2.1872311606330186e-07,0.0,5.590549468994141,26.65822661943915
"A(p=17,f=0.40,h=128,lr=0.01,wd=1.0,max=40000)",22,11440,1.0,2.2390612741673976e-07,0.0,5.588813781738281,26.655194257282854
"A(p=17,f=0.40,h=128,lr=0.01,wd=1.0,max=40000)",22,11460,1.0,2.1146689732631785e-07,0.0,5.5926642417907715,26.65904387339336
"A(p=17,f=0.40,h=128,lr=0.01,wd=1.0,max=40000)",22,11480,1.0,2.2079632344684796e-07,0.0,5.591324806213379,26.65752079343937
"A(p=17,f=0.40,h=128,lr=0.01,wd=1.0,max=40000)",22,11500,1.0,2.1146689732631785e-07,0.0,5.591078281402588,26.657046536583962
"A(p=17,f=0.40,h=128,lr=0.01,wd=1.0,max=40000)",22,11520,1.0,2.2701593138663156e-07,0.0,5.58940315246582,26.656383438824225
"A(p=17,f=0.40,h=128,lr=0.01,wd=1.0,max=40000)",22,11540,1.0,2.2286953083039407e-07,0.0,5.590100288391113,26.65579867716376
"A(p=17,f=0.40,h=128,lr=0.01,wd=1.0,max=40000)",22,11560,1.0,2.1457670129620965e-07,0.0,5.592785358428955,26.659215751657584
"A(p=17,f=0.40,h=128,lr=0.01,wd=1.0,max=40000)",22,11580,1.0,2.1354010470986395e-07,0.0,5.591705322265625,26.65747384456454
"A(p=17,f=0.40,h=128,lr=0.01,wd=1.0,max=40000)",22,11600,1.0,2.1146689732631785e-07,0.0,5.593693733215332,26.658539814793883
"A(p=17,f=0.40,h=128,lr=0.01,wd=1.0,max=40000)",22,11620,1.0,2.2079632344684796e-07,0.0,5.590854167938232,26.656064682636828
"A(p=17,f=0.40,h=128,lr=0.01,wd=1.0,max=40000)",22,11640,1.0,2.1872311606330186e-07,0.0,5.591569423675537,26.656826299742185
"A(p=17,f=0.40,h=128,lr=0.01,wd=1.0,max=40000)",22,11660,1.0,2.1872311606330186e-07,0.0,5.5904860496521,26.656288845683587
"A(p=17,f=0.40,h=128,lr=0.01,wd=1.0,max=40000)",22,11680,1.0,2.1250349391266354e-07,0.0,5.591495037078857,26.657077115719087
"A(p=17,f=0.40,h=128,lr=0.01,wd=1.0,max=40000)",22,11700,1.0,2.2079632344684796e-07,0.0,5.589418411254883,26.65534450132867
"A(p=17,f=0.40,h=128,lr=0.01,wd=1.0,max=40000)",22,11720,1.0,2.1561331209341006e-07,0.0,5.591188907623291,26.656455297117713
"A(p=17,f=0.40,h=128,lr=0.01,wd=1.0,max=40000)",22,11740,1.0,2.1457670129620965e-07,0.0,5.592655658721924,26.658567460786642
"A(p=17,f=0.40,h=128,lr=0.01,wd=1.0,max=40000)",22,11760,1.0,2.1043030073997215e-07,0.0,5.591149806976318,26.657371447642095
"A(p=17,f=0.40,h=128,lr=0.01,wd=1.0,max=40000)",22,11780,1.0,2.1768651947695616e-07,0.0,5.592193603515625,26.65781173232062
"A(p=17,f=0.40,h=128,lr=0.01,wd=1.0,max=40000)",22,11800,1.0,2.1561331209341006e-07,0.0,5.589503765106201,26.656334247244722
"A(p=17,f=0.40,h=128,lr=0.01,wd=1.0,max=40000)",22,11820,1.0,2.1561331209341006e-07,0.0,5.5918426513671875,26.65882660818486
"A(p=17,f=0.40,h=128,lr=0.01,wd=1.0,max=40000)",22,11840,1.0,2.2183292003319366e-07,0.0,5.590372085571289,26.65570061147246
"A(p=17,f=0.40,h=128,lr=0.01,wd=1.0,max=40000)",22,11860,1.0,2.1354010470986395e-07,0.0,5.591405391693115,26.656860211214436
"A(p=17,f=0.40,h=128,lr=0.01,wd=1.0,max=40000)",22,11880,1.0,2.1872311606330186e-07,0.0,5.592689037322998,26.659072390035544
"A(p=17,f=0.40,h=128,lr=0.01,wd=1.0,max=40000)",22,11900,1.0,2.2286953083039407e-07,0.0,5.589901924133301,26.65574282109534
"A(p=17,f=0.40,h=128,lr=0.01,wd=1.0,max=40000)",22,11920,1.0,2.1146689732631785e-07,0.0,5.591411113739014,26.658072442997735
"A(p=17,f=0.40,h=128,lr=0.01,wd=1.0,max=40000)",22,11940,1.0,2.1975971264964755e-07,0.0,5.588772773742676,26.654613013709632
"A(p=17,f=0.40,h=128,lr=0.01,wd=1.0,max=40000)",22,11960,1.0,2.1872311606330186e-07,0.0,5.589958667755127,26.656518113272362
"A(p=17,f=0.40,h=128,lr=0.01,wd=1.0,max=40000)",22,11980,1.0,2.0835709335642605e-07,0.0,5.590760707855225,26.658054019115074
"A(p=17,f=0.40,h=128,lr=0.01,wd=1.0,max=40000)",22,12000,1.0,2.1561331209341006e-07,0.0,5.591623306274414,26.657239461776804
"A(p=17,f=0.40,h=128,lr=0.01,wd=1.0,max=40000)",22,12020,1.0,2.1250349391266354e-07,0.0,5.590808391571045,26.656815737013645
"A(p=17,f=0.40,h=128,lr=0.01,wd=1.0,max=40000)",22,12040,1.0,2.1250349391266354e-07,0.0,5.591970920562744,26.65695021240552
"A(p=17,f=0.40,h=128,lr=0.01,wd=1.0,max=40000)",22,12060,1.0,2.1146689732631785e-07,0.0,5.590205192565918,26.657009144372616
"A(p=17,f=0.40,h=128,lr=0.01,wd=1.0,max=40000)",22,12080,1.0,2.1457670129620965e-07,0.0,5.589578151702881,26.655876556430062
"A(p=17,f=0.40,h=128,lr=0.01,wd=1.0,max=40000)",22,12100,1.0,2.1664990867975575e-07,0.0,5.589179515838623,26.656645945925845
"A(p=17,f=0.40,h=128,lr=0.01,wd=1.0,max=40000)",22,12120,1.0,2.1561331209341006e-07,0.0,5.588654518127441,26.655945066575416
"A(p=17,f=0.40,h=128,lr=0.01,wd=1.0,max=40000)",22,12140,1.0,2.2183292003319366e-07,0.0,5.588717937469482,26.655695468847554
"A(p=17,f=0.40,h=128,lr=0.01,wd=1.0,max=40000)",22,12160,1.0,2.1768651947695616e-07,0.0,5.589223384857178,26.657293244647537
"A(p=17,f=0.40,h=128,lr=0.01,wd=1.0,max=40000)",22,12180,1.0,2.2390612741673976e-07,0.0,5.5866241455078125,26.655387606594903
"A(p=17,f=0.40,h=128,lr=0.01,wd=1.0,max=40000)",22,12200,1.0,2.2286953083039407e-07,0.0,5.589385509490967,26.657224256577564
"A(p=17,f=0.40,h=128,lr=0.01,wd=1.0,max=40000)",22,12220,1.0,2.1975971264964755e-07,0.0,5.589029312133789,26.656750156769903
"A(p=17,f=0.40,h=128,lr=0.01,wd=1.0,max=40000)",22,12240,1.0,2.2079632344684796e-07,0.0,5.587426662445068,26.65487503115484
"A(p=17,f=0.40,h=128,lr=0.01,wd=1.0,max=40000)",22,12260,1.0,2.2286953083039407e-07,0.0,5.588747978210449,26.656371462229277
"A(p=17,f=0.40,h=128,lr=0.01,wd=1.0,max=40000)",22,12280,1.0,2.2494272400308546e-07,0.0,5.586668968200684,26.655068163408586
"A(p=17,f=0.40,h=128,lr=0.01,wd=1.0,max=40000)",22,12300,1.0,2.1146689732631785e-07,0.0,5.587735652923584,26.65525617555309
"A(p=17,f=0.40,h=128,lr=0.01,wd=1.0,max=40000)",22,12320,1.0,2.2183292003319366e-07,0.0,5.587613582611084,26.65570919461023
"A(p=17,f=0.40,h=128,lr=0.01,wd=1.0,max=40000)",22,12340,1.0,2.1768651947695616e-07,0.0,5.588210105895996,26.65583712984991
"A(p=17,f=0.40,h=128,lr=0.01,wd=1.0,max=40000)",22,12360,1.0,2.0835709335642605e-07,0.0,5.589828014373779,26.657665341977694
"A(p=17,f=0.40,h=128,lr=0.01,wd=1.0,max=40000)",22,12380,1.0,2.2286953083039407e-07,0.0,5.588606834411621,26.656515035129893
"A(p=17,f=0.40,h=128,lr=0.01,wd=1.0,max=40000)",22,12400,1.0,2.1561331209341006e-07,0.0,5.587453365325928,26.6566798469843
"A(p=17,f=0.40,h=128,lr=0.01,wd=1.0,max=40000)",22,12420,1.0,2.1872311606330186e-07,0.0,5.587879657745361,26.656047963367932
"A(p=17,f=0.40,h=128,lr=0.01,wd=1.0,max=40000)",22,12440,1.0,2.1768651947695616e-07,0.0,5.58721399307251,26.655668842897484
"A(p=17,f=0.40,h=128,lr=0.01,wd=1.0,max=40000)",22,12460,1.0,2.1768651947695616e-07,0.0,5.5872578620910645,26.656096146956248
"A(p=17,f=0.40,h=128,lr=0.01,wd=1.0,max=40000)",22,12480,1.0,2.1457670129620965e-07,0.0,5.58828592300415,26.657037763917696
"A(p=17,f=0.40,h=128,lr=0.01,wd=1.0,max=40000)",22,12500,1.0,2.1457670129620965e-07,0.0,5.588530540466309,26.656661678052025
"A(p=17,f=0.40,h=128,lr=0.01,wd=1.0,max=40000)",22,12520,1.0,2.1561331209341006e-07,0.0,5.5895280838012695,26.65811913094197
"A(p=17,f=0.40,h=128,lr=0.01,wd=1.0,max=40000)",22,12540,1.0,2.1146689732631785e-07,0.0,5.5911664962768555,26.65964290619437
"A(p=17,f=0.40,h=128,lr=0.01,wd=1.0,max=40000)",22,12560,1.0,2.1768651947695616e-07,0.0,5.588900089263916,26.656846353952492
"A(p=17,f=0.40,h=128,lr=0.01,wd=1.0,max=40000)",22,12580,1.0,2.1975971264964755e-07,0.0,5.588883399963379,26.656496694390338
"A(p=17,f=0.40,h=128,lr=0.01,wd=1.0,max=40000)",22,12600,1.0,2.2286953083039407e-07,0.0,5.587724685668945,26.655721852219582
"A(p=17,f=0.40,h=128,lr=0.01,wd=1.0,max=40000)",22,12620,1.0,2.1975971264964755e-07,0.0,5.589309215545654,26.65743608277787
"A(p=17,f=0.40,h=128,lr=0.01,wd=1.0,max=40000)",22,12640,1.0,2.1250349391266354e-07,0.0,5.588874816894531,26.657046332352994
"A(p=17,f=0.40,h=128,lr=0.01,wd=1.0,max=40000)",22,12660,1.0,2.2597933480028587e-07,0.0,5.586764335632324,26.6549262303659
"A(p=17,f=0.40,h=128,lr=0.01,wd=1.0,max=40000)",22,12680,1.0,2.1457670129620965e-07,0.0,5.588204383850098,26.656261133816326
"A(p=17,f=0.40,h=128,lr=0.01,wd=1.0,max=40000)",22,12700,1.0,2.2079632344684796e-07,0.0,5.58986759185791,26.657487766832496
"A(p=17,f=0.40,h=128,lr=0.01,wd=1.0,max=40000)",22,12720,1.0,2.0732048255922564e-07,0.0,5.589290618896484,26.657434675786966
"A(p=17,f=0.40,h=128,lr=0.01,wd=1.0,max=40000)",22,12740,1.0,2.0939368994277174e-07,0.0,5.588681221008301,26.656674176783394
"A(p=17,f=0.40,h=128,lr=0.01,wd=1.0,max=40000)",22,12760,1.0,2.1664990867975575e-07,0.0,5.588540077209473,26.657588197975198
"A(p=17,f=0.40,h=128,lr=0.01,wd=1.0,max=40000)",22,12780,1.0,2.1561331209341006e-07,0.0,5.588765621185303,26.657549318961262
"A(p=17,f=0.40,h=128,lr=0.01,wd=1.0,max=40000)",22,12800,1.0,2.1043030073997215e-07,0.0,5.588898181915283,26.656869839929133
"A(p=17,f=0.40,h=128,lr=0.01,wd=1.0,max=40000)",22,12820,1.0,2.0732048255922564e-07,0.0,5.589702129364014,26.658497168858116
"A(p=17,f=0.40,h=128,lr=0.01,wd=1.0,max=40000)",22,12840,1.0,2.1250349391266354e-07,0.0,5.5905985832214355,26.65845514878388
"A(p=17,f=0.40,h=128,lr=0.01,wd=1.0,max=40000)",22,12860,1.0,2.1043030073997215e-07,0.0,5.5872721672058105,26.65630843894627
"A(p=17,f=0.40,h=128,lr=0.01,wd=1.0,max=40000)",22,12880,1.0,2.1975971264964755e-07,0.0,5.587452411651611,26.655769585401945
"A(p=17,f=0.40,h=128,lr=0.01,wd=1.0,max=40000)",22,12900,1.0,2.1457670129620965e-07,0.0,5.58602237701416,26.65461473296296
"A(p=17,f=0.40,h=128,lr=0.01,wd=1.0,max=40000)",22,12920,1.0,2.1664990867975575e-07,0.0,5.587810039520264,26.65648963492255
"A(p=17,f=0.40,h=128,lr=0.01,wd=1.0,max=40000)",22,12940,1.0,2.1768651947695616e-07,0.0,5.586880683898926,26.656763066619884
"A(p=17,f=0.40,h=128,lr=0.01,wd=1.0,max=40000)",22,12960,1.0,2.2183292003319366e-07,0.0,5.588214874267578,26.657228316791585
"A(p=17,f=0.40,h=128,lr=0.01,wd=1.0,max=40000)",22,12980,1.0,2.2183292003319366e-07,0.0,5.587481498718262,26.656400677252257
"A(p=17,f=0.40,h=128,lr=0.01,wd=1.0,max=40000)",22,13000,1.0,2.1975971264964755e-07,0.0,5.587245464324951,26.655900772929495
"A(p=17,f=0.40,h=128,lr=0.01,wd=1.0,max=40000)",22,13020,1.0,2.0939368994277174e-07,0.0,5.589384078979492,26.657552999251973
"A(p=17,f=0.40,h=128,lr=0.01,wd=1.0,max=40000)",22,13040,1.0,2.1457670129620965e-07,0.0,5.587891578674316,26.657256183268824
"A(p=17,f=0.40,h=128,lr=0.01,wd=1.0,max=40000)",22,13060,1.0,2.1354010470986395e-07,0.0,5.588617324829102,26.656499332537656
"A(p=17,f=0.40,h=128,lr=0.01,wd=1.0,max=40000)",22,13080,1.0,2.2079632344684796e-07,0.0,5.586092472076416,26.655599030609928
"A(p=17,f=0.40,h=128,lr=0.01,wd=1.0,max=40000)",22,13100,1.0,2.1975971264964755e-07,0.0,5.5873332023620605,26.656253148385048
"A(p=17,f=0.40,h=128,lr=0.01,wd=1.0,max=40000)",22,13120,1.0,2.2701593138663156e-07,0.0,5.586092472076416,26.654053119799663
"A(p=17,f=0.40,h=128,lr=0.01,wd=1.0,max=40000)",22,13140,1.0,2.2286953083039407e-07,0.0,5.588030815124512,26.65587566097761
"A(p=17,f=0.40,h=128,lr=0.01,wd=1.0,max=40000)",22,13160,1.0,2.1768651947695616e-07,0.0,5.587160587310791,26.656175513019335
"A(p=17,f=0.40,h=128,lr=0.01,wd=1.0,max=40000)",22,13180,1.0,2.1354010470986395e-07,0.0,5.587839126586914,26.65642000043043
"A(p=17,f=0.40,h=128,lr=0.01,wd=1.0,max=40000)",22,13200,1.0,2.1872311606330186e-07,0.0,5.588070392608643,26.655949459130316
"A(p=17,f=0.40,h=128,lr=0.01,wd=1.0,max=40000)",22,13220,1.0,2.1043030073997215e-07,0.0,5.590559482574463,26.658321423600373
"A(p=17,f=0.40,h=128,lr=0.01,wd=1.0,max=40000)",22,13240,1.0,2.1354010470986395e-07,0.0,5.5869927406311035,26.654910738532255
"A(p=17,f=0.40,h=128,lr=0.01,wd=1.0,max=40000)",22,13260,1.0,2.1561331209341006e-07,0.0,5.588479995727539,26.656406628163314
"A(p=17,f=0.40,h=128,lr=0.01,wd=1.0,max=40000)",22,13280,1.0,2.2286953083039407e-07,0.0,5.588074684143066,26.65657468323612
"A(p=17,f=0.40,h=128,lr=0.01,wd=1.0,max=40000)",22,13300,1.0,2.1975971264964755e-07,0.0,5.586885452270508,26.65453997956576
"A(p=17,f=0.40,h=128,lr=0.01,wd=1.0,max=40000)",22,13320,1.0,2.2390612741673976e-07,0.0,5.586701393127441,26.655015185179575
"A(p=17,f=0.40,h=128,lr=0.01,wd=1.0,max=40000)",22,13340,1.0,2.2805254218383197e-07,0.0,5.586284637451172,26.654868105094863
"A(p=17,f=0.40,h=128,lr=0.01,wd=1.0,max=40000)",22,13360,1.0,2.1457670129620965e-07,0.0,5.587438583374023,26.655563875833916
"A(p=17,f=0.40,h=128,lr=0.01,wd=1.0,max=40000)",22,13380,1.0,2.1664990867975575e-07,0.0,5.587447643280029,26.65521519877751
"A(p=17,f=0.40,h=128,lr=0.01,wd=1.0,max=40000)",22,13400,1.0,2.1457670129620965e-07,0.0,5.587368965148926,26.65502507693083
"A(p=17,f=0.40,h=128,lr=0.01,wd=1.0,max=40000)",22,13420,1.0,2.1146689732631785e-07,0.0,5.586376667022705,26.654798019505613
"A(p=17,f=0.40,h=128,lr=0.01,wd=1.0,max=40000)",22,13440,1.0,2.1872311606330186e-07,0.0,5.5878376960754395,26.655738597254242
"A(p=17,f=0.40,h=128,lr=0.01,wd=1.0,max=40000)",22,13460,1.0,2.2286953083039407e-07,0.0,5.587832450866699,26.6552971155745
"A(p=17,f=0.40,h=128,lr=0.01,wd=1.0,max=40000)",22,13480,1.0,2.2390612741673976e-07,0.0,5.587738513946533,26.65532408051401
"A(p=17,f=0.40,h=128,lr=0.01,wd=1.0,max=40000)",22,13500,1.0,2.1354010470986395e-07,0.0,5.586699485778809,26.65518874446742
"A(p=17,f=0.40,h=128,lr=0.01,wd=1.0,max=40000)",22,13520,1.0,2.1354010470986395e-07,0.0,5.588380336761475,26.656012339930026
"A(p=17,f=0.40,h=128,lr=0.01,wd=1.0,max=40000)",22,13540,1.0,2.2805254218383197e-07,0.0,5.585671424865723,26.654094911537047
"A(p=17,f=0.40,h=128,lr=0.01,wd=1.0,max=40000)",22,13560,1.0,2.1664990867975575e-07,0.0,5.587920665740967,26.655595109315396
"A(p=17,f=0.40,h=128,lr=0.01,wd=1.0,max=40000)",22,13580,1.0,2.2183292003319366e-07,0.0,5.586332321166992,26.65456331437089
"A(p=17,f=0.40,h=128,lr=0.01,wd=1.0,max=40000)",22,13600,1.0,2.2286953083039407e-07,0.0,5.586564064025879,26.655182244496814
"A(p=17,f=0.40,h=128,lr=0.01,wd=1.0,max=40000)",22,13620,1.0,2.1457670129620965e-07,0.0,5.586912155151367,26.655000191016327
"A(p=17,f=0.40,h=128,lr=0.01,wd=1.0,max=40000)",22,13640,1.0,2.1975971264964755e-07,0.0,5.587283134460449,26.654947869246364
"A(p=17,f=0.40,h=128,lr=0.01,wd=1.0,max=40000)",22,13660,1.0,2.2079632344684796e-07,0.0,5.586750507354736,26.654617813805295
"A(p=17,f=0.40,h=128,lr=0.01,wd=1.0,max=40000)",22,13680,1.0,2.2390612741673976e-07,0.0,5.587362766265869,26.654665278236195
"A(p=17,f=0.40,h=128,lr=0.01,wd=1.0,max=40000)",22,13700,1.0,2.1872311606330186e-07,0.0,5.585615158081055,26.654087281200336
"A(p=17,f=0.40,h=128,lr=0.01,wd=1.0,max=40000)",22,13720,1.0,2.1975971264964755e-07,0.0,5.584676742553711,26.65388623484695
"A(p=17,f=0.40,h=128,lr=0.01,wd=1.0,max=40000)",22,13740,1.0,2.2286953083039407e-07,0.0,5.586297035217285,26.65506652017665
"A(p=17,f=0.40,h=128,lr=0.01,wd=1.0,max=40000)",22,13760,1.0,2.2079632344684796e-07,0.0,5.58754301071167,26.656428413434337
"A(p=17,f=0.40,h=128,lr=0.01,wd=1.0,max=40000)",22,13780,1.0,2.1250349391266354e-07,0.0,5.5872111320495605,26.65605292550289
"A(p=17,f=0.40,h=128,lr=0.01,wd=1.0,max=40000)",22,13800,1.0,2.1354010470986395e-07,0.0,5.5872416496276855,26.654745241276114
"A(p=17,f=0.40,h=128,lr=0.01,wd=1.0,max=40000)",22,13820,1.0,2.1561331209341006e-07,0.0,5.588510990142822,26.656391941468097
"A(p=17,f=0.40,h=128,lr=0.01,wd=1.0,max=40000)",22,13840,1.0,2.2183292003319366e-07,0.0,5.586735725402832,26.654391949956057
"A(p=17,f=0.40,h=128,lr=0.01,wd=1.0,max=40000)",22,13860,1.0,2.2597933480028587e-07,0.0,5.586667537689209,26.655663945168808
"A(p=17,f=0.40,h=128,lr=0.01,wd=1.0,max=40000)",22,13880,1.0,2.1975971264964755e-07,0.0,5.589128017425537,26.65701573400561
"A(p=17,f=0.40,h=128,lr=0.01,wd=1.0,max=40000)",22,13900,1.0,2.1872311606330186e-07,0.0,5.587231636047363,26.654641183245857
"A(p=17,f=0.40,h=128,lr=0.01,wd=1.0,max=40000)",22,13920,1.0,2.1354010470986395e-07,0.0,5.587189197540283,26.654731658527655
"A(p=17,f=0.40,h=128,lr=0.01,wd=1.0,max=40000)",22,13940,1.0,2.0835709335642605e-07,0.0,5.588379383087158,26.656862758380353
"A(p=17,f=0.40,h=128,lr=0.01,wd=1.0,max=40000)",22,13960,1.0,2.1250349391266354e-07,0.0,5.588609218597412,26.656376917157182
"A(p=17,f=0.40,h=128,lr=0.01,wd=1.0,max=40000)",22,13980,1.0,2.1768651947695616e-07,0.0,5.58758544921875,26.655713265389284
"A(p=17,f=0.40,h=128,lr=0.01,wd=1.0,max=40000)",22,14000,1.0,2.1043030073997215e-07,0.0,5.5884318351745605,26.65613378754338
"A(p=17,f=0.40,h=128,lr=0.01,wd=1.0,max=40000)",22,14020,1.0,2.1457670129620965e-07,0.0,5.5889763832092285,26.657188889690104
"A(p=17,f=0.40,h=128,lr=0.01,wd=1.0,max=40000)",22,14040,1.0,2.1872311606330186e-07,0.0,5.5865864753723145,26.65479167156604
"A(p=17,f=0.40,h=128,lr=0.01,wd=1.0,max=40000)",22,14060,1.0,2.2390612741673976e-07,0.0,5.586912631988525,26.65422315808987
"A(p=17,f=0.40,h=128,lr=0.01,wd=1.0,max=40000)",22,14080,1.0,2.2390612741673976e-07,0.0,5.585938930511475,26.653462945367927
"A(p=17,f=0.40,h=128,lr=0.01,wd=1.0,max=40000)",22,14100,1.0,2.1561331209341006e-07,0.0,5.58760404586792,26.655678885950607
"A(p=17,f=0.40,h=128,lr=0.01,wd=1.0,max=40000)",22,14120,1.0,2.1975971264964755e-07,0.0,5.5882720947265625,26.656042648984766
"A(p=17,f=0.40,h=128,lr=0.01,wd=1.0,max=40000)",22,14140,1.0,2.1872311606330186e-07,0.0,5.588006973266602,26.65694639933734
"A(p=17,f=0.40,h=128,lr=0.01,wd=1.0,max=40000)",22,14160,1.0,2.2286953083039407e-07,0.0,5.587372779846191,26.655174291722393
"A(p=17,f=0.40,h=128,lr=0.01,wd=1.0,max=40000)",22,14180,1.0,2.2390612741673976e-07,0.0,5.586056232452393,26.65394311791288
"A(p=17,f=0.40,h=128,lr=0.01,wd=1.0,max=40000)",22,14200,1.0,2.1561331209341006e-07,0.0,5.588129997253418,26.656592077328924
"A(p=17,f=0.40,h=128,lr=0.01,wd=1.0,max=40000)",22,14220,1.0,2.1872311606330186e-07,0.0,5.587858200073242,26.655564726879984
"A(p=17,f=0.40,h=128,lr=0.01,wd=1.0,max=40000)",22,14240,1.0,2.1664990867975575e-07,0.0,5.586243629455566,26.653795613905483
"A(p=17,f=0.40,h=128,lr=0.01,wd=1.0,max=40000)",22,14260,1.0,2.2183292003319366e-07,0.0,5.587360858917236,26.654689731203344
"A(p=17,f=0.40,h=128,lr=0.01,wd=1.0,max=40000)",22,14280,1.0,2.2494272400308546e-07,0.0,5.586874485015869,26.654889335370633
"A(p=17,f=0.40,h=128,lr=0.01,wd=1.0,max=40000)",22,14300,1.0,2.2805254218383197e-07,0.0,5.587657451629639,26.653972364024305
"A(p=17,f=0.40,h=128,lr=0.01,wd=1.0,max=40000)",22,14320,1.0,2.1664990867975575e-07,0.0,5.58989953994751,26.65788350562403
"A(p=17,f=0.40,h=128,lr=0.01,wd=1.0,max=40000)",22,14340,1.0,2.1250349391266354e-07,0.0,5.58848762512207,26.655967120116983
"A(p=17,f=0.40,h=128,lr=0.01,wd=1.0,max=40000)",22,14360,1.0,2.1043030073997215e-07,0.0,5.5900421142578125,26.65791938184433
"A(p=17,f=0.40,h=128,lr=0.01,wd=1.0,max=40000)",22,14380,1.0,2.1872311606330186e-07,0.0,5.587790489196777,26.65427789849442
"A(p=17,f=0.40,h=128,lr=0.01,wd=1.0,max=40000)",22,14400,1.0,2.1768651947695616e-07,0.0,5.587876796722412,26.654627926047905
"A(p=17,f=0.40,h=128,lr=0.01,wd=1.0,max=40000)",22,14420,1.0,2.2079632344684796e-07,0.0,5.587499618530273,26.655397067569908
"A(p=17,f=0.40,h=128,lr=0.01,wd=1.0,max=40000)",22,14440,1.0,2.2183292003319366e-07,0.0,5.588392734527588,26.655224068839722
"A(p=17,f=0.40,h=128,lr=0.01,wd=1.0,max=40000)",22,14460,1.0,2.1457670129620965e-07,0.0,5.590024471282959,26.657898269202892
"A(p=17,f=0.40,h=128,lr=0.01,wd=1.0,max=40000)",22,14480,1.0,2.2183292003319366e-07,0.0,5.587788105010986,26.65443917734377
"A(p=17,f=0.40,h=128,lr=0.01,wd=1.0,max=40000)",22,14500,1.0,2.1561331209341006e-07,0.0,5.589291095733643,26.657037207745237
"A(p=17,f=0.40,h=128,lr=0.01,wd=1.0,max=40000)",22,14520,1.0,2.1975971264964755e-07,0.0,5.5879597663879395,26.654708287159565
"A(p=17,f=0.40,h=128,lr=0.01,wd=1.0,max=40000)",22,14540,1.0,2.1975971264964755e-07,0.0,5.587989330291748,26.654464982925102
"A(p=17,f=0.40,h=128,lr=0.01,wd=1.0,max=40000)",22,14560,1.0,2.1872311606330186e-07,0.0,5.5887908935546875,26.655681914391156
"A(p=17,f=0.40,h=128,lr=0.01,wd=1.0,max=40000)",22,14580,1.0,2.2701593138663156e-07,0.0,5.586961269378662,26.654289130072787
"A(p=17,f=0.40,h=128,lr=0.01,wd=1.0,max=40000)",22,14600,1.0,2.2286953083039407e-07,0.0,5.587233543395996,26.654494831038573
"A(p=17,f=0.40,h=128,lr=0.01,wd=1.0,max=40000)",22,14620,1.0,2.1975971264964755e-07,0.0,5.588939189910889,26.65688612914342
"A(p=17,f=0.40,h=128,lr=0.01,wd=1.0,max=40000)",22,14640,1.0,2.2183292003319366e-07,0.0,5.586910247802734,26.65461654922351
"A(p=17,f=0.40,h=128,lr=0.01,wd=1.0,max=40000)",22,14660,1.0,2.1975971264964755e-07,0.0,5.587373733520508,26.655757148761396
"A(p=17,f=0.40,h=128,lr=0.01,wd=1.0,max=40000)",22,14680,1.0,2.2183292003319366e-07,0.0,5.588230609893799,26.656181793712303
"A(p=17,f=0.40,h=128,lr=0.01,wd=1.0,max=40000)",22,14700,1.0,2.2597933480028587e-07,0.0,5.585773468017578,26.653601624717037
"A(p=17,f=0.40,h=128,lr=0.01,wd=1.0,max=40000)",22,14720,1.0,2.0939368994277174e-07,0.0,5.587826728820801,26.656096064722263
"A(p=17,f=0.40,h=128,lr=0.01,wd=1.0,max=40000)",22,14740,1.0,2.1975971264964755e-07,0.0,5.586944103240967,26.654258763865055
"A(p=17,f=0.40,h=128,lr=0.01,wd=1.0,max=40000)",22,14760,1.0,2.1561331209341006e-07,0.0,5.587728500366211,26.655300182716143
"A(p=17,f=0.40,h=128,lr=0.01,wd=1.0,max=40000)",22,14780,1.0,2.2079632344684796e-07,0.0,5.589231967926025,26.65685104271338
"A(p=17,f=0.40,h=128,lr=0.01,wd=1.0,max=40000)",22,14800,1.0,2.1146689732631785e-07,0.0,5.588678359985352,26.656463203500554
"A(p=17,f=0.40,h=128,lr=0.01,wd=1.0,max=40000)",22,14820,1.0,2.1043030073997215e-07,0.0,5.588024139404297,26.656582046578993
"A(p=17,f=0.40,h=128,lr=0.01,wd=1.0,max=40000)",22,14840,1.0,2.1043030073997215e-07,0.0,5.5884857177734375,26.65675180164307
"A(p=17,f=0.40,h=128,lr=0.01,wd=1.0,max=40000)",22,14860,1.0,2.1354010470986395e-07,0.0,5.588451385498047,26.656375350943286
"A(p=17,f=0.40,h=128,lr=0.01,wd=1.0,max=40000)",22,14880,1.0,2.2286953083039407e-07,0.0,5.586598873138428,26.655217548088775
"A(p=17,f=0.40,h=128,lr=0.01,wd=1.0,max=40000)",22,14900,1.0,2.2390612741673976e-07,0.0,5.586944580078125,26.6550354753126
"A(p=17,f=0.40,h=128,lr=0.01,wd=1.0,max=40000)",22,14920,1.0,2.1043030073997215e-07,0.0,5.588523864746094,26.657298547907047
"A(p=17,f=0.40,h=128,lr=0.01,wd=1.0,max=40000)",22,14940,1.0,2.1975971264964755e-07,0.0,5.587574005126953,26.656015980216452
"A(p=17,f=0.40,h=128,lr=0.01,wd=1.0,max=40000)",22,14960,1.0,2.1768651947695616e-07,0.0,5.586700916290283,26.655409131833757
"A(p=17,f=0.40,h=128,lr=0.01,wd=1.0,max=40000)",22,14980,1.0,2.1561331209341006e-07,0.0,5.588574409484863,26.656774574328182
"A(p=17,f=0.40,h=128,lr=0.01,wd=1.0,max=40000)",22,15000,1.0,2.2390612741673976e-07,0.0,5.585061073303223,26.652286182908405
"A(p=17,f=0.40,h=128,lr=0.01,wd=1.0,max=40000)",22,15020,1.0,2.2079632344684796e-07,0.0,5.588001728057861,26.655902270628808
"A(p=17,f=0.40,h=128,lr=0.01,wd=1.0,max=40000)",22,15040,1.0,2.1872311606330186e-07,0.0,5.588957786560059,26.65666280229202
"A(p=17,f=0.40,h=128,lr=0.01,wd=1.0,max=40000)",22,15060,1.0,2.2079632344684796e-07,0.0,5.587642192840576,26.656041441585923
"A(p=17,f=0.40,h=128,lr=0.01,wd=1.0,max=40000)",22,15080,1.0,2.2805254218383197e-07,0.0,5.586491584777832,26.653676423696485
"A(p=17,f=0.40,h=128,lr=0.01,wd=1.0,max=40000)",22,15100,1.0,2.2286953083039407e-07,0.0,5.588272571563721,26.655821809356333
"A(p=17,f=0.40,h=128,lr=0.01,wd=1.0,max=40000)",22,15120,1.0,2.1664990867975575e-07,0.0,5.589189052581787,26.65730205164164
"A(p=17,f=0.40,h=128,lr=0.01,wd=1.0,max=40000)",22,15140,1.0,2.1975971264964755e-07,0.0,5.588623523712158,26.656475432448392
"A(p=17,f=0.40,h=128,lr=0.01,wd=1.0,max=40000)",22,15160,1.0,2.1975971264964755e-07,0.0,5.5883402824401855,26.655481302850234
"A(p=17,f=0.40,h=128,lr=0.01,wd=1.0,max=40000)",22,15180,1.0,2.1250349391266354e-07,0.0,5.5886125564575195,26.656843556881558
"A(p=17,f=0.40,h=128,lr=0.01,wd=1.0,max=40000)",22,15200,1.0,2.1457670129620965e-07,0.0,5.58795166015625,26.65578792306916
"A(p=17,f=0.40,h=128,lr=0.01,wd=1.0,max=40000)",22,15220,1.0,2.1872311606330186e-07,0.0,5.588731288909912,26.655950175612254
"A(p=17,f=0.40,h=128,lr=0.01,wd=1.0,max=40000)",22,15240,1.0,2.1250349391266354e-07,0.0,5.588438987731934,26.656861654291337
"A(p=17,f=0.40,h=128,lr=0.01,wd=1.0,max=40000)",22,15260,1.0,2.1768651947695616e-07,0.0,5.588374137878418,26.656719023367977
"A(p=17,f=0.40,h=128,lr=0.01,wd=1.0,max=40000)",22,15280,1.0,2.1457670129620965e-07,0.0,5.589768886566162,26.657595747100004
"A(p=17,f=0.40,h=128,lr=0.01,wd=1.0,max=40000)",22,15300,1.0,2.1457670129620965e-07,0.0,5.588947772979736,26.656163788062816
"A(p=17,f=0.40,h=128,lr=0.01,wd=1.0,max=40000)",22,15320,1.0,2.1664990867975575e-07,0.0,5.589629173278809,26.65646002350989
"A(p=17,f=0.40,h=128,lr=0.01,wd=1.0,max=40000)",22,15340,1.0,2.1768651947695616e-07,0.0,5.586406230926514,26.654111290797164
"A(p=17,f=0.40,h=128,lr=0.01,wd=1.0,max=40000)",22,15360,1.0,2.2183292003319366e-07,0.0,5.587558269500732,26.655035535443883
"A(p=17,f=0.40,h=128,lr=0.01,wd=1.0,max=40000)",22,15380,1.0,2.0939368994277174e-07,0.0,5.588474750518799,26.65687242562044
"A(p=17,f=0.40,h=128,lr=0.01,wd=1.0,max=40000)",22,15400,1.0,2.1768651947695616e-07,0.0,5.58833646774292,26.655910017218314
"A(p=17,f=0.40,h=128,lr=0.01,wd=1.0,max=40000)",22,15420,1.0,2.2390612741673976e-07,0.0,5.586892127990723,26.654723415484508
"A(p=17,f=0.40,h=128,lr=0.01,wd=1.0,max=40000)",22,15440,1.0,2.1561331209341006e-07,0.0,5.588958740234375,26.65574377310928
"A(p=17,f=0.40,h=128,lr=0.01,wd=1.0,max=40000)",22,15460,1.0,2.1872311606330186e-07,0.0,5.587001323699951,26.65404899492408
"A(p=17,f=0.40,h=128,lr=0.01,wd=1.0,max=40000)",22,15480,1.0,2.1250349391266354e-07,0.0,5.589807510375977,26.656211086884532
"A(p=17,f=0.40,h=128,lr=0.01,wd=1.0,max=40000)",22,15500,1.0,2.2183292003319366e-07,0.0,5.586759090423584,26.65337730397761
"A(p=17,f=0.40,h=128,lr=0.01,wd=1.0,max=40000)",22,15520,1.0,2.1872311606330186e-07,0.0,5.589043140411377,26.65631550086893
"A(p=17,f=0.40,h=128,lr=0.01,wd=1.0,max=40000)",22,15540,1.0,2.1872311606330186e-07,0.0,5.586426734924316,26.65300107258126
"A(p=17,f=0.40,h=128,lr=0.01,wd=1.0,max=40000)",22,15560,1.0,2.1664990867975575e-07,0.0,5.58794641494751,26.654579336848926
"A(p=17,f=0.40,h=128,lr=0.01,wd=1.0,max=40000)",22,15580,1.0,2.1250349391266354e-07,0.0,5.587693214416504,26.654904227763787
"A(p=17,f=0.40,h=128,lr=0.01,wd=1.0,max=40000)",22,15600,1.0,2.1146689732631785e-07,0.0,5.587489128112793,26.654675708561616
"A(p=17,f=0.40,h=128,lr=0.01,wd=1.0,max=40000)",22,15620,1.0,2.2494272400308546e-07,0.0,5.5874738693237305,26.654634967029196
"A(p=17,f=0.40,h=128,lr=0.01,wd=1.0,max=40000)",22,15640,1.0,2.2183292003319366e-07,0.0,5.58935022354126,26.656238871834866
"A(p=17,f=0.40,h=128,lr=0.01,wd=1.0,max=40000)",22,15660,1.0,2.1872311606330186e-07,0.0,5.587743759155273,26.65476807759514
"A(p=17,f=0.40,h=128,lr=0.01,wd=1.0,max=40000)",22,15680,1.0,2.1250349391266354e-07,0.0,5.589138031005859,26.655467367721762
"A(p=17,f=0.40,h=128,lr=0.01,wd=1.0,max=40000)",22,15700,1.0,2.1146689732631785e-07,0.0,5.588194370269775,26.655284548830714
"A(p=17,f=0.40,h=128,lr=0.01,wd=1.0,max=40000)",22,15720,1.0,2.1146689732631785e-07,0.0,5.5895819664001465,26.656546987475394
"A(p=17,f=0.40,h=128,lr=0.01,wd=1.0,max=40000)",22,15740,1.0,2.2597933480028587e-07,0.0,5.587730884552002,26.65376639637459
"A(p=17,f=0.40,h=128,lr=0.01,wd=1.0,max=40000)",22,15760,1.0,2.1975971264964755e-07,0.0,5.589086055755615,26.655266780719483
"A(p=17,f=0.40,h=128,lr=0.01,wd=1.0,max=40000)",22,15780,1.0,2.2286953083039407e-07,0.0,5.588988780975342,26.65456175699189
"A(p=17,f=0.40,h=128,lr=0.01,wd=1.0,max=40000)",22,15800,1.0,2.0213747120578773e-07,0.0,5.591982364654541,26.65888437580866
"A(p=17,f=0.40,h=128,lr=0.01,wd=1.0,max=40000)",22,15820,1.0,2.1664990867975575e-07,0.0,5.589957237243652,26.655226018281144
"A(p=17,f=0.40,h=128,lr=0.01,wd=1.0,max=40000)",22,15840,1.0,2.1872311606330186e-07,0.0,5.587939739227295,26.655336238685425
"A(p=17,f=0.40,h=128,lr=0.01,wd=1.0,max=40000)",22,15860,1.0,2.1561331209341006e-07,0.0,5.58981466293335,26.655914125513476
"A(p=17,f=0.40,h=128,lr=0.01,wd=1.0,max=40000)",22,15880,1.0,2.1354010470986395e-07,0.0,5.589686870574951,26.65538675033729
"A(p=17,f=0.40,h=128,lr=0.01,wd=1.0,max=40000)",22,15900,1.0,2.2286953083039407e-07,0.0,5.588291168212891,26.6543622618624
"A(p=17,f=0.40,h=128,lr=0.01,wd=1.0,max=40000)",22,15920,1.0,2.2390612741673976e-07,0.0,5.58919095993042,26.65443879864151
"A(p=17,f=0.40,h=128,lr=0.01,wd=1.0,max=40000)",22,15940,1.0,2.1975971264964755e-07,0.0,5.589293003082275,26.65494876352623
"A(p=17,f=0.40,h=128,lr=0.01,wd=1.0,max=40000)",22,15960,1.0,2.1250349391266354e-07,0.0,5.589980125427246,26.655492337229145
"A(p=17,f=0.40,h=128,lr=0.01,wd=1.0,max=40000)",22,15980,1.0,2.1354010470986395e-07,0.0,5.590967655181885,26.655969462567693
"A(p=17,f=0.40,h=128,lr=0.01,wd=1.0,max=40000)",22,16000,1.0,2.1354010470986395e-07,0.0,5.590231895446777,26.654915048238035
"A(p=17,f=0.40,h=128,lr=0.01,wd=1.0,max=40000)",22,16020,1.0,2.1146689732631785e-07,0.0,5.592103004455566,26.657669814674936
"A(p=17,f=0.40,h=128,lr=0.01,wd=1.0,max=40000)",22,16040,1.0,2.1561331209341006e-07,0.0,5.589348316192627,26.653727980077804
"A(p=17,f=0.40,h=128,lr=0.01,wd=1.0,max=40000)",22,16060,1.0,2.2183292003319366e-07,0.0,5.588315963745117,26.654362888939787
"A(p=17,f=0.40,h=128,lr=0.01,wd=1.0,max=40000)",22,16080,1.0,2.1146689732631785e-07,0.0,5.5914106369018555,26.6564248089624
"A(p=17,f=0.40,h=128,lr=0.01,wd=1.0,max=40000)",22,16100,1.0,2.1768651947695616e-07,0.0,5.588874816894531,26.6537382526255
"A(p=17,f=0.40,h=128,lr=0.01,wd=1.0,max=40000)",22,16120,1.0,2.1354010470986395e-07,0.0,5.590446472167969,26.655491117247063
"A(p=17,f=0.40,h=128,lr=0.01,wd=1.0,max=40000)",22,16140,1.0,2.1975971264964755e-07,0.0,5.591439723968506,26.65667803758897
"A(p=17,f=0.40,h=128,lr=0.01,wd=1.0,max=40000)",22,16160,1.0,2.2597933480028587e-07,0.0,5.588251113891602,26.652457675031858
"A(p=17,f=0.40,h=128,lr=0.01,wd=1.0,max=40000)",22,16180,1.0,2.1664990867975575e-07,0.0,5.591353893280029,26.65548333400973
"A(p=17,f=0.40,h=128,lr=0.01,wd=1.0,max=40000)",22,16200,1.0,2.1975971264964755e-07,0.0,5.591530799865723,26.655590514612104
"A(p=17,f=0.40,h=128,lr=0.01,wd=1.0,max=40000)",22,16220,1.0,2.1354010470986395e-07,0.0,5.592855930328369,26.656333402846883
"A(p=17,f=0.40,h=128,lr=0.01,wd=1.0,max=40000)",22,16240,1.0,2.1664990867975575e-07,0.0,5.590967178344727,26.655947968608118
"A(p=17,f=0.40,h=128,lr=0.01,wd=1.0,max=40000)",22,16260,1.0,2.1250349391266354e-07,0.0,5.592990875244141,26.65779910552453
"A(p=17,f=0.40,h=128,lr=0.01,wd=1.0,max=40000)",22,16280,1.0,2.2494272400308546e-07,0.0,5.588956356048584,26.652786541635077
"A(p=17,f=0.40,h=128,lr=0.01,wd=1.0,max=40000)",22,16300,1.0,2.1250349391266354e-07,0.0,5.591961860656738,26.656693960895876
"A(p=17,f=0.40,h=128,lr=0.01,wd=1.0,max=40000)",22,16320,1.0,2.1664990867975575e-07,0.0,5.589915752410889,26.65475147584094
"A(p=17,f=0.40,h=128,lr=0.01,wd=1.0,max=40000)",22,16340,1.0,2.1561331209341006e-07,0.0,5.590920925140381,26.65631337105086
"A(p=17,f=0.40,h=128,lr=0.01,wd=1.0,max=40000)",22,16360,1.0,2.1975971264964755e-07,0.0,5.588840484619141,26.65320840776436
"A(p=17,f=0.40,h=128,lr=0.01,wd=1.0,max=40000)",22,16380,1.0,2.2079632344684796e-07,0.0,5.587822914123535,26.65440768304658
"A(p=17,f=0.40,h=128,lr=0.01,wd=1.0,max=40000)",22,16400,1.0,2.1768651947695616e-07,0.0,5.589125156402588,26.654624178233366
"A(p=17,f=0.40,h=128,lr=0.01,wd=1.0,max=40000)",22,16420,1.0,2.2183292003319366e-07,0.0,5.589025974273682,26.654710569507994
"A(p=17,f=0.40,h=128,lr=0.01,wd=1.0,max=40000)",22,16440,1.0,2.1561331209341006e-07,0.0,5.590041160583496,26.6550317405204
"A(p=17,f=0.40,h=128,lr=0.01,wd=1.0,max=40000)",22,16460,1.0,2.1561331209341006e-07,0.0,5.589391231536865,26.654286264525396
"A(p=17,f=0.40,h=128,lr=0.01,wd=1.0,max=40000)",22,16480,1.0,2.1146689732631785e-07,0.0,5.588969707489014,26.654363609688726
"A(p=17,f=0.40,h=128,lr=0.01,wd=1.0,max=40000)",22,16500,1.0,2.1043030073997215e-07,0.0,5.590263366699219,26.656132441939825
"A(p=17,f=0.40,h=128,lr=0.01,wd=1.0,max=40000)",22,16520,1.0,2.0628388597287994e-07,0.0,5.5890960693359375,26.655775734953433
"A(p=17,f=0.40,h=128,lr=0.01,wd=1.0,max=40000)",22,16540,1.0,2.1561331209341006e-07,0.0,5.589930057525635,26.655868783991245
"A(p=17,f=0.40,h=128,lr=0.01,wd=1.0,max=40000)",22,16560,1.0,2.1043030073997215e-07,0.0,5.5896220207214355,26.655860299878192
"A(p=17,f=0.40,h=128,lr=0.01,wd=1.0,max=40000)",22,16580,1.0,2.1975971264964755e-07,0.0,5.590015888214111,26.655543510596086
"A(p=17,f=0.40,h=128,lr=0.01,wd=1.0,max=40000)",22,16600,1.0,2.1457670129620965e-07,0.0,5.591824531555176,26.65797536026682
"A(p=17,f=0.40,h=128,lr=0.01,wd=1.0,max=40000)",22,16620,1.0,2.1457670129620965e-07,0.0,5.589433670043945,26.65526341574281
"A(p=17,f=0.40,h=128,lr=0.01,wd=1.0,max=40000)",22,16640,1.0,2.1872311606330186e-07,0.0,5.590761184692383,26.656028462966443
"A(p=17,f=0.40,h=128,lr=0.01,wd=1.0,max=40000)",22,16660,1.0,2.2286953083039407e-07,0.0,5.5904316902160645,26.655555830496642
"A(p=17,f=0.40,h=128,lr=0.01,wd=1.0,max=40000)",22,16680,1.0,2.1975971264964755e-07,0.0,5.589418888092041,26.65359363097396
"A(p=17,f=0.40,h=128,lr=0.01,wd=1.0,max=40000)",22,16700,1.0,2.0835709335642605e-07,0.0,5.5926194190979,26.65800064888487
"A(p=17,f=0.40,h=128,lr=0.01,wd=1.0,max=40000)",22,16720,1.0,2.1561331209341006e-07,0.0,5.591436386108398,26.656384874500038
"A(p=17,f=0.40,h=128,lr=0.01,wd=1.0,max=40000)",22,16740,1.0,2.1768651947695616e-07,0.0,5.588974475860596,26.65370005318337
"A(p=17,f=0.40,h=128,lr=0.01,wd=1.0,max=40000)",22,16760,1.0,2.1975971264964755e-07,0.0,5.590271949768066,26.655095602100744
"A(p=17,f=0.40,h=128,lr=0.01,wd=1.0,max=40000)",22,16780,1.0,2.0835709335642605e-07,0.0,5.591108322143555,26.65687210631249
"A(p=17,f=0.40,h=128,lr=0.01,wd=1.0,max=40000)",22,16800,1.0,2.2286953083039407e-07,0.0,5.589500427246094,26.65375355065397
"A(p=17,f=0.40,h=128,lr=0.01,wd=1.0,max=40000)",22,16820,1.0,2.1664990867975575e-07,0.0,5.590278148651123,26.655854725815335
"A(p=17,f=0.40,h=128,lr=0.01,wd=1.0,max=40000)",22,16840,1.0,2.1457670129620965e-07,0.0,5.590291976928711,26.655430612430095
"A(p=17,f=0.40,h=128,lr=0.01,wd=1.0,max=40000)",22,16860,1.0,2.2494272400308546e-07,0.0,5.589573860168457,26.65532005787453
"A(p=17,f=0.40,h=128,lr=0.01,wd=1.0,max=40000)",22,16880,1.0,2.1457670129620965e-07,0.0,5.589437484741211,26.65448296332988
"A(p=17,f=0.40,h=128,lr=0.01,wd=1.0,max=40000)",22,16900,1.0,2.1250349391266354e-07,0.0,5.590989589691162,26.6560117353392
"A(p=17,f=0.40,h=128,lr=0.01,wd=1.0,max=40000)",22,16920,1.0,2.1354010470986395e-07,0.0,5.590638637542725,26.65520358499043
"A(p=17,f=0.40,h=128,lr=0.01,wd=1.0,max=40000)",22,16940,1.0,2.1250349391266354e-07,0.0,5.590314865112305,26.656103499947793
"A(p=17,f=0.40,h=128,lr=0.01,wd=1.0,max=40000)",22,16960,1.0,2.0939368994277174e-07,0.0,5.590943336486816,26.65550112946329
"A(p=17,f=0.40,h=128,lr=0.01,wd=1.0,max=40000)",22,16980,1.0,2.2597933480028587e-07,0.0,5.588516712188721,26.653591904648827
"A(p=17,f=0.40,h=128,lr=0.01,wd=1.0,max=40000)",22,17000,1.0,2.1250349391266354e-07,0.0,5.5910749435424805,26.656576101181184
"A(p=17,f=0.40,h=128,lr=0.01,wd=1.0,max=40000)",22,17020,1.0,2.1975971264964755e-07,0.0,5.590098857879639,26.65514949221589
"A(p=17,f=0.40,h=128,lr=0.01,wd=1.0,max=40000)",22,17040,1.0,2.2390612741673976e-07,0.0,5.590397834777832,26.65539115901088
"A(p=17,f=0.40,h=128,lr=0.01,wd=1.0,max=40000)",22,17060,1.0,2.1457670129620965e-07,0.0,5.592019081115723,26.65703933778589
"A(p=17,f=0.40,h=128,lr=0.01,wd=1.0,max=40000)",22,17080,1.0,2.1872311606330186e-07,0.0,5.591131687164307,26.654619795673096
"A(p=17,f=0.40,h=128,lr=0.01,wd=1.0,max=40000)",22,17100,1.0,2.1561331209341006e-07,0.0,5.591396808624268,26.655840789924156
"A(p=17,f=0.40,h=128,lr=0.01,wd=1.0,max=40000)",22,17120,1.0,2.2079632344684796e-07,0.0,5.589325428009033,26.653752563490638
"A(p=17,f=0.40,h=128,lr=0.01,wd=1.0,max=40000)",22,17140,1.0,2.0835709335642605e-07,0.0,5.5929484367370605,26.658243288821875
"A(p=17,f=0.40,h=128,lr=0.01,wd=1.0,max=40000)",22,17160,1.0,2.1664990867975575e-07,0.0,5.591363906860352,26.655011076406435
"A(p=17,f=0.40,h=128,lr=0.01,wd=1.0,max=40000)",22,17180,1.0,2.2390612741673976e-07,0.0,5.588993549346924,26.653600302262326
"A(p=17,f=0.40,h=128,lr=0.01,wd=1.0,max=40000)",22,17200,1.0,2.1250349391266354e-07,0.0,5.59085750579834,26.65449819180027
"A(p=17,f=0.40,h=128,lr=0.01,wd=1.0,max=40000)",22,17220,1.0,2.2701593138663156e-07,0.0,5.5919694900512695,26.655691532018306
"A(p=17,f=0.40,h=128,lr=0.01,wd=1.0,max=40000)",22,17240,1.0,2.1354010470986395e-07,0.0,5.591546058654785,26.655568240196416
"A(p=17,f=0.40,h=128,lr=0.01,wd=1.0,max=40000)",22,17260,1.0,2.2390612741673976e-07,0.0,5.590597629547119,26.654525275720943
"A(p=17,f=0.40,h=128,lr=0.01,wd=1.0,max=40000)",22,17280,1.0,2.1354010470986395e-07,0.0,5.591266632080078,26.654969290046804
"A(p=17,f=0.40,h=128,lr=0.01,wd=1.0,max=40000)",22,17300,1.0,2.2079632344684796e-07,0.0,5.590533256530762,26.654415844395533
"A(p=17,f=0.40,h=128,lr=0.01,wd=1.0,max=40000)",22,17320,1.0,2.0628388597287994e-07,0.0,5.59203577041626,26.655680635939554
"A(p=17,f=0.40,h=128,lr=0.01,wd=1.0,max=40000)",22,17340,1.0,2.2286953083039407e-07,0.0,5.592250347137451,26.656508664317144
"A(p=17,f=0.40,h=128,lr=0.01,wd=1.0,max=40000)",22,17360,1.0,2.1664990867975575e-07,0.0,5.590758323669434,26.65387428141318
"A(p=17,f=0.40,h=128,lr=0.01,wd=1.0,max=40000)",22,17380,1.0,2.1664990867975575e-07,0.0,5.59132194519043,26.655218071287944
"A(p=17,f=0.40,h=128,lr=0.01,wd=1.0,max=40000)",22,17400,1.0,2.2079632344684796e-07,0.0,5.591107368469238,26.655689768920546
"A(p=17,f=0.40,h=128,lr=0.01,wd=1.0,max=40000)",22,17420,1.0,2.1561331209341006e-07,0.0,5.591926574707031,26.656626520972356
"A(p=17,f=0.40,h=128,lr=0.01,wd=1.0,max=40000)",22,17440,1.0,2.1043030073997215e-07,0.0,5.591126918792725,26.65581542715933
"A(p=17,f=0.40,h=128,lr=0.01,wd=1.0,max=40000)",22,17460,1.0,2.2494272400308546e-07,0.0,5.589301586151123,26.65401466141557
"A(p=17,f=0.40,h=128,lr=0.01,wd=1.0,max=40000)",22,17480,1.0,2.1975971264964755e-07,0.0,5.589972019195557,26.65346448144212
"A(p=17,f=0.40,h=128,lr=0.01,wd=1.0,max=40000)",22,17500,1.0,2.3219894274006947e-07,0.0,5.58953857421875,26.652892269486163
"A(p=17,f=0.40,h=128,lr=0.01,wd=1.0,max=40000)",22,17520,1.0,2.2183292003319366e-07,0.0,5.5914225578308105,26.65514279216371
"A(p=17,f=0.40,h=128,lr=0.01,wd=1.0,max=40000)",22,17540,1.0,2.1457670129620965e-07,0.0,5.589969635009766,26.65385506843316
"A(p=17,f=0.40,h=128,lr=0.01,wd=1.0,max=40000)",22,17560,1.0,2.1043030073997215e-07,0.0,5.591882228851318,26.656750094138147
"A(p=17,f=0.40,h=128,lr=0.01,wd=1.0,max=40000)",22,17580,1.0,2.1354010470986395e-07,0.0,5.590776443481445,26.655306923041294
"A(p=17,f=0.40,h=128,lr=0.01,wd=1.0,max=40000)",22,17600,1.0,2.1146689732631785e-07,0.0,5.5907182693481445,26.654962902386906
"A(p=17,f=0.40,h=128,lr=0.01,wd=1.0,max=40000)",22,17620,1.0,2.0421067858933384e-07,0.0,5.592647552490234,26.657018653907116
"A(p=17,f=0.40,h=128,lr=0.01,wd=1.0,max=40000)",22,17640,1.0,2.1768651947695616e-07,0.0,5.591612815856934,26.65548759906583
"A(p=17,f=0.40,h=128,lr=0.01,wd=1.0,max=40000)",22,17660,1.0,2.3530876092081598e-07,0.0,5.589605808258057,26.653394445251784
"A(p=17,f=0.40,h=128,lr=0.01,wd=1.0,max=40000)",22,17680,1.0,2.1768651947695616e-07,0.0,5.588545322418213,26.653452052247864
"A(p=17,f=0.40,h=128,lr=0.01,wd=1.0,max=40000)",22,17700,1.0,2.1043030073997215e-07,0.0,5.5918354988098145,26.657517543993272
"A(p=17,f=0.40,h=128,lr=0.01,wd=1.0,max=40000)",22,17720,1.0,2.1975971264964755e-07,0.0,5.589470863342285,26.654462746947516
"A(p=17,f=0.40,h=128,lr=0.01,wd=1.0,max=40000)",22,17740,1.0,2.1457670129620965e-07,0.0,5.591606140136719,26.655767991745016
"A(p=17,f=0.40,h=128,lr=0.01,wd=1.0,max=40000)",22,17760,1.0,2.2390612741673976e-07,0.0,5.591053485870361,26.655434986631924
"A(p=17,f=0.40,h=128,lr=0.01,wd=1.0,max=40000)",22,17780,1.0,2.1561331209341006e-07,0.0,5.590139865875244,26.65492129083479
"A(p=17,f=0.40,h=128,lr=0.01,wd=1.0,max=40000)",22,17800,1.0,2.1664990867975575e-07,0.0,5.589824676513672,26.65474444577096
"A(p=17,f=0.40,h=128,lr=0.01,wd=1.0,max=40000)",22,17820,1.0,2.2701593138663156e-07,0.0,5.588516712188721,26.653114776602226
"A(p=17,f=0.40,h=128,lr=0.01,wd=1.0,max=40000)",22,17840,1.0,2.1043030073997215e-07,0.0,5.590402126312256,26.655782340833163
"A(p=17,f=0.40,h=128,lr=0.01,wd=1.0,max=40000)",22,17860,1.0,2.1872311606330186e-07,0.0,5.590815544128418,26.65534450730807
"A(p=17,f=0.40,h=128,lr=0.01,wd=1.0,max=40000)",22,17880,1.0,2.1872311606330186e-07,0.0,5.589879512786865,26.6550914356876
"A(p=17,f=0.40,h=128,lr=0.01,wd=1.0,max=40000)",22,17900,1.0,2.1354010470986395e-07,0.0,5.591385841369629,26.655880859228553
"A(p=17,f=0.40,h=128,lr=0.01,wd=1.0,max=40000)",22,17920,1.0,2.1146689732631785e-07,0.0,5.590970516204834,26.654881171725233
"A(p=17,f=0.40,h=128,lr=0.01,wd=1.0,max=40000)",22,17940,1.0,2.2286953083039407e-07,0.0,5.589853286743164,26.65416953926658
"A(p=17,f=0.40,h=128,lr=0.01,wd=1.0,max=40000)",22,17960,1.0,2.1768651947695616e-07,0.0,5.590747356414795,26.654622531005995
"A(p=17,f=0.40,h=128,lr=0.01,wd=1.0,max=40000)",22,17980,1.0,2.1872311606330186e-07,0.0,5.591222763061523,26.65647319072032
"A(p=17,f=0.40,h=128,lr=0.01,wd=1.0,max=40000)",22,18000,1.0,2.1561331209341006e-07,0.0,5.591629981994629,26.65567739427643
"A(p=17,f=0.40,h=128,lr=0.01,wd=1.0,max=40000)",22,18020,1.0,2.1975971264964755e-07,0.0,5.591091632843018,26.654852071035275
"A(p=17,f=0.40,h=128,lr=0.01,wd=1.0,max=40000)",22,18040,1.0,2.2079632344684796e-07,0.0,5.591278076171875,26.655413130887837
"A(p=17,f=0.40,h=128,lr=0.01,wd=1.0,max=40000)",22,18060,1.0,2.1872311606330186e-07,0.0,5.592081069946289,26.65571378318262
"A(p=17,f=0.40,h=128,lr=0.01,wd=1.0,max=40000)",22,18080,1.0,2.1354010470986395e-07,0.0,5.590122699737549,26.65324249287785
"A(p=17,f=0.40,h=128,lr=0.01,wd=1.0,max=40000)",22,18100,1.0,2.1975971264964755e-07,0.0,5.589642524719238,26.652513596085672
"A(p=17,f=0.40,h=128,lr=0.01,wd=1.0,max=40000)",22,18120,1.0,2.1768651947695616e-07,0.0,5.591608047485352,26.656021294167047
"A(p=17,f=0.40,h=128,lr=0.01,wd=1.0,max=40000)",22,18140,1.0,2.2183292003319366e-07,0.0,5.5908942222595215,26.65466430890796
"A(p=17,f=0.40,h=128,lr=0.01,wd=1.0,max=40000)",22,18160,1.0,2.2805254218383197e-07,0.0,5.590972423553467,26.654178439381695
"A(p=17,f=0.40,h=128,lr=0.01,wd=1.0,max=40000)",22,18180,1.0,2.1354010470986395e-07,0.0,5.5917439460754395,26.656493088173644
"A(p=17,f=0.40,h=128,lr=0.01,wd=1.0,max=40000)",22,18200,1.0,2.1975971264964755e-07,0.0,5.591771602630615,26.655613945440642
"A(p=17,f=0.40,h=128,lr=0.01,wd=1.0,max=40000)",22,18220,1.0,2.1043030073997215e-07,0.0,5.592662811279297,26.656431228031206
"A(p=17,f=0.40,h=128,lr=0.01,wd=1.0,max=40000)",22,18240,1.0,2.1768651947695616e-07,0.0,5.592381954193115,26.655715331814754
"A(p=17,f=0.40,h=128,lr=0.01,wd=1.0,max=40000)",22,18260,1.0,2.1457670129620965e-07,0.0,5.592522621154785,26.65574795051993
"A(p=17,f=0.40,h=128,lr=0.01,wd=1.0,max=40000)",22,18280,1.0,2.1975971264964755e-07,0.0,5.5907769203186035,26.654265296272996
"A(p=17,f=0.40,h=128,lr=0.01,wd=1.0,max=40000)",22,18300,1.0,2.1872311606330186e-07,0.0,5.591844081878662,26.654462054625636
"A(p=17,f=0.40,h=128,lr=0.01,wd=1.0,max=40000)",22,18320,1.0,2.2079632344684796e-07,0.0,5.58976411819458,26.653515239813327
"A(p=17,f=0.40,h=128,lr=0.01,wd=1.0,max=40000)",22,18340,1.0,2.1457670129620965e-07,0.0,5.59224796295166,26.65683386903768
"A(p=17,f=0.40,h=128,lr=0.01,wd=1.0,max=40000)",22,18360,1.0,2.1561331209341006e-07,0.0,5.5924577713012695,26.65593588419657
"A(p=17,f=0.40,h=128,lr=0.01,wd=1.0,max=40000)",22,18380,1.0,2.2079632344684796e-07,0.0,5.59202766418457,26.655284166145563
"A(p=17,f=0.40,h=128,lr=0.01,wd=1.0,max=40000)",22,18400,1.0,2.1664990867975575e-07,0.0,5.591884136199951,26.6560099066514
"A(p=17,f=0.40,h=128,lr=0.01,wd=1.0,max=40000)",22,18420,1.0,2.2079632344684796e-07,0.0,5.591044902801514,26.65519082300508
"A(p=17,f=0.40,h=128,lr=0.01,wd=1.0,max=40000)",22,18440,1.0,2.1664990867975575e-07,0.0,5.590970516204834,26.654493578803653
"A(p=17,f=0.40,h=128,lr=0.01,wd=1.0,max=40000)",22,18460,1.0,2.1146689732631785e-07,0.0,5.593117713928223,26.656072716403276
"A(p=17,f=0.40,h=128,lr=0.01,wd=1.0,max=40000)",22,18480,1.0,2.1043030073997215e-07,0.0,5.595149993896484,26.658105220099973
"A(p=17,f=0.40,h=128,lr=0.01,wd=1.0,max=40000)",22,18500,1.0,2.1975971264964755e-07,0.0,5.593825340270996,26.656798999103433
"A(p=17,f=0.40,h=128,lr=0.01,wd=1.0,max=40000)",22,18520,1.0,2.1664990867975575e-07,0.0,5.5924391746521,26.65542610456135
"A(p=17,f=0.40,h=128,lr=0.01,wd=1.0,max=40000)",22,18540,1.0,2.2390612741673976e-07,0.0,5.592289447784424,26.655425137377495
"A(p=17,f=0.40,h=128,lr=0.01,wd=1.0,max=40000)",22,18560,1.0,2.1872311606330186e-07,0.0,5.592098236083984,26.65516908568568
"A(p=17,f=0.40,h=128,lr=0.01,wd=1.0,max=40000)",22,18580,1.0,2.1354010470986395e-07,0.0,5.592695713043213,26.655758814171264
"A(p=17,f=0.40,h=128,lr=0.01,wd=1.0,max=40000)",22,18600,1.0,2.2494272400308546e-07,0.0,5.590892314910889,26.655123406454294
"A(p=17,f=0.40,h=128,lr=0.01,wd=1.0,max=40000)",22,18620,1.0,2.2079632344684796e-07,0.0,5.590793609619141,26.653890182606705
"A(p=17,f=0.40,h=128,lr=0.01,wd=1.0,max=40000)",22,18640,1.0,2.2390612741673976e-07,0.0,5.591231822967529,26.655181710937292
"A(p=17,f=0.40,h=128,lr=0.01,wd=1.0,max=40000)",22,18660,1.0,2.1146689732631785e-07,0.0,5.5925374031066895,26.655528850803986
"A(p=17,f=0.40,h=128,lr=0.01,wd=1.0,max=40000)",22,18680,1.0,2.1561331209341006e-07,0.0,5.594270706176758,26.656989353064176
"A(p=17,f=0.40,h=128,lr=0.01,wd=1.0,max=40000)",22,18700,1.0,2.1768651947695616e-07,0.0,5.59262752532959,26.655865186856566
"A(p=17,f=0.40,h=128,lr=0.01,wd=1.0,max=40000)",22,18720,1.0,2.2494272400308546e-07,0.0,5.591002464294434,26.653876290389917
"A(p=17,f=0.40,h=128,lr=0.01,wd=1.0,max=40000)",22,18740,1.0,2.1043030073997215e-07,0.0,5.592233180999756,26.655488153119947
"A(p=17,f=0.40,h=128,lr=0.01,wd=1.0,max=40000)",22,18760,1.0,2.1975971264964755e-07,0.0,5.591157913208008,26.65426270279806
"A(p=17,f=0.40,h=128,lr=0.01,wd=1.0,max=40000)",22,18780,1.0,2.1664990867975575e-07,0.0,5.593301773071289,26.65682871923499
"A(p=17,f=0.40,h=128,lr=0.01,wd=1.0,max=40000)",22,18800,1.0,2.2286953083039407e-07,0.0,5.5922956466674805,26.655201579191747
"A(p=17,f=0.40,h=128,lr=0.01,wd=1.0,max=40000)",22,18820,1.0,2.1146689732631785e-07,0.0,5.593604564666748,26.656144179377012
"A(p=17,f=0.40,h=128,lr=0.01,wd=1.0,max=40000)",22,18840,1.0,2.1872311606330186e-07,0.0,5.591858386993408,26.655295038670413
"A(p=17,f=0.40,h=128,lr=0.01,wd=1.0,max=40000)",22,18860,1.0,2.1146689732631785e-07,0.0,5.592355251312256,26.656320525225595
"A(p=17,f=0.40,h=128,lr=0.01,wd=1.0,max=40000)",22,18880,1.0,2.1146689732631785e-07,0.0,5.591513156890869,26.653687684343094
"A(p=17,f=0.40,h=128,lr=0.01,wd=1.0,max=40000)",22,18900,1.0,2.0732048255922564e-07,0.0,5.5945281982421875,26.65791234271805
"A(p=17,f=0.40,h=128,lr=0.01,wd=1.0,max=40000)",22,18920,1.0,2.2183292003319366e-07,0.0,5.593388557434082,26.656413733234338
"A(p=17,f=0.40,h=128,lr=0.01,wd=1.0,max=40000)",22,18940,1.0,2.0939368994277174e-07,0.0,5.592525005340576,26.655965133343674
"A(p=17,f=0.40,h=128,lr=0.01,wd=1.0,max=40000)",22,18960,1.0,2.0732048255922564e-07,0.0,5.5933380126953125,26.65692003572801
"A(p=17,f=0.40,h=128,lr=0.01,wd=1.0,max=40000)",22,18980,1.0,2.2183292003319366e-07,0.0,5.590968608856201,26.654917122632835
"A(p=17,f=0.40,h=128,lr=0.01,wd=1.0,max=40000)",22,19000,1.0,2.1975971264964755e-07,0.0,5.592568874359131,26.65612731143056
"A(p=17,f=0.40,h=128,lr=0.01,wd=1.0,max=40000)",22,19020,1.0,2.1250349391266354e-07,0.0,5.592484474182129,26.65564655924259
"A(p=17,f=0.40,h=128,lr=0.01,wd=1.0,max=40000)",22,19040,1.0,2.2286953083039407e-07,0.0,5.591521739959717,26.65449621958856
"A(p=17,f=0.40,h=128,lr=0.01,wd=1.0,max=40000)",22,19060,1.0,2.1457670129620965e-07,0.0,5.592276573181152,26.65643441394263
"A(p=17,f=0.40,h=128,lr=0.01,wd=1.0,max=40000)",22,19080,1.0,2.1975971264964755e-07,0.0,5.591963291168213,26.655302289179758
"A(p=17,f=0.40,h=128,lr=0.01,wd=1.0,max=40000)",22,19100,1.0,2.2183292003319366e-07,0.0,5.590546131134033,26.653857729878872
"A(p=17,f=0.40,h=128,lr=0.01,wd=1.0,max=40000)",22,19120,1.0,2.1146689732631785e-07,0.0,5.592136383056641,26.655825439120648
"A(p=17,f=0.40,h=128,lr=0.01,wd=1.0,max=40000)",22,19140,1.0,2.1664990867975575e-07,0.0,5.593583583831787,26.657210560826947
"A(p=17,f=0.40,h=128,lr=0.01,wd=1.0,max=40000)",22,19160,1.0,2.1354010470986395e-07,0.0,5.592818737030029,26.655895197508453
"A(p=17,f=0.40,h=128,lr=0.01,wd=1.0,max=40000)",22,19180,1.0,2.2183292003319366e-07,0.0,5.592856407165527,26.655810359885436
"A(p=17,f=0.40,h=128,lr=0.01,wd=1.0,max=40000)",22,19200,1.0,2.2286953083039407e-07,0.0,5.590670585632324,26.65395119945172
"A(p=17,f=0.40,h=128,lr=0.01,wd=1.0,max=40000)",22,19220,1.0,2.1975971264964755e-07,0.0,5.589850902557373,26.653295666711763
"A(p=17,f=0.40,h=128,lr=0.01,wd=1.0,max=40000)",22,19240,1.0,2.1043030073997215e-07,0.0,5.592003345489502,26.655691083010378
"A(p=17,f=0.40,h=128,lr=0.01,wd=1.0,max=40000)",22,19260,1.0,2.1043030073997215e-07,0.0,5.593817234039307,26.657156734595574
"A(p=17,f=0.40,h=128,lr=0.01,wd=1.0,max=40000)",22,19280,1.0,2.1664990867975575e-07,0.0,5.5927414894104,26.655096879416362
"A(p=17,f=0.40,h=128,lr=0.01,wd=1.0,max=40000)",22,19300,1.0,2.1872311606330186e-07,0.0,5.5920209884643555,26.655169667803403
"A(p=17,f=0.40,h=128,lr=0.01,wd=1.0,max=40000)",22,19320,1.0,2.1146689732631785e-07,0.0,5.593458652496338,26.656731856863043
"A(p=17,f=0.40,h=128,lr=0.01,wd=1.0,max=40000)",22,19340,1.0,2.1975971264964755e-07,0.0,5.593179702758789,26.656143261365393
"A(p=17,f=0.40,h=128,lr=0.01,wd=1.0,max=40000)",22,19360,1.0,2.1664990867975575e-07,0.0,5.591439247131348,26.653806007088424
"A(p=17,f=0.40,h=128,lr=0.01,wd=1.0,max=40000)",22,19380,1.0,2.2183292003319366e-07,0.0,5.591238498687744,26.65444515844023
"A(p=17,f=0.40,h=128,lr=0.01,wd=1.0,max=40000)",22,19400,1.0,2.1354010470986395e-07,0.0,5.5942230224609375,26.658098608001684
"A(p=17,f=0.40,h=128,lr=0.01,wd=1.0,max=40000)",22,19420,1.0,2.1664990867975575e-07,0.0,5.591400146484375,26.65476433518311
"A(p=17,f=0.40,h=128,lr=0.01,wd=1.0,max=40000)",22,19440,1.0,2.1354010470986395e-07,0.0,5.594024181365967,26.6570817074992
"A(p=17,f=0.40,h=128,lr=0.01,wd=1.0,max=40000)",22,19460,1.0,2.1975971264964755e-07,0.0,5.590252876281738,26.6528876219791
"A(p=17,f=0.40,h=128,lr=0.01,wd=1.0,max=40000)",22,19480,1.0,2.1561331209341006e-07,0.0,5.591404438018799,26.654457663996254
"A(p=17,f=0.40,h=128,lr=0.01,wd=1.0,max=40000)",22,19500,1.0,2.1768651947695616e-07,0.0,5.59419059753418,26.6574479476403
"A(p=17,f=0.40,h=128,lr=0.01,wd=1.0,max=40000)",22,19520,1.0,2.1146689732631785e-07,0.0,5.5928754806518555,26.655221136024817
"A(p=17,f=0.40,h=128,lr=0.01,wd=1.0,max=40000)",22,19540,1.0,2.1354010470986395e-07,0.0,5.593546390533447,26.656232448422642
"A(p=17,f=0.40,h=128,lr=0.01,wd=1.0,max=40000)",22,19560,1.0,2.0732048255922564e-07,0.0,5.594042778015137,26.658021255720556
"A(p=17,f=0.40,h=128,lr=0.01,wd=1.0,max=40000)",22,19580,1.0,2.1250349391266354e-07,0.0,5.59226131439209,26.65541291474801
"A(p=17,f=0.40,h=128,lr=0.01,wd=1.0,max=40000)",22,19600,1.0,2.1768651947695616e-07,0.0,5.590683460235596,26.653998035978802
"A(p=17,f=0.40,h=128,lr=0.01,wd=1.0,max=40000)",22,19620,1.0,2.2079632344684796e-07,0.0,5.591394424438477,26.654937447102693
"A(p=17,f=0.40,h=128,lr=0.01,wd=1.0,max=40000)",22,19640,1.0,2.2079632344684796e-07,0.0,5.591068267822266,26.653777933499356
"A(p=17,f=0.40,h=128,lr=0.01,wd=1.0,max=40000)",22,19660,1.0,2.1250349391266354e-07,0.0,5.594675064086914,26.65789456597089
"A(p=17,f=0.40,h=128,lr=0.01,wd=1.0,max=40000)",22,19680,1.0,2.1146689732631785e-07,0.0,5.592647552490234,26.655315621337607
"A(p=17,f=0.40,h=128,lr=0.01,wd=1.0,max=40000)",22,19700,1.0,2.1043030073997215e-07,0.0,5.593994617462158,26.656327230718812
"A(p=17,f=0.40,h=128,lr=0.01,wd=1.0,max=40000)",22,19720,1.0,2.1872311606330186e-07,0.0,5.592976093292236,26.65557638673949
"A(p=17,f=0.40,h=128,lr=0.01,wd=1.0,max=40000)",22,19740,1.0,2.1561331209341006e-07,0.0,5.592130661010742,26.65371179950011
"A(p=17,f=0.40,h=128,lr=0.01,wd=1.0,max=40000)",22,19760,1.0,2.1250349391266354e-07,0.0,5.594231128692627,26.656946767423797
"A(p=17,f=0.40,h=128,lr=0.01,wd=1.0,max=40000)",22,19780,1.0,2.2390612741673976e-07,0.0,5.591184616088867,26.654084717421657
"A(p=17,f=0.40,h=128,lr=0.01,wd=1.0,max=40000)",22,19800,1.0,2.2390612741673976e-07,0.0,5.59209680557251,26.654842727913096
"A(p=17,f=0.40,h=128,lr=0.01,wd=1.0,max=40000)",22,19820,1.0,2.2286953083039407e-07,0.0,5.590681552886963,26.653028098209543
"A(p=17,f=0.40,h=128,lr=0.01,wd=1.0,max=40000)",22,19840,1.0,2.1354010470986395e-07,0.0,5.592004299163818,26.65573365306579
"A(p=17,f=0.40,h=128,lr=0.01,wd=1.0,max=40000)",22,19860,1.0,2.1872311606330186e-07,0.0,5.59193229675293,26.655158644898773
"A(p=17,f=0.40,h=128,lr=0.01,wd=1.0,max=40000)",22,19880,1.0,2.1768651947695616e-07,0.0,5.593437671661377,26.656493668768928
"A(p=17,f=0.40,h=128,lr=0.01,wd=1.0,max=40000)",22,19900,1.0,2.2079632344684796e-07,0.0,5.5893120765686035,26.6530445003417
"A(p=17,f=0.40,h=128,lr=0.01,wd=1.0,max=40000)",22,19920,1.0,2.1146689732631785e-07,0.0,5.593374729156494,26.657602045123173
"A(p=17,f=0.40,h=128,lr=0.01,wd=1.0,max=40000)",22,19940,1.0,2.1768651947695616e-07,0.0,5.592487812042236,26.655303608070774
"A(p=17,f=0.40,h=128,lr=0.01,wd=1.0,max=40000)",22,19960,1.0,2.1146689732631785e-07,0.0,5.593111515045166,26.655610989476624
"A(p=17,f=0.40,h=128,lr=0.01,wd=1.0,max=40000)",22,19980,1.0,2.2183292003319366e-07,0.0,5.592330455780029,26.655056385914236
"A(p=17,f=0.40,h=128,lr=0.01,wd=1.0,max=40000)",22,20000,1.0,2.1146689732631785e-07,0.0,5.593751907348633,26.657260440287395
"A(p=17,f=0.40,h=128,lr=0.01,wd=1.0,max=40000)",22,20020,1.0,2.0835709335642605e-07,0.0,5.593466758728027,26.655966163429664
"A(p=17,f=0.40,h=128,lr=0.01,wd=1.0,max=40000)",22,20040,1.0,2.1146689732631785e-07,0.0,5.5939741134643555,26.656659500901874
"A(p=17,f=0.40,h=128,lr=0.01,wd=1.0,max=40000)",22,20060,1.0,2.1768651947695616e-07,0.0,5.592591285705566,26.655128711577955
"A(p=17,f=0.40,h=128,lr=0.01,wd=1.0,max=40000)",22,20080,1.0,2.1872311606330186e-07,0.0,5.594259262084961,26.656748436042463
"A(p=17,f=0.40,h=128,lr=0.01,wd=1.0,max=40000)",22,20100,1.0,2.1354010470986395e-07,0.0,5.594780921936035,26.65645118916382
"A(p=17,f=0.40,h=128,lr=0.01,wd=1.0,max=40000)",22,20120,1.0,2.2079632344684796e-07,0.0,5.59295129776001,26.654866899073486
"A(p=17,f=0.40,h=128,lr=0.01,wd=1.0,max=40000)",22,20140,1.0,2.1664990867975575e-07,0.0,5.593662738800049,26.65622637145205
"A(p=17,f=0.40,h=128,lr=0.01,wd=1.0,max=40000)",22,20160,1.0,2.1354010470986395e-07,0.0,5.594641208648682,26.656335412147037
"A(p=17,f=0.40,h=128,lr=0.01,wd=1.0,max=40000)",22,20180,1.0,2.1664990867975575e-07,0.0,5.592803001403809,26.655033570591016
"A(p=17,f=0.40,h=128,lr=0.01,wd=1.0,max=40000)",22,20200,1.0,2.1768651947695616e-07,0.0,5.592728614807129,26.6547757758475
"A(p=17,f=0.40,h=128,lr=0.01,wd=1.0,max=40000)",22,20220,1.0,2.1664990867975575e-07,0.0,5.594032287597656,26.65615050653794
"A(p=17,f=0.40,h=128,lr=0.01,wd=1.0,max=40000)",22,20240,1.0,2.2701593138663156e-07,0.0,5.591493129730225,26.654061029231038
"A(p=17,f=0.40,h=128,lr=0.01,wd=1.0,max=40000)",22,20260,1.0,2.1872311606330186e-07,0.0,5.594399929046631,26.65741271029903
"A(p=17,f=0.40,h=128,lr=0.01,wd=1.0,max=40000)",22,20280,1.0,2.2183292003319366e-07,0.0,5.5924601554870605,26.654352527062827
"A(p=17,f=0.40,h=128,lr=0.01,wd=1.0,max=40000)",22,20300,1.0,2.2183292003319366e-07,0.0,5.592844486236572,26.655381000393646
"A(p=17,f=0.40,h=128,lr=0.01,wd=1.0,max=40000)",22,20320,1.0,2.1561331209341006e-07,0.0,5.594175338745117,26.657417743187978
"A(p=17,f=0.40,h=128,lr=0.01,wd=1.0,max=40000)",22,20340,1.0,2.2908913877017767e-07,0.0,5.59120512008667,26.653723448929107
"A(p=17,f=0.40,h=128,lr=0.01,wd=1.0,max=40000)",22,20360,1.0,2.0835709335642605e-07,0.0,5.59388542175293,26.6558241420974
"A(p=17,f=0.40,h=128,lr=0.01,wd=1.0,max=40000)",22,20380,1.0,2.1457670129620965e-07,0.0,5.593926906585693,26.655687811214374
"A(p=17,f=0.40,h=128,lr=0.01,wd=1.0,max=40000)",22,20400,1.0,2.2494272400308546e-07,0.0,5.591749668121338,26.653658516095962
"A(p=17,f=0.40,h=128,lr=0.01,wd=1.0,max=40000)",22,20420,1.0,2.0628388597287994e-07,0.0,5.594719409942627,26.657329261629204
"A(p=17,f=0.40,h=128,lr=0.01,wd=1.0,max=40000)",22,20440,1.0,2.1457670129620965e-07,0.0,5.594468593597412,26.656501250091463
"A(p=17,f=0.40,h=128,lr=0.01,wd=1.0,max=40000)",22,20460,1.0,2.1872311606330186e-07,0.0,5.5950517654418945,26.658043423309575
"A(p=17,f=0.40,h=128,lr=0.01,wd=1.0,max=40000)",22,20480,1.0,2.2079632344684796e-07,0.0,5.5927534103393555,26.65408892777738
"A(p=17,f=0.40,h=128,lr=0.01,wd=1.0,max=40000)",22,20500,1.0,2.1664990867975575e-07,0.0,5.59442138671875,26.655893491588056
"A(p=17,f=0.40,h=128,lr=0.01,wd=1.0,max=40000)",22,20520,1.0,2.2183292003319366e-07,0.0,5.593927383422852,26.655844385893392
"A(p=17,f=0.40,h=128,lr=0.01,wd=1.0,max=40000)",22,20540,1.0,2.1457670129620965e-07,0.0,5.593027591705322,26.65455782050495
"A(p=17,f=0.40,h=128,lr=0.01,wd=1.0,max=40000)",22,20560,1.0,2.1354010470986395e-07,0.0,5.59311056137085,26.65543610007873
"A(p=17,f=0.40,h=128,lr=0.01,wd=1.0,max=40000)",22,20580,1.0,2.0732048255922564e-07,0.0,5.594750881195068,26.657660349648125
"A(p=17,f=0.40,h=128,lr=0.01,wd=1.0,max=40000)",22,20600,1.0,2.2183292003319366e-07,0.0,5.592067241668701,26.65412418246677
"A(p=17,f=0.40,h=128,lr=0.01,wd=1.0,max=40000)",22,20620,1.0,2.1872311606330186e-07,0.0,5.594051361083984,26.6571073553558
"A(p=17,f=0.40,h=128,lr=0.01,wd=1.0,max=40000)",22,20640,1.0,2.0732048255922564e-07,0.0,5.5945916175842285,26.65794676179925
"A(p=17,f=0.40,h=128,lr=0.01,wd=1.0,max=40000)",22,20660,1.0,2.1872311606330186e-07,0.0,5.592767238616943,26.656089573820037
"A(p=17,f=0.40,h=128,lr=0.01,wd=1.0,max=40000)",22,20680,1.0,2.1664990867975575e-07,0.0,5.592441558837891,26.654092025072504
"A(p=17,f=0.40,h=128,lr=0.01,wd=1.0,max=40000)",22,20700,1.0,2.1768651947695616e-07,0.0,5.592508792877197,26.6545575199993
"A(p=17,f=0.40,h=128,lr=0.01,wd=1.0,max=40000)",22,20720,1.0,2.1975971264964755e-07,0.0,5.591678619384766,26.654449972279927
"A(p=17,f=0.40,h=128,lr=0.01,wd=1.0,max=40000)",22,20740,1.0,2.2183292003319366e-07,0.0,5.592381000518799,26.654119400913952
"A(p=17,f=0.40,h=128,lr=0.01,wd=1.0,max=40000)",22,20760,1.0,2.1664990867975575e-07,0.0,5.593642234802246,26.656654651136492
"A(p=17,f=0.40,h=128,lr=0.01,wd=1.0,max=40000)",22,20780,1.0,2.1768651947695616e-07,0.0,5.594980239868164,26.6577047154206
"A(p=17,f=0.40,h=128,lr=0.01,wd=1.0,max=40000)",22,20800,1.0,2.1664990867975575e-07,0.0,5.595205307006836,26.65686318846158
"A(p=17,f=0.40,h=128,lr=0.01,wd=1.0,max=40000)",22,20820,1.0,2.1457670129620965e-07,0.0,5.5939836502075195,26.65595880421825
"A(p=17,f=0.40,h=128,lr=0.01,wd=1.0,max=40000)",22,20840,1.0,2.2286953083039407e-07,0.0,5.591622829437256,26.653656045558172
"A(p=17,f=0.40,h=128,lr=0.01,wd=1.0,max=40000)",22,20860,1.0,2.2908913877017767e-07,0.0,5.590308666229248,26.651872033477044
"A(p=17,f=0.40,h=128,lr=0.01,wd=1.0,max=40000)",22,20880,1.0,2.0732048255922564e-07,0.0,5.594690799713135,26.65730042393846
"A(p=17,f=0.40,h=128,lr=0.01,wd=1.0,max=40000)",22,20900,1.0,2.1975971264964755e-07,0.0,5.593239784240723,26.655244523048264
"A(p=17,f=0.40,h=128,lr=0.01,wd=1.0,max=40000)",22,20920,1.0,2.1457670129620965e-07,0.0,5.593122959136963,26.65525883765922
"A(p=17,f=0.40,h=128,lr=0.01,wd=1.0,max=40000)",22,20940,1.0,2.1664990867975575e-07,0.0,5.591939926147461,26.65427613989105
"A(p=17,f=0.40,h=128,lr=0.01,wd=1.0,max=40000)",22,20960,1.0,2.3323555353726988e-07,0.0,5.58949613571167,26.651844518854283
"A(p=17,f=0.40,h=128,lr=0.01,wd=1.0,max=40000)",22,20980,1.0,2.2494272400308546e-07,0.0,5.592080116271973,26.654202446433295
"A(p=17,f=0.40,h=128,lr=0.01,wd=1.0,max=40000)",22,21000,1.0,2.1975971264964755e-07,0.0,5.593297481536865,26.656085224206475
"A(p=17,f=0.40,h=128,lr=0.01,wd=1.0,max=40000)",22,21020,1.0,2.1561331209341006e-07,0.0,5.593310832977295,26.65596750602631
"A(p=17,f=0.40,h=128,lr=0.01,wd=1.0,max=40000)",22,21040,1.0,2.2597933480028587e-07,0.0,5.592084884643555,26.655100777538856
"A(p=17,f=0.40,h=128,lr=0.01,wd=1.0,max=40000)",22,21060,1.0,2.1354010470986395e-07,0.0,5.594319820404053,26.65659435466473
"A(p=17,f=0.40,h=128,lr=0.01,wd=1.0,max=40000)",22,21080,1.0,2.1457670129620965e-07,0.0,5.593752384185791,26.655815572008237
"A(p=17,f=0.40,h=128,lr=0.01,wd=1.0,max=40000)",22,21100,1.0,2.2183292003319366e-07,0.0,5.593201637268066,26.65499762346159
"A(p=17,f=0.40,h=128,lr=0.01,wd=1.0,max=40000)",22,21120,1.0,2.1768651947695616e-07,0.0,5.5945329666137695,26.655927634499996
"A(p=17,f=0.40,h=128,lr=0.01,wd=1.0,max=40000)",22,21140,1.0,2.2079632344684796e-07,0.0,5.592759609222412,26.655012814425728
"A(p=17,f=0.40,h=128,lr=0.01,wd=1.0,max=40000)",22,21160,1.0,2.1250349391266354e-07,0.0,5.595043182373047,26.657035835817524
"A(p=17,f=0.40,h=128,lr=0.01,wd=1.0,max=40000)",22,21180,1.0,2.0939368994277174e-07,0.0,5.594562530517578,26.657549155290564
"A(p=17,f=0.40,h=128,lr=0.01,wd=1.0,max=40000)",22,21200,1.0,2.1872311606330186e-07,0.0,5.594465732574463,26.656798212796662
"A(p=17,f=0.40,h=128,lr=0.01,wd=1.0,max=40000)",22,21220,1.0,2.1664990867975575e-07,0.0,5.594231128692627,26.656329926482936
"A(p=17,f=0.40,h=128,lr=0.01,wd=1.0,max=40000)",22,21240,1.0,2.2079632344684796e-07,0.0,5.593905448913574,26.65504069418421
"A(p=17,f=0.40,h=128,lr=0.01,wd=1.0,max=40000)",22,21260,1.0,2.1561331209341006e-07,0.0,5.5945611000061035,26.654872431869496
"A(p=17,f=0.40,h=128,lr=0.01,wd=1.0,max=40000)",22,21280,1.0,2.1250349391266354e-07,0.0,5.596589088439941,26.65688006866776
"A(p=17,f=0.40,h=128,lr=0.01,wd=1.0,max=40000)",22,21300,1.0,2.1664990867975575e-07,0.0,5.593394756317139,26.655066012809495
"A(p=17,f=0.40,h=128,lr=0.01,wd=1.0,max=40000)",22,21320,1.0,2.1457670129620965e-07,0.0,5.594812393188477,26.65596305056803
"A(p=17,f=0.40,h=128,lr=0.01,wd=1.0,max=40000)",22,21340,1.0,2.1768651947695616e-07,0.0,5.593987941741943,26.65497418731665
"A(p=17,f=0.40,h=128,lr=0.01,wd=1.0,max=40000)",22,21360,1.0,2.0939368994277174e-07,0.0,5.595189094543457,26.657153798380378
"A(p=17,f=0.40,h=128,lr=0.01,wd=1.0,max=40000)",22,21380,1.0,2.1457670129620965e-07,0.0,5.594090461730957,26.655730436260768
"A(p=17,f=0.40,h=128,lr=0.01,wd=1.0,max=40000)",22,21400,1.0,2.2079632344684796e-07,0.0,5.594823837280273,26.65597848208209
"A(p=17,f=0.40,h=128,lr=0.01,wd=1.0,max=40000)",22,21420,1.0,2.2701593138663156e-07,0.0,5.592042446136475,26.654274357697304
"A(p=17,f=0.40,h=128,lr=0.01,wd=1.0,max=40000)",22,21440,1.0,2.2390612741673976e-07,0.0,5.593797206878662,26.655603507995284
"A(p=17,f=0.40,h=128,lr=0.01,wd=1.0,max=40000)",22,21460,1.0,2.1250349391266354e-07,0.0,5.594425678253174,26.65668206144509
"A(p=17,f=0.40,h=128,lr=0.01,wd=1.0,max=40000)",22,21480,1.0,2.1872311606330186e-07,0.0,5.593777656555176,26.655001851575477
"A(p=17,f=0.40,h=128,lr=0.01,wd=1.0,max=40000)",22,21500,1.0,2.1975971264964755e-07,0.0,5.593984603881836,26.65590954354207
"A(p=17,f=0.40,h=128,lr=0.01,wd=1.0,max=40000)",22,21520,1.0,2.2286953083039407e-07,0.0,5.592430591583252,26.654335412245704
"A(p=17,f=0.40,h=128,lr=0.01,wd=1.0,max=40000)",22,21540,1.0,2.2183292003319366e-07,0.0,5.593929767608643,26.656502423144243
"A(p=17,f=0.40,h=128,lr=0.01,wd=1.0,max=40000)",22,21560,1.0,2.2494272400308546e-07,0.0,5.5942816734313965,26.65476801750411
"A(p=17,f=0.40,h=128,lr=0.01,wd=1.0,max=40000)",22,21580,1.0,2.2701593138663156e-07,0.0,5.593166351318359,26.654098234058424
"A(p=17,f=0.40,h=128,lr=0.01,wd=1.0,max=40000)",22,21600,1.0,2.1354010470986395e-07,0.0,5.594787120819092,26.65618871726495
"A(p=17,f=0.40,h=128,lr=0.01,wd=1.0,max=40000)",22,21620,1.0,2.3012574956737808e-07,0.0,5.592280864715576,26.653088768571195
"A(p=17,f=0.40,h=128,lr=0.01,wd=1.0,max=40000)",22,21640,1.0,2.2286953083039407e-07,0.0,5.592564105987549,26.653813737604164
"A(p=17,f=0.40,h=128,lr=0.01,wd=1.0,max=40000)",22,21660,1.0,2.1146689732631785e-07,0.0,5.595586776733398,26.65663114294288
"A(p=17,f=0.40,h=128,lr=0.01,wd=1.0,max=40000)",22,21680,1.0,2.1975971264964755e-07,0.0,5.593825817108154,26.65522615024726
"A(p=17,f=0.40,h=128,lr=0.01,wd=1.0,max=40000)",22,21700,1.0,2.2183292003319366e-07,0.0,5.5947136878967285,26.65614763548901
"A(p=17,f=0.40,h=128,lr=0.01,wd=1.0,max=40000)",22,21720,1.0,2.0835709335642605e-07,0.0,5.595963478088379,26.657827048102565
"A(p=17,f=0.40,h=128,lr=0.01,wd=1.0,max=40000)",22,21740,1.0,2.2079632344684796e-07,0.0,5.593975067138672,26.654447991133285
"A(p=17,f=0.40,h=128,lr=0.01,wd=1.0,max=40000)",22,21760,1.0,2.1561331209341006e-07,0.0,5.594670295715332,26.65468562021869
"A(p=17,f=0.40,h=128,lr=0.01,wd=1.0,max=40000)",22,21780,1.0,2.1561331209341006e-07,0.0,5.595484256744385,26.657494883615666
"A(p=17,f=0.40,h=128,lr=0.01,wd=1.0,max=40000)",22,21800,1.0,2.1975971264964755e-07,0.0,5.593777656555176,26.654583803327633
"A(p=17,f=0.40,h=128,lr=0.01,wd=1.0,max=40000)",22,21820,1.0,2.1768651947695616e-07,0.0,5.594015598297119,26.655042109007802
"A(p=17,f=0.40,h=128,lr=0.01,wd=1.0,max=40000)",22,21840,1.0,2.1250349391266354e-07,0.0,5.59413480758667,26.655261237567792
"A(p=17,f=0.40,h=128,lr=0.01,wd=1.0,max=40000)",22,21860,1.0,2.1354010470986395e-07,0.0,5.595492839813232,26.656401130965346
"A(p=17,f=0.40,h=128,lr=0.01,wd=1.0,max=40000)",22,21880,1.0,2.1975971264964755e-07,0.0,5.593318462371826,26.65405090728783
"A(p=17,f=0.40,h=128,lr=0.01,wd=1.0,max=40000)",22,21900,1.0,2.0939368994277174e-07,0.0,5.595101833343506,26.656614452241644
"A(p=17,f=0.40,h=128,lr=0.01,wd=1.0,max=40000)",22,21920,1.0,2.1664990867975575e-07,0.0,5.595894813537598,26.657242918743627
"A(p=17,f=0.40,h=128,lr=0.01,wd=1.0,max=40000)",22,21940,1.0,2.1457670129620965e-07,0.0,5.5963029861450195,26.6582222190934
"A(p=17,f=0.40,h=128,lr=0.01,wd=1.0,max=40000)",22,21960,1.0,2.0628388597287994e-07,0.0,5.596144676208496,26.657522434468696
"A(p=17,f=0.40,h=128,lr=0.01,wd=1.0,max=40000)",22,21980,1.0,2.1354010470986395e-07,0.0,5.596187114715576,26.657369234969433
"A(p=17,f=0.40,h=128,lr=0.01,wd=1.0,max=40000)",22,22000,1.0,2.1975971264964755e-07,0.0,5.592957973480225,26.65395170426655
"A(p=17,f=0.40,h=128,lr=0.01,wd=1.0,max=40000)",22,22020,1.0,2.0939368994277174e-07,0.0,5.596370697021484,26.65802156755262
"A(p=17,f=0.40,h=128,lr=0.01,wd=1.0,max=40000)",22,22040,1.0,2.1872311606330186e-07,0.0,5.594851016998291,26.656089196732523
"A(p=17,f=0.40,h=128,lr=0.01,wd=1.0,max=40000)",22,22060,1.0,2.2079632344684796e-07,0.0,5.59574031829834,26.656628006537414
"A(p=17,f=0.40,h=128,lr=0.01,wd=1.0,max=40000)",22,22080,1.0,2.1664990867975575e-07,0.0,5.595985412597656,26.656962642110056
"A(p=17,f=0.40,h=128,lr=0.01,wd=1.0,max=40000)",22,22100,1.0,2.0421067858933384e-07,0.0,5.596599578857422,26.65744733038126
"A(p=17,f=0.40,h=128,lr=0.01,wd=1.0,max=40000)",22,22120,1.0,2.1664990867975575e-07,0.0,5.593207836151123,26.654198139199423
"A(p=17,f=0.40,h=128,lr=0.01,wd=1.0,max=40000)",22,22140,1.0,2.1768651947695616e-07,0.0,5.594562530517578,26.65718539540337
"A(p=17,f=0.40,h=128,lr=0.01,wd=1.0,max=40000)",22,22160,1.0,2.1250349391266354e-07,0.0,5.595192909240723,26.6569996005339
"A(p=17,f=0.40,h=128,lr=0.01,wd=1.0,max=40000)",22,22180,1.0,2.1768651947695616e-07,0.0,5.5942792892456055,26.65651296726715
"A(p=17,f=0.40,h=128,lr=0.01,wd=1.0,max=40000)",22,22200,1.0,2.0628388597287994e-07,0.0,5.596505165100098,26.657882646690354
"A(p=17,f=0.40,h=128,lr=0.01,wd=1.0,max=40000)",22,22220,1.0,2.1872311606330186e-07,0.0,5.5929484367370605,26.653933856184032
"A(p=17,f=0.40,h=128,lr=0.01,wd=1.0,max=40000)",22,22240,1.0,2.2390612741673976e-07,0.0,5.593398094177246,26.65372655190239
"A(p=17,f=0.40,h=128,lr=0.01,wd=1.0,max=40000)",22,22260,1.0,2.0835709335642605e-07,0.0,5.5985331535339355,26.659737093544678
"A(p=17,f=0.40,h=128,lr=0.01,wd=1.0,max=40000)",22,22280,1.0,2.1872311606330186e-07,0.0,5.594805717468262,26.65639458261302
"A(p=17,f=0.40,h=128,lr=0.01,wd=1.0,max=40000)",22,22300,1.0,2.1561331209341006e-07,0.0,5.59509801864624,26.65577289325323
"A(p=17,f=0.40,h=128,lr=0.01,wd=1.0,max=40000)",22,22320,1.0,2.0939368994277174e-07,0.0,5.596706390380859,26.658634950177063
"A(p=17,f=0.40,h=128,lr=0.01,wd=1.0,max=40000)",22,22340,1.0,2.1561331209341006e-07,0.0,5.593767166137695,26.655374167052894
"A(p=17,f=0.40,h=128,lr=0.01,wd=1.0,max=40000)",22,22360,1.0,2.1872311606330186e-07,0.0,5.5949835777282715,26.65641573995859
"A(p=17,f=0.40,h=128,lr=0.01,wd=1.0,max=40000)",22,22380,1.0,2.1975971264964755e-07,0.0,5.59456205368042,26.656133410790577
"A(p=17,f=0.40,h=128,lr=0.01,wd=1.0,max=40000)",22,22400,1.0,2.3012574956737808e-07,0.0,5.5920844078063965,26.65195201452169
"A(p=17,f=0.40,h=128,lr=0.01,wd=1.0,max=40000)",22,22420,1.0,2.1354010470986395e-07,0.0,5.593677520751953,26.655714439531877
"A(p=17,f=0.40,h=128,lr=0.01,wd=1.0,max=40000)",22,22440,1.0,2.1354010470986395e-07,0.0,5.594676494598389,26.656755531823453
"A(p=17,f=0.40,h=128,lr=0.01,wd=1.0,max=40000)",22,22460,1.0,2.1768651947695616e-07,0.0,5.594192028045654,26.655715898660066
"A(p=17,f=0.40,h=128,lr=0.01,wd=1.0,max=40000)",22,22480,1.0,2.1768651947695616e-07,0.0,5.593747615814209,26.655246140366557
"A(p=17,f=0.40,h=128,lr=0.01,wd=1.0,max=40000)",22,22500,1.0,2.1768651947695616e-07,0.0,5.593558311462402,26.654986965942864
"A(p=17,f=0.40,h=128,lr=0.01,wd=1.0,max=40000)",22,22520,1.0,2.1457670129620965e-07,0.0,5.594431400299072,26.656320076309722
"A(p=17,f=0.40,h=128,lr=0.01,wd=1.0,max=40000)",22,22540,1.0,2.1457670129620965e-07,0.0,5.593874454498291,26.65517820582465
"A(p=17,f=0.40,h=128,lr=0.01,wd=1.0,max=40000)",22,22560,1.0,2.1146689732631785e-07,0.0,5.5954084396362305,26.657443251952618
"A(p=17,f=0.40,h=128,lr=0.01,wd=1.0,max=40000)",22,22580,1.0,2.0628388597287994e-07,0.0,5.595502853393555,26.65697522557833
"A(p=17,f=0.40,h=128,lr=0.01,wd=1.0,max=40000)",22,22600,1.0,2.2597933480028587e-07,0.0,5.592579364776611,26.654193874855487
"A(p=17,f=0.40,h=128,lr=0.01,wd=1.0,max=40000)",22,22620,1.0,2.2494272400308546e-07,0.0,5.592860698699951,26.654674678556436
"A(p=17,f=0.40,h=128,lr=0.01,wd=1.0,max=40000)",22,22640,1.0,2.1975971264964755e-07,0.0,5.5941314697265625,26.655911696150266
"A(p=17,f=0.40,h=128,lr=0.01,wd=1.0,max=40000)",22,22660,1.0,2.1975971264964755e-07,0.0,5.593236446380615,26.65388178555686
"A(p=17,f=0.40,h=128,lr=0.01,wd=1.0,max=40000)",22,22680,1.0,2.1457670129620965e-07,0.0,5.594658851623535,26.65547044003784
"A(p=17,f=0.40,h=128,lr=0.01,wd=1.0,max=40000)",22,22700,1.0,2.2079632344684796e-07,0.0,5.593559265136719,26.653732472180035
"A(p=17,f=0.40,h=128,lr=0.01,wd=1.0,max=40000)",22,22720,1.0,2.2183292003319366e-07,0.0,5.593864917755127,26.654814479785944
"A(p=17,f=0.40,h=128,lr=0.01,wd=1.0,max=40000)",22,22740,1.0,2.1975971264964755e-07,0.0,5.594827651977539,26.655943864017893
"A(p=17,f=0.40,h=128,lr=0.01,wd=1.0,max=40000)",22,22760,1.0,2.1457670129620965e-07,0.0,5.597385883331299,26.657886860000694
"A(p=17,f=0.40,h=128,lr=0.01,wd=1.0,max=40000)",22,22780,1.0,2.1768651947695616e-07,0.0,5.596128940582275,26.656717779109243
"A(p=17,f=0.40,h=128,lr=0.01,wd=1.0,max=40000)",22,22800,1.0,2.2183292003319366e-07,0.0,5.597379684448242,26.657934493537564
"A(p=17,f=0.40,h=128,lr=0.01,wd=1.0,max=40000)",22,22820,1.0,2.2079632344684796e-07,0.0,5.59417724609375,26.65435909206159
"A(p=17,f=0.40,h=128,lr=0.01,wd=1.0,max=40000)",22,22840,1.0,2.1354010470986395e-07,0.0,5.597590923309326,26.65837719517727
"A(p=17,f=0.40,h=128,lr=0.01,wd=1.0,max=40000)",22,22860,1.0,2.1561331209341006e-07,0.0,5.594956874847412,26.655068883674502
"A(p=17,f=0.40,h=128,lr=0.01,wd=1.0,max=40000)",22,22880,1.0,2.2183292003319366e-07,0.0,5.594318866729736,26.655093256324484
"A(p=17,f=0.40,h=128,lr=0.01,wd=1.0,max=40000)",22,22900,1.0,2.1664990867975575e-07,0.0,5.593420505523682,26.65380725719306
"A(p=17,f=0.40,h=128,lr=0.01,wd=1.0,max=40000)",22,22920,1.0,2.1768651947695616e-07,0.0,5.596165657043457,26.6570913332276
"A(p=17,f=0.40,h=128,lr=0.01,wd=1.0,max=40000)",22,22940,1.0,2.1043030073997215e-07,0.0,5.59574031829834,26.65673136516904
"A(p=17,f=0.40,h=128,lr=0.01,wd=1.0,max=40000)",22,22960,1.0,2.2701593138663156e-07,0.0,5.593487739562988,26.65513093153211
"A(p=17,f=0.40,h=128,lr=0.01,wd=1.0,max=40000)",22,22980,1.0,2.1043030073997215e-07,0.0,5.597682952880859,26.657747954375687
"A(p=17,f=0.40,h=128,lr=0.01,wd=1.0,max=40000)",22,23000,1.0,2.2390612741673976e-07,0.0,5.594751834869385,26.654899324562383
"A(p=17,f=0.40,h=128,lr=0.01,wd=1.0,max=40000)",22,23020,1.0,2.1975971264964755e-07,0.0,5.594894886016846,26.65552924819924
"A(p=17,f=0.40,h=128,lr=0.01,wd=1.0,max=40000)",22,23040,1.0,2.0835709335642605e-07,0.0,5.595910549163818,26.65607490199817
"A(p=17,f=0.40,h=128,lr=0.01,wd=1.0,max=40000)",22,23060,1.0,2.1872311606330186e-07,0.0,5.594667434692383,26.654843271862557
"A(p=17,f=0.40,h=128,lr=0.01,wd=1.0,max=40000)",22,23080,1.0,2.2494272400308546e-07,0.0,5.593787670135498,26.653893620127903
"A(p=17,f=0.40,h=128,lr=0.01,wd=1.0,max=40000)",22,23100,1.0,2.1768651947695616e-07,0.0,5.594331741333008,26.65651890340384
"A(p=17,f=0.40,h=128,lr=0.01,wd=1.0,max=40000)",22,23120,1.0,2.1354010470986395e-07,0.0,5.593374252319336,26.65418476024839
"A(p=17,f=0.40,h=128,lr=0.01,wd=1.0,max=40000)",22,23140,1.0,2.1561331209341006e-07,0.0,5.59393310546875,26.654783616995655
"A(p=17,f=0.40,h=128,lr=0.01,wd=1.0,max=40000)",22,23160,1.0,2.2701593138663156e-07,0.0,5.594030380249023,26.654484814567663
"A(p=17,f=0.40,h=128,lr=0.01,wd=1.0,max=40000)",22,23180,1.0,2.1872311606330186e-07,0.0,5.595557689666748,26.656488843224604
"A(p=17,f=0.40,h=128,lr=0.01,wd=1.0,max=40000)",22,23200,1.0,2.1457670129620965e-07,0.0,5.596283435821533,26.65742821917358
"A(p=17,f=0.40,h=128,lr=0.01,wd=1.0,max=40000)",22,23220,1.0,2.1457670129620965e-07,0.0,5.5955305099487305,26.65665202251734
"A(p=17,f=0.40,h=128,lr=0.01,wd=1.0,max=40000)",22,23240,1.0,2.2183292003319366e-07,0.0,5.595118045806885,26.655485472538764
"A(p=17,f=0.40,h=128,lr=0.01,wd=1.0,max=40000)",22,23260,1.0,2.1975971264964755e-07,0.0,5.594226360321045,26.65462192768542
"A(p=17,f=0.40,h=128,lr=0.01,wd=1.0,max=40000)",22,23280,1.0,2.2079632344684796e-07,0.0,5.595114231109619,26.655242740630893
"A(p=17,f=0.40,h=128,lr=0.01,wd=1.0,max=40000)",22,23300,1.0,2.1975971264964755e-07,0.0,5.593631267547607,26.653686632447474
"A(p=17,f=0.40,h=128,lr=0.01,wd=1.0,max=40000)",22,23320,1.0,2.1561331209341006e-07,0.0,5.59668493270874,26.656979246000095
"A(p=17,f=0.40,h=128,lr=0.01,wd=1.0,max=40000)",22,23340,1.0,2.2908913877017767e-07,0.0,5.595029830932617,26.654360387437535
"A(p=17,f=0.40,h=128,lr=0.01,wd=1.0,max=40000)",22,23360,1.0,2.1146689732631785e-07,0.0,5.596286773681641,26.65678295616003
"A(p=17,f=0.40,h=128,lr=0.01,wd=1.0,max=40000)",22,23380,1.0,2.1043030073997215e-07,0.0,5.596055507659912,26.655913276861057
"A(p=17,f=0.40,h=128,lr=0.01,wd=1.0,max=40000)",22,23400,1.0,2.1354010470986395e-07,0.0,5.595532417297363,26.65471489214929
"A(p=17,f=0.40,h=128,lr=0.01,wd=1.0,max=40000)",22,23420,1.0,2.1872311606330186e-07,0.0,5.594694137573242,26.654429630259656
"A(p=17,f=0.40,h=128,lr=0.01,wd=1.0,max=40000)",22,23440,1.0,2.1457670129620965e-07,0.0,5.598034381866455,26.658804570411338
"A(p=17,f=0.40,h=128,lr=0.01,wd=1.0,max=40000)",22,23460,1.0,2.1561331209341006e-07,0.0,5.595780849456787,26.654747933609737
"A(p=17,f=0.40,h=128,lr=0.01,wd=1.0,max=40000)",22,23480,1.0,2.2079632344684796e-07,0.0,5.593514919281006,26.654081326271182
"A(p=17,f=0.40,h=128,lr=0.01,wd=1.0,max=40000)",22,23500,1.0,2.0939368994277174e-07,0.0,5.596847057342529,26.656573119534514
"A(p=17,f=0.40,h=128,lr=0.01,wd=1.0,max=40000)",22,23520,1.0,2.2079632344684796e-07,0.0,5.594486236572266,26.655703281323312
"A(p=17,f=0.40,h=128,lr=0.01,wd=1.0,max=40000)",22,23540,1.0,2.1250349391266354e-07,0.0,5.595587730407715,26.65504248685629
"A(p=17,f=0.40,h=128,lr=0.01,wd=1.0,max=40000)",22,23560,1.0,2.1872311606330186e-07,0.0,5.5941314697265625,26.65473386947389
"A(p=17,f=0.40,h=128,lr=0.01,wd=1.0,max=40000)",22,23580,1.0,2.1872311606330186e-07,0.0,5.5957465171813965,26.65552638239288
"A(p=17,f=0.40,h=128,lr=0.01,wd=1.0,max=40000)",22,23600,1.0,2.2079632344684796e-07,0.0,5.594003677368164,26.65355128995731
"A(p=17,f=0.40,h=128,lr=0.01,wd=1.0,max=40000)",22,23620,1.0,2.1250349391266354e-07,0.0,5.594657897949219,26.654564019418324
"A(p=17,f=0.40,h=128,lr=0.01,wd=1.0,max=40000)",22,23640,1.0,2.2183292003319366e-07,0.0,5.593222141265869,26.653843500912792
"A(p=17,f=0.40,h=128,lr=0.01,wd=1.0,max=40000)",22,23660,1.0,2.1561331209341006e-07,0.0,5.595309734344482,26.65534562051591
"A(p=17,f=0.40,h=128,lr=0.01,wd=1.0,max=40000)",22,23680,1.0,2.2079632344684796e-07,0.0,5.59368371963501,26.653978695795328
"A(p=17,f=0.40,h=128,lr=0.01,wd=1.0,max=40000)",22,23700,1.0,2.1457670129620965e-07,0.0,5.59523344039917,26.655685740994812
"A(p=17,f=0.40,h=128,lr=0.01,wd=1.0,max=40000)",22,23720,1.0,2.1043030073997215e-07,0.0,5.594118595123291,26.654693703041588
"A(p=17,f=0.40,h=128,lr=0.01,wd=1.0,max=40000)",22,23740,1.0,2.1664990867975575e-07,0.0,5.595019340515137,26.6567004248318
"A(p=17,f=0.40,h=128,lr=0.01,wd=1.0,max=40000)",22,23760,1.0,2.1768651947695616e-07,0.0,5.593639373779297,26.655215028601297
"A(p=17,f=0.40,h=128,lr=0.01,wd=1.0,max=40000)",22,23780,1.0,2.1250349391266354e-07,0.0,5.594655513763428,26.65666557795466
"A(p=17,f=0.40,h=128,lr=0.01,wd=1.0,max=40000)",22,23800,1.0,2.1768651947695616e-07,0.0,5.593373775482178,26.654640994454336
"A(p=17,f=0.40,h=128,lr=0.01,wd=1.0,max=40000)",22,23820,1.0,2.2286953083039407e-07,0.0,5.5937933921813965,26.6560612287749
"A(p=17,f=0.40,h=128,lr=0.01,wd=1.0,max=40000)",22,23840,1.0,2.0421067858933384e-07,0.0,5.59547758102417,26.65570253537578
"A(p=17,f=0.40,h=128,lr=0.01,wd=1.0,max=40000)",22,23860,1.0,2.1768651947695616e-07,0.0,5.592574119567871,26.653795511977428
"A(p=17,f=0.40,h=128,lr=0.01,wd=1.0,max=40000)",22,23880,1.0,2.1768651947695616e-07,0.0,5.59318733215332,26.65419110773852
"A(p=17,f=0.40,h=128,lr=0.01,wd=1.0,max=40000)",22,23900,1.0,2.1250349391266354e-07,0.0,5.595539093017578,26.656162659392116
"A(p=17,f=0.40,h=128,lr=0.01,wd=1.0,max=40000)",22,23920,1.0,2.1354010470986395e-07,0.0,5.594671249389648,26.655333753178336
"A(p=17,f=0.40,h=128,lr=0.01,wd=1.0,max=40000)",22,23940,1.0,2.1561331209341006e-07,0.0,5.592709064483643,26.653845848580964
"A(p=17,f=0.40,h=128,lr=0.01,wd=1.0,max=40000)",22,23960,1.0,2.0835709335642605e-07,0.0,5.594742298126221,26.655809526858263
"A(p=17,f=0.40,h=128,lr=0.01,wd=1.0,max=40000)",22,23980,1.0,2.1768651947695616e-07,0.0,5.594564437866211,26.65541240120751
"A(p=17,f=0.40,h=128,lr=0.01,wd=1.0,max=40000)",22,24000,1.0,2.1457670129620965e-07,0.0,5.594090461730957,26.655253563657546
"A(p=17,f=0.40,h=128,lr=0.01,wd=1.0,max=40000)",22,24020,1.0,2.1768651947695616e-07,0.0,5.593260765075684,26.65437388729637
"A(p=17,f=0.40,h=128,lr=0.01,wd=1.0,max=40000)",22,24040,1.0,2.0732048255922564e-07,0.0,5.594137191772461,26.655589436119293
"A(p=17,f=0.40,h=128,lr=0.01,wd=1.0,max=40000)",22,24060,1.0,2.1561331209341006e-07,0.0,5.592981815338135,26.655044080349
"A(p=17,f=0.40,h=128,lr=0.01,wd=1.0,max=40000)",22,24080,1.0,2.1768651947695616e-07,0.0,5.593926906585693,26.655843884401918
"A(p=17,f=0.40,h=128,lr=0.01,wd=1.0,max=40000)",22,24100,1.0,2.1354010470986395e-07,0.0,5.594930171966553,26.656517916547276
"A(p=17,f=0.40,h=128,lr=0.01,wd=1.0,max=40000)",22,24120,1.0,2.2286953083039407e-07,0.0,5.593583106994629,26.655251879067865
"A(p=17,f=0.40,h=128,lr=0.01,wd=1.0,max=40000)",22,24140,1.0,2.1872311606330186e-07,0.0,5.5952229499816895,26.65560130176689
"A(p=17,f=0.40,h=128,lr=0.01,wd=1.0,max=40000)",22,24160,1.0,2.1250349391266354e-07,0.0,5.594389915466309,26.655716114350536
"A(p=17,f=0.40,h=128,lr=0.01,wd=1.0,max=40000)",22,24180,1.0,2.1250349391266354e-07,0.0,5.5956339836120605,26.655710493347915
"A(p=17,f=0.40,h=128,lr=0.01,wd=1.0,max=40000)",22,24200,1.0,2.1768651947695616e-07,0.0,5.594656467437744,26.653724143708306
"A(p=17,f=0.40,h=128,lr=0.01,wd=1.0,max=40000)",22,24220,1.0,2.1457670129620965e-07,0.0,5.596269607543945,26.656935286422218
"A(p=17,f=0.40,h=128,lr=0.01,wd=1.0,max=40000)",22,24240,1.0,2.1354010470986395e-07,0.0,5.594494342803955,26.654672528002102
"A(p=17,f=0.40,h=128,lr=0.01,wd=1.0,max=40000)",22,24260,1.0,2.2079632344684796e-07,0.0,5.593942165374756,26.653782167263735
"A(p=17,f=0.40,h=128,lr=0.01,wd=1.0,max=40000)",22,24280,1.0,2.1664990867975575e-07,0.0,5.5948967933654785,26.6549381182767
"A(p=17,f=0.40,h=128,lr=0.01,wd=1.0,max=40000)",22,24300,1.0,2.0732048255922564e-07,0.0,5.596338272094727,26.657040939305407
"A(p=17,f=0.40,h=128,lr=0.01,wd=1.0,max=40000)",22,24320,1.0,2.1250349391266354e-07,0.0,5.595571517944336,26.657081611300832
"A(p=17,f=0.40,h=128,lr=0.01,wd=1.0,max=40000)",22,24340,1.0,2.1872311606330186e-07,0.0,5.593648910522461,26.654945930722718
"A(p=17,f=0.40,h=128,lr=0.01,wd=1.0,max=40000)",22,24360,1.0,2.1146689732631785e-07,0.0,5.593328475952148,26.65567604980438
"A(p=17,f=0.40,h=128,lr=0.01,wd=1.0,max=40000)",22,24380,1.0,2.1768651947695616e-07,0.0,5.594488143920898,26.65679766006615
"A(p=17,f=0.40,h=128,lr=0.01,wd=1.0,max=40000)",22,24400,1.0,2.1354010470986395e-07,0.0,5.595179080963135,26.65653698781808
"A(p=17,f=0.40,h=128,lr=0.01,wd=1.0,max=40000)",22,24420,1.0,2.1561331209341006e-07,0.0,5.593102931976318,26.653222467561402
"A(p=17,f=0.40,h=128,lr=0.01,wd=1.0,max=40000)",22,24440,1.0,2.1457670129620965e-07,0.0,5.5945305824279785,26.655557967096755
"A(p=17,f=0.40,h=128,lr=0.01,wd=1.0,max=40000)",22,24460,1.0,2.1975971264964755e-07,0.0,5.593618392944336,26.654504573087515
"A(p=17,f=0.40,h=128,lr=0.01,wd=1.0,max=40000)",22,24480,1.0,2.2079632344684796e-07,0.0,5.594137191772461,26.655115709875094
"A(p=17,f=0.40,h=128,lr=0.01,wd=1.0,max=40000)",22,24500,1.0,2.1457670129620965e-07,0.0,5.595573425292969,26.655940797776044
"A(p=17,f=0.40,h=128,lr=0.01,wd=1.0,max=40000)",22,24520,1.0,2.2805254218383197e-07,0.0,5.592975616455078,26.653552893435567
"A(p=17,f=0.40,h=128,lr=0.01,wd=1.0,max=40000)",22,24540,1.0,2.1561331209341006e-07,0.0,5.594018459320068,26.654561901176095
"A(p=17,f=0.40,h=128,lr=0.01,wd=1.0,max=40000)",22,24560,1.0,2.1146689732631785e-07,0.0,5.594250202178955,26.65569795979258
"A(p=17,f=0.40,h=128,lr=0.01,wd=1.0,max=40000)",22,24580,1.0,2.1975971264964755e-07,0.0,5.595318794250488,26.65670423003579
"A(p=17,f=0.40,h=128,lr=0.01,wd=1.0,max=40000)",22,24600,1.0,2.1561331209341006e-07,0.0,5.593793869018555,26.655256200322526
"A(p=17,f=0.40,h=128,lr=0.01,wd=1.0,max=40000)",22,24620,1.0,2.1768651947695616e-07,0.0,5.592737197875977,26.653897316683192
"A(p=17,f=0.40,h=128,lr=0.01,wd=1.0,max=40000)",22,24640,1.0,2.1768651947695616e-07,0.0,5.591448783874512,26.652565044432475
"A(p=17,f=0.40,h=128,lr=0.01,wd=1.0,max=40000)",22,24660,1.0,2.1975971264964755e-07,0.0,5.594082832336426,26.6561497583307
"A(p=17,f=0.40,h=128,lr=0.01,wd=1.0,max=40000)",22,24680,1.0,2.1872311606330186e-07,0.0,5.5934929847717285,26.655864606138508
"A(p=17,f=0.40,h=128,lr=0.01,wd=1.0,max=40000)",22,24700,1.0,2.1146689732631785e-07,0.0,5.594252109527588,26.65586324823447
"A(p=17,f=0.40,h=128,lr=0.01,wd=1.0,max=40000)",22,24720,1.0,2.1975971264964755e-07,0.0,5.594048976898193,26.654718136807862
"A(p=17,f=0.40,h=128,lr=0.01,wd=1.0,max=40000)",22,24740,1.0,2.1561331209341006e-07,0.0,5.593387126922607,26.655157778023916
"A(p=17,f=0.40,h=128,lr=0.01,wd=1.0,max=40000)",22,24760,1.0,2.1872311606330186e-07,0.0,5.592840194702148,26.65428832381108
"A(p=17,f=0.40,h=128,lr=0.01,wd=1.0,max=40000)",22,24780,1.0,2.2286953083039407e-07,0.0,5.594113349914551,26.656271267719926
"A(p=17,f=0.40,h=128,lr=0.01,wd=1.0,max=40000)",22,24800,1.0,2.2183292003319366e-07,0.0,5.592379093170166,26.653483473547674
"A(p=17,f=0.40,h=128,lr=0.01,wd=1.0,max=40000)",22,24820,1.0,2.1664990867975575e-07,0.0,5.593966484069824,26.65477611646067
"A(p=17,f=0.40,h=128,lr=0.01,wd=1.0,max=40000)",22,24840,1.0,2.1768651947695616e-07,0.0,5.592744827270508,26.654185359184392
"A(p=17,f=0.40,h=128,lr=0.01,wd=1.0,max=40000)",22,24860,1.0,2.1561331209341006e-07,0.0,5.593941688537598,26.655722850163492
"A(p=17,f=0.40,h=128,lr=0.01,wd=1.0,max=40000)",22,24880,1.0,2.2286953083039407e-07,0.0,5.591928482055664,26.653936152371642
"A(p=17,f=0.40,h=128,lr=0.01,wd=1.0,max=40000)",22,24900,1.0,2.1457670129620965e-07,0.0,5.594781875610352,26.656429052874312
"A(p=17,f=0.40,h=128,lr=0.01,wd=1.0,max=40000)",22,24920,1.0,2.1146689732631785e-07,0.0,5.593749523162842,26.654945191490462
"A(p=17,f=0.40,h=128,lr=0.01,wd=1.0,max=40000)",22,24940,1.0,2.2390612741673976e-07,0.0,5.59213924407959,26.653752060570845
"A(p=17,f=0.40,h=128,lr=0.01,wd=1.0,max=40000)",22,24960,1.0,2.2597933480028587e-07,0.0,5.593038558959961,26.65301381490915
"A(p=17,f=0.40,h=128,lr=0.01,wd=1.0,max=40000)",22,24980,1.0,2.1872311606330186e-07,0.0,5.593936920166016,26.65492308137659
"A(p=17,f=0.40,h=128,lr=0.01,wd=1.0,max=40000)",22,25000,1.0,2.1457670129620965e-07,0.0,5.594809532165527,26.65594325147133
"A(p=17,f=0.40,h=128,lr=0.01,wd=1.0,max=40000)",22,25020,1.0,2.1561331209341006e-07,0.0,5.593446731567383,26.654051091906805
"A(p=17,f=0.40,h=128,lr=0.01,wd=1.0,max=40000)",22,25040,1.0,2.1872311606330186e-07,0.0,5.595067501068115,26.65566770047383
"A(p=17,f=0.40,h=128,lr=0.01,wd=1.0,max=40000)",22,25060,1.0,2.1872311606330186e-07,0.0,5.5940446853637695,26.655800333137325
"A(p=17,f=0.40,h=128,lr=0.01,wd=1.0,max=40000)",22,25080,1.0,2.1457670129620965e-07,0.0,5.594319820404053,26.65586824455289
"A(p=17,f=0.40,h=128,lr=0.01,wd=1.0,max=40000)",22,25100,1.0,2.1561331209341006e-07,0.0,5.593011856079102,26.653625510902764
"A(p=17,f=0.40,h=128,lr=0.01,wd=1.0,max=40000)",22,25120,1.0,2.1768651947695616e-07,0.0,5.593860626220703,26.654349330027603
"A(p=17,f=0.40,h=128,lr=0.01,wd=1.0,max=40000)",22,25140,1.0,2.1250349391266354e-07,0.0,5.595390319824219,26.656758511630674
"A(p=17,f=0.40,h=128,lr=0.01,wd=1.0,max=40000)",22,25160,1.0,2.1768651947695616e-07,0.0,5.59354829788208,26.65585127918813
"A(p=17,f=0.40,h=128,lr=0.01,wd=1.0,max=40000)",22,25180,1.0,2.1561331209341006e-07,0.0,5.594394683837891,26.656310408870528
"A(p=17,f=0.40,h=128,lr=0.01,wd=1.0,max=40000)",22,25200,1.0,2.1768651947695616e-07,0.0,5.5926513671875,26.65449692903794
"A(p=17,f=0.40,h=128,lr=0.01,wd=1.0,max=40000)",22,25220,1.0,2.3012574956737808e-07,0.0,5.590991973876953,26.652724847184903
"A(p=17,f=0.40,h=128,lr=0.01,wd=1.0,max=40000)",22,25240,1.0,2.1354010470986395e-07,0.0,5.592154026031494,26.6538790732841
"A(p=17,f=0.40,h=128,lr=0.01,wd=1.0,max=40000)",22,25260,1.0,2.1457670129620965e-07,0.0,5.592965602874756,26.65413105658617
"A(p=17,f=0.40,h=128,lr=0.01,wd=1.0,max=40000)",22,25280,1.0,2.1975971264964755e-07,0.0,5.594785213470459,26.656277148230323
"A(p=17,f=0.40,h=128,lr=0.01,wd=1.0,max=40000)",22,25300,1.0,2.1872311606330186e-07,0.0,5.592713832855225,26.654143561987325
"A(p=17,f=0.40,h=128,lr=0.01,wd=1.0,max=40000)",22,25320,1.0,2.1975971264964755e-07,0.0,5.593067646026611,26.653818370629608
"A(p=17,f=0.40,h=128,lr=0.01,wd=1.0,max=40000)",22,25340,1.0,2.1457670129620965e-07,0.0,5.5936808586120605,26.655606605655592
"A(p=17,f=0.40,h=128,lr=0.01,wd=1.0,max=40000)",22,25360,1.0,2.0835709335642605e-07,0.0,5.594076633453369,26.655489686675857
"A(p=17,f=0.40,h=128,lr=0.01,wd=1.0,max=40000)",22,25380,1.0,2.1354010470986395e-07,0.0,5.59428596496582,26.65548283017171
"A(p=17,f=0.40,h=128,lr=0.01,wd=1.0,max=40000)",22,25400,1.0,2.1457670129620965e-07,0.0,5.593758583068848,26.655380029168647
"A(p=17,f=0.40,h=128,lr=0.01,wd=1.0,max=40000)",22,25420,1.0,2.1146689732631785e-07,0.0,5.59539794921875,26.656128675590544
"A(p=17,f=0.40,h=128,lr=0.01,wd=1.0,max=40000)",22,25440,1.0,2.1664990867975575e-07,0.0,5.5943684577941895,26.65549635948064
"A(p=17,f=0.40,h=128,lr=0.01,wd=1.0,max=40000)",22,25460,1.0,2.1768651947695616e-07,0.0,5.593676567077637,26.655351775663252
"A(p=17,f=0.40,h=128,lr=0.01,wd=1.0,max=40000)",22,25480,1.0,2.2183292003319366e-07,0.0,5.593463897705078,26.654459006772584
"A(p=17,f=0.40,h=128,lr=0.01,wd=1.0,max=40000)",22,25500,1.0,2.2390612741673976e-07,0.0,5.592236518859863,26.65336525904314
"A(p=17,f=0.40,h=128,lr=0.01,wd=1.0,max=40000)",22,25520,1.0,2.2079632344684796e-07,0.0,5.594120502471924,26.654948170525536
"A(p=17,f=0.40,h=128,lr=0.01,wd=1.0,max=40000)",22,25540,1.0,2.1354010470986395e-07,0.0,5.594583511352539,26.656160563612357
"A(p=17,f=0.40,h=128,lr=0.01,wd=1.0,max=40000)",22,25560,1.0,2.1043030073997215e-07,0.0,5.593548774719238,26.65378947478035
"A(p=17,f=0.40,h=128,lr=0.01,wd=1.0,max=40000)",22,25580,1.0,2.1250349391266354e-07,0.0,5.595177173614502,26.655526592702167
"A(p=17,f=0.40,h=128,lr=0.01,wd=1.0,max=40000)",22,25600,1.0,2.0732048255922564e-07,0.0,5.594115734100342,26.65496699757059
"A(p=17,f=0.40,h=128,lr=0.01,wd=1.0,max=40000)",22,25620,1.0,2.1561331209341006e-07,0.0,5.593600273132324,26.654307827042956
"A(p=17,f=0.40,h=128,lr=0.01,wd=1.0,max=40000)",22,25640,1.0,2.2390612741673976e-07,0.0,5.592609405517578,26.653200837296165
"A(p=17,f=0.40,h=128,lr=0.01,wd=1.0,max=40000)",22,25660,1.0,2.2494272400308546e-07,0.0,5.592700481414795,26.653829365780126
"A(p=17,f=0.40,h=128,lr=0.01,wd=1.0,max=40000)",22,25680,1.0,2.1043030073997215e-07,0.0,5.595658302307129,26.656345850706845
"A(p=17,f=0.40,h=128,lr=0.01,wd=1.0,max=40000)",22,25700,1.0,2.1457670129620965e-07,0.0,5.595510005950928,26.65719592936171
"A(p=17,f=0.40,h=128,lr=0.01,wd=1.0,max=40000)",22,25720,1.0,2.1561331209341006e-07,0.0,5.594958305358887,26.65664128453605
"A(p=17,f=0.40,h=128,lr=0.01,wd=1.0,max=40000)",22,25740,1.0,2.1354010470986395e-07,0.0,5.59456729888916,26.656818076258215
"A(p=17,f=0.40,h=128,lr=0.01,wd=1.0,max=40000)",22,25760,1.0,2.1768651947695616e-07,0.0,5.592214107513428,26.6538315268201
"A(p=17,f=0.40,h=128,lr=0.01,wd=1.0,max=40000)",22,25780,1.0,2.1146689732631785e-07,0.0,5.593359470367432,26.655486333764486
"A(p=17,f=0.40,h=128,lr=0.01,wd=1.0,max=40000)",22,25800,1.0,2.1457670129620965e-07,0.0,5.5940680503845215,26.65561370201118
"A(p=17,f=0.40,h=128,lr=0.01,wd=1.0,max=40000)",22,25820,1.0,2.1457670129620965e-07,0.0,5.593520164489746,26.655758913437026
"A(p=17,f=0.40,h=128,lr=0.01,wd=1.0,max=40000)",22,25840,1.0,2.1664990867975575e-07,0.0,5.5921807289123535,26.653223504903725
"A(p=17,f=0.40,h=128,lr=0.01,wd=1.0,max=40000)",22,25860,1.0,2.2079632344684796e-07,0.0,5.592888832092285,26.65479015665119
"A(p=17,f=0.40,h=128,lr=0.01,wd=1.0,max=40000)",22,25880,1.0,2.1561331209341006e-07,0.0,5.594645977020264,26.6566639937662
"A(p=17,f=0.40,h=128,lr=0.01,wd=1.0,max=40000)",22,25900,1.0,2.1872311606330186e-07,0.0,5.592767238616943,26.65365731740127
"A(p=17,f=0.40,h=128,lr=0.01,wd=1.0,max=40000)",22,25920,1.0,2.1561331209341006e-07,0.0,5.5938520431518555,26.655601784116357
"A(p=17,f=0.40,h=128,lr=0.01,wd=1.0,max=40000)",22,25940,1.0,2.1043030073997215e-07,0.0,5.594611167907715,26.65660031629923
"A(p=17,f=0.40,h=128,lr=0.01,wd=1.0,max=40000)",22,25960,1.0,2.1146689732631785e-07,0.0,5.592684745788574,26.65454942399359
"A(p=17,f=0.40,h=128,lr=0.01,wd=1.0,max=40000)",22,25980,1.0,2.1561331209341006e-07,0.0,5.592610836029053,26.653888188276593
"A(p=17,f=0.40,h=128,lr=0.01,wd=1.0,max=40000)",22,26000,1.0,2.0835709335642605e-07,0.0,5.59433650970459,26.65642632683448
"A(p=17,f=0.40,h=128,lr=0.01,wd=1.0,max=40000)",22,26020,1.0,2.1768651947695616e-07,0.0,5.593818187713623,26.65559531173527
"A(p=17,f=0.40,h=128,lr=0.01,wd=1.0,max=40000)",22,26040,1.0,2.2494272400308546e-07,0.0,5.5915045738220215,26.65272986359183
"A(p=17,f=0.40,h=128,lr=0.01,wd=1.0,max=40000)",22,26060,1.0,2.1975971264964755e-07,0.0,5.5937676429748535,26.655469095450652
"A(p=17,f=0.40,h=128,lr=0.01,wd=1.0,max=40000)",22,26080,1.0,2.1872311606330186e-07,0.0,5.592861175537109,26.6550885955193
"A(p=17,f=0.40,h=128,lr=0.01,wd=1.0,max=40000)",22,26100,1.0,2.1561331209341006e-07,0.0,5.593734264373779,26.656218521116145
"A(p=17,f=0.40,h=128,lr=0.01,wd=1.0,max=40000)",22,26120,1.0,2.1975971264964755e-07,0.0,5.591709613800049,26.654006830232102
"A(p=17,f=0.40,h=128,lr=0.01,wd=1.0,max=40000)",22,26140,1.0,2.2390612741673976e-07,0.0,5.592740058898926,26.65457237707324
"A(p=17,f=0.40,h=128,lr=0.01,wd=1.0,max=40000)",22,26160,1.0,2.1872311606330186e-07,0.0,5.592471122741699,26.654820146313778
"A(p=17,f=0.40,h=128,lr=0.01,wd=1.0,max=40000)",22,26180,1.0,2.1146689732631785e-07,0.0,5.594645023345947,26.65658693929311
"A(p=17,f=0.40,h=128,lr=0.01,wd=1.0,max=40000)",22,26200,1.0,2.1457670129620965e-07,0.0,5.594460487365723,26.656389862704195
"A(p=17,f=0.40,h=128,lr=0.01,wd=1.0,max=40000)",22,26220,1.0,2.1872311606330186e-07,0.0,5.594427108764648,26.655045007799227
"A(p=17,f=0.40,h=128,lr=0.01,wd=1.0,max=40000)",22,26240,1.0,2.2390612741673976e-07,0.0,5.59256649017334,26.652854294772517
"A(p=17,f=0.40,h=128,lr=0.01,wd=1.0,max=40000)",22,26260,1.0,2.1043030073997215e-07,0.0,5.596887588500977,26.65874879000446
"A(p=17,f=0.40,h=128,lr=0.01,wd=1.0,max=40000)",22,26280,1.0,2.2286953083039407e-07,0.0,5.593195915222168,26.653997738920406
"A(p=17,f=0.40,h=128,lr=0.01,wd=1.0,max=40000)",22,26300,1.0,2.1043030073997215e-07,0.0,5.595774173736572,26.656355231552997
"A(p=17,f=0.40,h=128,lr=0.01,wd=1.0,max=40000)",22,26320,1.0,2.2183292003319366e-07,0.0,5.593257904052734,26.654515638438095
"A(p=17,f=0.40,h=128,lr=0.01,wd=1.0,max=40000)",22,26340,1.0,2.1975971264964755e-07,0.0,5.594614505767822,26.655688820905784
"A(p=17,f=0.40,h=128,lr=0.01,wd=1.0,max=40000)",22,26360,1.0,2.2079632344684796e-07,0.0,5.592803955078125,26.654204938301376
"A(p=17,f=0.40,h=128,lr=0.01,wd=1.0,max=40000)",22,26380,1.0,2.2286953083039407e-07,0.0,5.594275951385498,26.655225691410344
"A(p=17,f=0.40,h=128,lr=0.01,wd=1.0,max=40000)",22,26400,1.0,2.2494272400308546e-07,0.0,5.593086242675781,26.653833815607918
"A(p=17,f=0.40,h=128,lr=0.01,wd=1.0,max=40000)",22,26420,1.0,2.1250349391266354e-07,0.0,5.594846725463867,26.655709576723766
"A(p=17,f=0.40,h=128,lr=0.01,wd=1.0,max=40000)",22,26440,1.0,2.1561331209341006e-07,0.0,5.594632148742676,26.655253170946224
"A(p=17,f=0.40,h=128,lr=0.01,wd=1.0,max=40000)",22,26460,1.0,2.1354010470986395e-07,0.0,5.594978332519531,26.65579149694537
"A(p=17,f=0.40,h=128,lr=0.01,wd=1.0,max=40000)",22,26480,1.0,2.0939368994277174e-07,0.0,5.59483003616333,26.656593268065027
"A(p=17,f=0.40,h=128,lr=0.01,wd=1.0,max=40000)",22,26500,1.0,2.1250349391266354e-07,0.0,5.595107555389404,26.656299133800726
"A(p=17,f=0.40,h=128,lr=0.01,wd=1.0,max=40000)",22,26520,1.0,2.1768651947695616e-07,0.0,5.593626022338867,26.654339144475077
"A(p=17,f=0.40,h=128,lr=0.01,wd=1.0,max=40000)",22,26540,1.0,2.1561331209341006e-07,0.0,5.593647480010986,26.65540409818013
"A(p=17,f=0.40,h=128,lr=0.01,wd=1.0,max=40000)",22,26560,1.0,2.1975971264964755e-07,0.0,5.592916965484619,26.654187863339075
"A(p=17,f=0.40,h=128,lr=0.01,wd=1.0,max=40000)",22,26580,1.0,2.1872311606330186e-07,0.0,5.5924906730651855,26.65397576746524
"A(p=17,f=0.40,h=128,lr=0.01,wd=1.0,max=40000)",22,26600,1.0,2.1664990867975575e-07,0.0,5.594482898712158,26.65610841016435
"A(p=17,f=0.40,h=128,lr=0.01,wd=1.0,max=40000)",22,26620,1.0,2.1457670129620965e-07,0.0,5.593987464904785,26.655165064829436
"A(p=17,f=0.40,h=128,lr=0.01,wd=1.0,max=40000)",22,26640,1.0,2.2079632344684796e-07,0.0,5.5930585861206055,26.654506514951237
"A(p=17,f=0.40,h=128,lr=0.01,wd=1.0,max=40000)",22,26660,1.0,2.2390612741673976e-07,0.0,5.59157657623291,26.65294453193744
"A(p=17,f=0.40,h=128,lr=0.01,wd=1.0,max=40000)",22,26680,1.0,2.2908913877017767e-07,0.0,5.592241287231445,26.65286482850861
"A(p=17,f=0.40,h=128,lr=0.01,wd=1.0,max=40000)",22,26700,1.0,2.1561331209341006e-07,0.0,5.594780921936035,26.656233318681235
"A(p=17,f=0.40,h=128,lr=0.01,wd=1.0,max=40000)",22,26720,1.0,2.1872311606330186e-07,0.0,5.592179775238037,26.652806016455017
"A(p=17,f=0.40,h=128,lr=0.01,wd=1.0,max=40000)",22,26740,1.0,2.1664990867975575e-07,0.0,5.592116355895996,26.653401704795613
"A(p=17,f=0.40,h=128,lr=0.01,wd=1.0,max=40000)",22,26760,1.0,2.1043030073997215e-07,0.0,5.594222068786621,26.6559856853055
"A(p=17,f=0.40,h=128,lr=0.01,wd=1.0,max=40000)",22,26780,1.0,2.1457670129620965e-07,0.0,5.595037460327148,26.65656403982538
"A(p=17,f=0.40,h=128,lr=0.01,wd=1.0,max=40000)",22,26800,1.0,2.1146689732631785e-07,0.0,5.594160556793213,26.655967485730752
"A(p=17,f=0.40,h=128,lr=0.01,wd=1.0,max=40000)",22,26820,1.0,2.1768651947695616e-07,0.0,5.5944085121154785,26.655501261069936
"A(p=17,f=0.40,h=128,lr=0.01,wd=1.0,max=40000)",22,26840,1.0,2.1043030073997215e-07,0.0,5.597009181976318,26.6587028491393
"A(p=17,f=0.40,h=128,lr=0.01,wd=1.0,max=40000)",22,26860,1.0,2.0939368994277174e-07,0.0,5.594693183898926,26.655695823987788
"A(p=17,f=0.40,h=128,lr=0.01,wd=1.0,max=40000)",22,26880,1.0,2.2079632344684796e-07,0.0,5.593520164489746,26.65432850585837
"A(p=17,f=0.40,h=128,lr=0.01,wd=1.0,max=40000)",22,26900,1.0,2.1768651947695616e-07,0.0,5.592723846435547,26.653708343163725
"A(p=17,f=0.40,h=128,lr=0.01,wd=1.0,max=40000)",22,26920,1.0,2.2183292003319366e-07,0.0,5.5948662757873535,26.656254815112362
"A(p=17,f=0.40,h=128,lr=0.01,wd=1.0,max=40000)",22,26940,1.0,2.1457670129620965e-07,0.0,5.594482898712158,26.655529216378884
"A(p=17,f=0.40,h=128,lr=0.01,wd=1.0,max=40000)",22,26960,1.0,2.0421067858933384e-07,0.0,5.595907211303711,26.656969825924115
"A(p=17,f=0.40,h=128,lr=0.01,wd=1.0,max=40000)",22,26980,1.0,2.2390612741673976e-07,0.0,5.59406042098999,26.65451452895769
"A(p=17,f=0.40,h=128,lr=0.01,wd=1.0,max=40000)",22,27000,1.0,2.1561331209341006e-07,0.0,5.593225479125977,26.653629211028058
"A(p=17,f=0.40,h=128,lr=0.01,wd=1.0,max=40000)",22,27020,1.0,2.2079632344684796e-07,0.0,5.59494161605835,26.655693863828823
"A(p=17,f=0.40,h=128,lr=0.01,wd=1.0,max=40000)",22,27040,1.0,2.1975971264964755e-07,0.0,5.593310832977295,26.65331089239192
"A(p=17,f=0.40,h=128,lr=0.01,wd=1.0,max=40000)",22,27060,1.0,2.2183292003319366e-07,0.0,5.594606876373291,26.65485718190562
"A(p=17,f=0.40,h=128,lr=0.01,wd=1.0,max=40000)",22,27080,1.0,2.1250349391266354e-07,0.0,5.595990180969238,26.656327265006325
"A(p=17,f=0.40,h=128,lr=0.01,wd=1.0,max=40000)",22,27100,1.0,2.1146689732631785e-07,0.0,5.595047473907471,26.65576684883419
"A(p=17,f=0.40,h=128,lr=0.01,wd=1.0,max=40000)",22,27120,1.0,2.1975971264964755e-07,0.0,5.592257499694824,26.652413320905204
"A(p=17,f=0.40,h=128,lr=0.01,wd=1.0,max=40000)",22,27140,1.0,2.1250349391266354e-07,0.0,5.594420433044434,26.654970499760076
"A(p=17,f=0.40,h=128,lr=0.01,wd=1.0,max=40000)",22,27160,1.0,2.1561331209341006e-07,0.0,5.5942792892456055,26.654631546108924
"A(p=17,f=0.40,h=128,lr=0.01,wd=1.0,max=40000)",22,27180,1.0,2.2183292003319366e-07,0.0,5.592868328094482,26.65243619320885
"A(p=17,f=0.40,h=128,lr=0.01,wd=1.0,max=40000)",22,27200,1.0,2.1043030073997215e-07,0.0,5.594047546386719,26.65497213635918
"A(p=17,f=0.40,h=128,lr=0.01,wd=1.0,max=40000)",22,27220,1.0,2.2079632344684796e-07,0.0,5.5926079750061035,26.652717308570182
"A(p=17,f=0.40,h=128,lr=0.01,wd=1.0,max=40000)",22,27240,1.0,2.0939368994277174e-07,0.0,5.59578275680542,26.655715136510313
"A(p=17,f=0.40,h=128,lr=0.01,wd=1.0,max=40000)",22,27260,1.0,2.1354010470986395e-07,0.0,5.594995021820068,26.655645589753
"A(p=17,f=0.40,h=128,lr=0.01,wd=1.0,max=40000)",22,27280,1.0,2.2286953083039407e-07,0.0,5.5936689376831055,26.65420650740861
"A(p=17,f=0.40,h=128,lr=0.01,wd=1.0,max=40000)",22,27300,1.0,2.1146689732631785e-07,0.0,5.5947651863098145,26.655567072103043
"A(p=17,f=0.40,h=128,lr=0.01,wd=1.0,max=40000)",22,27320,1.0,2.2286953083039407e-07,0.0,5.594105243682861,26.65433039802414
"A(p=17,f=0.40,h=128,lr=0.01,wd=1.0,max=40000)",22,27340,1.0,2.1664990867975575e-07,0.0,5.594449520111084,26.654083293804746
"A(p=17,f=0.40,h=128,lr=0.01,wd=1.0,max=40000)",22,27360,1.0,2.2286953083039407e-07,0.0,5.593379497528076,26.654932251502554
"A(p=17,f=0.40,h=128,lr=0.01,wd=1.0,max=40000)",22,27380,1.0,2.2286953083039407e-07,0.0,5.59182071685791,26.652322809469545
"A(p=17,f=0.40,h=128,lr=0.01,wd=1.0,max=40000)",22,27400,1.0,2.1354010470986395e-07,0.0,5.59431791305542,26.655485460259182
"A(p=17,f=0.40,h=128,lr=0.01,wd=1.0,max=40000)",22,27420,1.0,2.1354010470986395e-07,0.0,5.595463275909424,26.656835273526095
"A(p=17,f=0.40,h=128,lr=0.01,wd=1.0,max=40000)",22,27440,1.0,2.0939368994277174e-07,0.0,5.594802379608154,26.65591643475922
"A(p=17,f=0.40,h=128,lr=0.01,wd=1.0,max=40000)",22,27460,1.0,2.1872311606330186e-07,0.0,5.593107223510742,26.65342042422336
"A(p=17,f=0.40,h=128,lr=0.01,wd=1.0,max=40000)",22,27480,1.0,2.2286953083039407e-07,0.0,5.5926995277404785,26.653511964476294
"A(p=17,f=0.40,h=128,lr=0.01,wd=1.0,max=40000)",22,27500,1.0,2.1664990867975575e-07,0.0,5.593935489654541,26.654442797340838
"A(p=17,f=0.40,h=128,lr=0.01,wd=1.0,max=40000)",22,27520,1.0,2.1561331209341006e-07,0.0,5.596677780151367,26.65615697990861
"A(p=17,f=0.40,h=128,lr=0.01,wd=1.0,max=40000)",22,27540,1.0,2.2701593138663156e-07,0.0,5.594141483306885,26.65507339737195
"A(p=17,f=0.40,h=128,lr=0.01,wd=1.0,max=40000)",22,27560,1.0,2.1354010470986395e-07,0.0,5.59425163269043,26.65445035572885
"A(p=17,f=0.40,h=128,lr=0.01,wd=1.0,max=40000)",22,27580,1.0,2.1561331209341006e-07,0.0,5.594398021697998,26.65482317609963
"A(p=17,f=0.40,h=128,lr=0.01,wd=1.0,max=40000)",22,27600,1.0,2.2183292003319366e-07,0.0,5.593544960021973,26.65422101717365
"A(p=17,f=0.40,h=128,lr=0.01,wd=1.0,max=40000)",22,27620,1.0,2.2079632344684796e-07,0.0,5.594977855682373,26.655658522057163
"A(p=17,f=0.40,h=128,lr=0.01,wd=1.0,max=40000)",22,27640,1.0,2.2494272400308546e-07,0.0,5.592128753662109,26.652096373861557
"A(p=17,f=0.40,h=128,lr=0.01,wd=1.0,max=40000)",22,27660,1.0,2.2079632344684796e-07,0.0,5.5929131507873535,26.654352807732266
"A(p=17,f=0.40,h=128,lr=0.01,wd=1.0,max=40000)",22,27680,1.0,2.1354010470986395e-07,0.0,5.595595359802246,26.656349392764085
"A(p=17,f=0.40,h=128,lr=0.01,wd=1.0,max=40000)",22,27700,1.0,2.1664990867975575e-07,0.0,5.594169616699219,26.654701329798993
"A(p=17,f=0.40,h=128,lr=0.01,wd=1.0,max=40000)",22,27720,1.0,2.1250349391266354e-07,0.0,5.5928120613098145,26.654251178286557
"A(p=17,f=0.40,h=128,lr=0.01,wd=1.0,max=40000)",22,27740,1.0,2.1354010470986395e-07,0.0,5.595494270324707,26.656427618953877
"A(p=17,f=0.40,h=128,lr=0.01,wd=1.0,max=40000)",22,27760,1.0,2.1872311606330186e-07,0.0,5.594670295715332,26.654523872998936
"A(p=17,f=0.40,h=128,lr=0.01,wd=1.0,max=40000)",22,27780,1.0,2.2286953083039407e-07,0.0,5.593125343322754,26.65314050842927
"A(p=17,f=0.40,h=128,lr=0.01,wd=1.0,max=40000)",22,27800,1.0,2.1872311606330186e-07,0.0,5.593383312225342,26.655247428655063
"A(p=17,f=0.40,h=128,lr=0.01,wd=1.0,max=40000)",22,27820,1.0,2.2079632344684796e-07,0.0,5.5912041664123535,26.651770792557013
"A(p=17,f=0.40,h=128,lr=0.01,wd=1.0,max=40000)",22,27840,1.0,2.1664990867975575e-07,0.0,5.593890190124512,26.655122661303075
"A(p=17,f=0.40,h=128,lr=0.01,wd=1.0,max=40000)",22,27860,1.0,2.3012574956737808e-07,0.0,5.593108654022217,26.65337738903621
"A(p=17,f=0.40,h=128,lr=0.01,wd=1.0,max=40000)",22,27880,1.0,2.1043030073997215e-07,0.0,5.59534215927124,26.6563550745183
"A(p=17,f=0.40,h=128,lr=0.01,wd=1.0,max=40000)",22,27900,1.0,2.1872311606330186e-07,0.0,5.592196941375732,26.653226266763888
"A(p=17,f=0.40,h=128,lr=0.01,wd=1.0,max=40000)",22,27920,1.0,2.1975971264964755e-07,0.0,5.59362268447876,26.655190863220824
"A(p=17,f=0.40,h=128,lr=0.01,wd=1.0,max=40000)",22,27940,1.0,2.1664990867975575e-07,0.0,5.593972682952881,26.65532687677136
"A(p=17,f=0.40,h=128,lr=0.01,wd=1.0,max=40000)",22,27960,1.0,2.2597933480028587e-07,0.0,5.593166351318359,26.65370183418077
"A(p=17,f=0.40,h=128,lr=0.01,wd=1.0,max=40000)",22,27980,1.0,2.1768651947695616e-07,0.0,5.592381000518799,26.65432284182715
"A(p=17,f=0.40,h=128,lr=0.01,wd=1.0,max=40000)",22,28000,1.0,2.2079632344684796e-07,0.0,5.592683792114258,26.65467911759147
"A(p=17,f=0.40,h=128,lr=0.01,wd=1.0,max=40000)",22,28020,1.0,2.1457670129620965e-07,0.0,5.593296527862549,26.65555708427877
"A(p=17,f=0.40,h=128,lr=0.01,wd=1.0,max=40000)",22,28040,1.0,2.1664990867975575e-07,0.0,5.593982696533203,26.656170740508937
"A(p=17,f=0.40,h=128,lr=0.01,wd=1.0,max=40000)",22,28060,1.0,2.1561331209341006e-07,0.0,5.592226028442383,26.65454927731523
"A(p=17,f=0.40,h=128,lr=0.01,wd=1.0,max=40000)",22,28080,1.0,2.2494272400308546e-07,0.0,5.592369556427002,26.65448468132595
"A(p=17,f=0.40,h=128,lr=0.01,wd=1.0,max=40000)",22,28100,1.0,2.1664990867975575e-07,0.0,5.5931620597839355,26.65509468365084
"A(p=17,f=0.40,h=128,lr=0.01,wd=1.0,max=40000)",22,28120,1.0,2.1561331209341006e-07,0.0,5.5957465171813965,26.657269342090178
"A(p=17,f=0.40,h=128,lr=0.01,wd=1.0,max=40000)",22,28140,1.0,2.1457670129620965e-07,0.0,5.595186710357666,26.65628405834116
"A(p=17,f=0.40,h=128,lr=0.01,wd=1.0,max=40000)",22,28160,1.0,2.1043030073997215e-07,0.0,5.595691204071045,26.65699624974516
"A(p=17,f=0.40,h=128,lr=0.01,wd=1.0,max=40000)",22,28180,1.0,2.1561331209341006e-07,0.0,5.595828056335449,26.656293552916186
"A(p=17,f=0.40,h=128,lr=0.01,wd=1.0,max=40000)",22,28200,1.0,2.2701593138663156e-07,0.0,5.592597961425781,26.653576065909558
"A(p=17,f=0.40,h=128,lr=0.01,wd=1.0,max=40000)",22,28220,1.0,2.1768651947695616e-07,0.0,5.593358993530273,26.654269769957104
"A(p=17,f=0.40,h=128,lr=0.01,wd=1.0,max=40000)",22,28240,1.0,2.1872311606330186e-07,0.0,5.594853401184082,26.655671532169993
"A(p=17,f=0.40,h=128,lr=0.01,wd=1.0,max=40000)",22,28260,1.0,2.1043030073997215e-07,0.0,5.595422744750977,26.65727300098785
"A(p=17,f=0.40,h=128,lr=0.01,wd=1.0,max=40000)",22,28280,1.0,2.3012574956737808e-07,0.0,5.5911126136779785,26.653770616390748
"A(p=17,f=0.40,h=128,lr=0.01,wd=1.0,max=40000)",22,28300,1.0,2.1664990867975575e-07,0.0,5.593310356140137,26.654736702332727
"A(p=17,f=0.40,h=128,lr=0.01,wd=1.0,max=40000)",22,28320,1.0,2.2390612741673976e-07,0.0,5.592256546020508,26.653567512145074
"A(p=17,f=0.40,h=128,lr=0.01,wd=1.0,max=40000)",22,28340,1.0,2.1664990867975575e-07,0.0,5.594491958618164,26.65631685816784
"A(p=17,f=0.40,h=128,lr=0.01,wd=1.0,max=40000)",22,28360,1.0,2.1664990867975575e-07,0.0,5.594091415405273,26.654793381688624
"A(p=17,f=0.40,h=128,lr=0.01,wd=1.0,max=40000)",22,28380,1.0,2.1561331209341006e-07,0.0,5.594374656677246,26.6550681434189
"A(p=17,f=0.40,h=128,lr=0.01,wd=1.0,max=40000)",22,28400,1.0,2.2286953083039407e-07,0.0,5.592405796051025,26.65335772276195
"A(p=17,f=0.40,h=128,lr=0.01,wd=1.0,max=40000)",22,28420,1.0,2.1768651947695616e-07,0.0,5.593262672424316,26.65484113475291
"A(p=17,f=0.40,h=128,lr=0.01,wd=1.0,max=40000)",22,28440,1.0,2.1457670129620965e-07,0.0,5.593860149383545,26.65497652107298
"A(p=17,f=0.40,h=128,lr=0.01,wd=1.0,max=40000)",22,28460,1.0,2.1768651947695616e-07,0.0,5.594067573547363,26.65569885764983
"A(p=17,f=0.40,h=128,lr=0.01,wd=1.0,max=40000)",22,28480,1.0,2.1250349391266354e-07,0.0,5.594240188598633,26.65535970654179
"A(p=17,f=0.40,h=128,lr=0.01,wd=1.0,max=40000)",22,28500,1.0,2.1354010470986395e-07,0.0,5.592106342315674,26.65369727635991
"A(p=17,f=0.40,h=128,lr=0.01,wd=1.0,max=40000)",22,28520,1.0,2.1664990867975575e-07,0.0,5.592994689941406,26.653798401119783
"A(p=17,f=0.40,h=128,lr=0.01,wd=1.0,max=40000)",22,28540,1.0,2.1561331209341006e-07,0.0,5.593801975250244,26.655248579275703
"A(p=17,f=0.40,h=128,lr=0.01,wd=1.0,max=40000)",22,28560,1.0,2.1457670129620965e-07,0.0,5.593935012817383,26.655833475493765
"A(p=17,f=0.40,h=128,lr=0.01,wd=1.0,max=40000)",22,28580,1.0,2.2597933480028587e-07,0.0,5.593418598175049,26.65469030204559
"A(p=17,f=0.40,h=128,lr=0.01,wd=1.0,max=40000)",22,28600,1.0,2.1561331209341006e-07,0.0,5.593684196472168,26.655394998406173
"A(p=17,f=0.40,h=128,lr=0.01,wd=1.0,max=40000)",22,28620,1.0,2.2079632344684796e-07,0.0,5.592388153076172,26.653806212844966
"A(p=17,f=0.40,h=128,lr=0.01,wd=1.0,max=40000)",22,28640,1.0,2.2079632344684796e-07,0.0,5.592306613922119,26.65370533678014
"A(p=17,f=0.40,h=128,lr=0.01,wd=1.0,max=40000)",22,28660,1.0,2.2183292003319366e-07,0.0,5.592831134796143,26.65395338895622
"A(p=17,f=0.40,h=128,lr=0.01,wd=1.0,max=40000)",22,28680,1.0,2.1561331209341006e-07,0.0,5.5939717292785645,26.655147114237977
"A(p=17,f=0.40,h=128,lr=0.01,wd=1.0,max=40000)",22,28700,1.0,2.1354010470986395e-07,0.0,5.593842029571533,26.65490317613457
"A(p=17,f=0.40,h=128,lr=0.01,wd=1.0,max=40000)",22,28720,1.0,2.1043030073997215e-07,0.0,5.595063209533691,26.657267040934588
"A(p=17,f=0.40,h=128,lr=0.01,wd=1.0,max=40000)",22,28740,1.0,2.1043030073997215e-07,0.0,5.593507766723633,26.655557960277797
"A(p=17,f=0.40,h=128,lr=0.01,wd=1.0,max=40000)",22,28760,1.0,2.2597933480028587e-07,0.0,5.591326713562012,26.65330736642612
"A(p=17,f=0.40,h=128,lr=0.01,wd=1.0,max=40000)",22,28780,1.0,2.1354010470986395e-07,0.0,5.592858791351318,26.654434851945236
"A(p=17,f=0.40,h=128,lr=0.01,wd=1.0,max=40000)",22,28800,1.0,2.2390612741673976e-07,0.0,5.592792987823486,26.655388160935914
"A(p=17,f=0.40,h=128,lr=0.01,wd=1.0,max=40000)",22,28820,1.0,2.1664990867975575e-07,0.0,5.593074321746826,26.65514002304306
"A(p=17,f=0.40,h=128,lr=0.01,wd=1.0,max=40000)",22,28840,1.0,2.1146689732631785e-07,0.0,5.594374179840088,26.656687629490897
"A(p=17,f=0.40,h=128,lr=0.01,wd=1.0,max=40000)",22,28860,1.0,2.1872311606330186e-07,0.0,5.592660427093506,26.654584500515924
"A(p=17,f=0.40,h=128,lr=0.01,wd=1.0,max=40000)",22,28880,1.0,2.1146689732631785e-07,0.0,5.594148635864258,26.656814860839006
"A(p=17,f=0.40,h=128,lr=0.01,wd=1.0,max=40000)",22,28900,1.0,2.1664990867975575e-07,0.0,5.593717098236084,26.656069980567505
"A(p=17,f=0.40,h=128,lr=0.01,wd=1.0,max=40000)",22,28920,1.0,2.2079632344684796e-07,0.0,5.592120170593262,26.653868134528338
"A(p=17,f=0.40,h=128,lr=0.01,wd=1.0,max=40000)",22,28940,1.0,2.1457670129620965e-07,0.0,5.594146728515625,26.655478201292176
"A(p=17,f=0.40,h=128,lr=0.01,wd=1.0,max=40000)",22,28960,1.0,2.1561331209341006e-07,0.0,5.592667579650879,26.65396662248794
"A(p=17,f=0.40,h=128,lr=0.01,wd=1.0,max=40000)",22,28980,1.0,2.1354010470986395e-07,0.0,5.594588279724121,26.657081957820115
"A(p=17,f=0.40,h=128,lr=0.01,wd=1.0,max=40000)",22,29000,1.0,2.2183292003319366e-07,0.0,5.593026638031006,26.654147532582684
"A(p=17,f=0.40,h=128,lr=0.01,wd=1.0,max=40000)",22,29020,1.0,2.0939368994277174e-07,0.0,5.594337463378906,26.65654241686737
"A(p=17,f=0.40,h=128,lr=0.01,wd=1.0,max=40000)",22,29040,1.0,2.1872311606330186e-07,0.0,5.593315601348877,26.65411933677211
"A(p=17,f=0.40,h=128,lr=0.01,wd=1.0,max=40000)",22,29060,1.0,2.1664990867975575e-07,0.0,5.5925374031066895,26.654818531544112
"A(p=17,f=0.40,h=128,lr=0.01,wd=1.0,max=40000)",22,29080,1.0,2.1561331209341006e-07,0.0,5.594207763671875,26.655739758580484
"A(p=17,f=0.40,h=128,lr=0.01,wd=1.0,max=40000)",22,29100,1.0,2.2286953083039407e-07,0.0,5.593056678771973,26.65461564270862
"A(p=17,f=0.40,h=128,lr=0.01,wd=1.0,max=40000)",22,29120,1.0,2.2597933480028587e-07,0.0,5.593822956085205,26.65629772244071
"A(p=17,f=0.40,h=128,lr=0.01,wd=1.0,max=40000)",22,29140,1.0,2.1768651947695616e-07,0.0,5.592879772186279,26.654048648942887
"A(p=17,f=0.40,h=128,lr=0.01,wd=1.0,max=40000)",22,29160,1.0,2.1146689732631785e-07,0.0,5.5946760177612305,26.656138885163266
"A(p=17,f=0.40,h=128,lr=0.01,wd=1.0,max=40000)",22,29180,1.0,2.1664990867975575e-07,0.0,5.593705654144287,26.655112868935866
"A(p=17,f=0.40,h=128,lr=0.01,wd=1.0,max=40000)",22,29200,1.0,2.2183292003319366e-07,0.0,5.592722415924072,26.654926992126263
"A(p=17,f=0.40,h=128,lr=0.01,wd=1.0,max=40000)",22,29220,1.0,2.1768651947695616e-07,0.0,5.593385696411133,26.655047905647184
"A(p=17,f=0.40,h=128,lr=0.01,wd=1.0,max=40000)",22,29240,1.0,2.1354010470986395e-07,0.0,5.593986988067627,26.656506118342726
"A(p=17,f=0.40,h=128,lr=0.01,wd=1.0,max=40000)",22,29260,1.0,2.1664990867975575e-07,0.0,5.592573642730713,26.654479339856625
"A(p=17,f=0.40,h=128,lr=0.01,wd=1.0,max=40000)",22,29280,1.0,2.2701593138663156e-07,0.0,5.592633247375488,26.65418682229115
"A(p=17,f=0.40,h=128,lr=0.01,wd=1.0,max=40000)",22,29300,1.0,2.1768651947695616e-07,0.0,5.592435836791992,26.65470090043154
"A(p=17,f=0.40,h=128,lr=0.01,wd=1.0,max=40000)",22,29320,1.0,2.1250349391266354e-07,0.0,5.592379570007324,26.654885219143296
"A(p=17,f=0.40,h=128,lr=0.01,wd=1.0,max=40000)",22,29340,1.0,2.0939368994277174e-07,0.0,5.593000411987305,26.655739846408405
"A(p=17,f=0.40,h=128,lr=0.01,wd=1.0,max=40000)",22,29360,1.0,2.1768651947695616e-07,0.0,5.593897342681885,26.656724615413307
"A(p=17,f=0.40,h=128,lr=0.01,wd=1.0,max=40000)",22,29380,1.0,2.1664990867975575e-07,0.0,5.594478607177734,26.656538521559177
"A(p=17,f=0.40,h=128,lr=0.01,wd=1.0,max=40000)",22,29400,1.0,2.1768651947695616e-07,0.0,5.593067169189453,26.655509050040447
"A(p=17,f=0.40,h=128,lr=0.01,wd=1.0,max=40000)",22,29420,1.0,2.1457670129620965e-07,0.0,5.5930256843566895,26.654310451684285
"A(p=17,f=0.40,h=128,lr=0.01,wd=1.0,max=40000)",22,29440,1.0,2.2183292003319366e-07,0.0,5.591513156890869,26.653460048994866
"A(p=17,f=0.40,h=128,lr=0.01,wd=1.0,max=40000)",22,29460,1.0,2.2390612741673976e-07,0.0,5.59160852432251,26.653742115025505
"A(p=17,f=0.40,h=128,lr=0.01,wd=1.0,max=40000)",22,29480,1.0,2.2494272400308546e-07,0.0,5.591122150421143,26.653402357470714
"A(p=17,f=0.40,h=128,lr=0.01,wd=1.0,max=40000)",22,29500,1.0,2.1768651947695616e-07,0.0,5.592845916748047,26.65664015280784
"A(p=17,f=0.40,h=128,lr=0.01,wd=1.0,max=40000)",22,29520,1.0,2.1872311606330186e-07,0.0,5.592292785644531,26.654756686749348
"A(p=17,f=0.40,h=128,lr=0.01,wd=1.0,max=40000)",22,29540,1.0,2.1768651947695616e-07,0.0,5.593592166900635,26.656357716433796
"A(p=17,f=0.40,h=128,lr=0.01,wd=1.0,max=40000)",22,29560,1.0,2.1250349391266354e-07,0.0,5.593620300292969,26.65582317053165
"A(p=17,f=0.40,h=128,lr=0.01,wd=1.0,max=40000)",22,29580,1.0,2.1457670129620965e-07,0.0,5.592496871948242,26.65403981460839
"A(p=17,f=0.40,h=128,lr=0.01,wd=1.0,max=40000)",22,29600,1.0,2.1664990867975575e-07,0.0,5.592249393463135,26.65421560795131
"A(p=17,f=0.40,h=128,lr=0.01,wd=1.0,max=40000)",22,29620,1.0,2.1146689732631785e-07,0.0,5.593906402587891,26.655160052370135
"A(p=17,f=0.40,h=128,lr=0.01,wd=1.0,max=40000)",22,29640,1.0,2.1872311606330186e-07,0.0,5.593588829040527,26.65604100034612
"A(p=17,f=0.40,h=128,lr=0.01,wd=1.0,max=40000)",22,29660,1.0,2.1354010470986395e-07,0.0,5.5926313400268555,26.654603809152018
"A(p=17,f=0.40,h=128,lr=0.01,wd=1.0,max=40000)",22,29680,1.0,2.2079632344684796e-07,0.0,5.591716766357422,26.65345673107478
"A(p=17,f=0.40,h=128,lr=0.01,wd=1.0,max=40000)",22,29700,1.0,2.2183292003319366e-07,0.0,5.591854095458984,26.653189752968164
"A(p=17,f=0.40,h=128,lr=0.01,wd=1.0,max=40000)",22,29720,1.0,2.2183292003319366e-07,0.0,5.592260837554932,26.653877443913384
"A(p=17,f=0.40,h=128,lr=0.01,wd=1.0,max=40000)",22,29740,1.0,2.0110087461944204e-07,0.0,5.594700336456299,26.65734268541742
"A(p=17,f=0.40,h=128,lr=0.01,wd=1.0,max=40000)",22,29760,1.0,2.1250349391266354e-07,0.0,5.593006134033203,26.654101127323628
"A(p=17,f=0.40,h=128,lr=0.01,wd=1.0,max=40000)",22,29780,1.0,2.2286953083039407e-07,0.0,5.592781066894531,26.653755591980783
"A(p=17,f=0.40,h=128,lr=0.01,wd=1.0,max=40000)",22,29800,1.0,2.1561331209341006e-07,0.0,5.592145919799805,26.653266836336776
"A(p=17,f=0.40,h=128,lr=0.01,wd=1.0,max=40000)",22,29820,1.0,2.1561331209341006e-07,0.0,5.591980934143066,26.65410804502199
"A(p=17,f=0.40,h=128,lr=0.01,wd=1.0,max=40000)",22,29840,1.0,2.2494272400308546e-07,0.0,5.591655731201172,26.65425516245391
"A(p=17,f=0.40,h=128,lr=0.01,wd=1.0,max=40000)",22,29860,1.0,2.1146689732631785e-07,0.0,5.596039772033691,26.657021304009373
"A(p=17,f=0.40,h=128,lr=0.01,wd=1.0,max=40000)",22,29880,1.0,2.1975971264964755e-07,0.0,5.592906475067139,26.654102556293424
"A(p=17,f=0.40,h=128,lr=0.01,wd=1.0,max=40000)",22,29900,1.0,2.2183292003319366e-07,0.0,5.593742847442627,26.65615662938578
"A(p=17,f=0.40,h=128,lr=0.01,wd=1.0,max=40000)",22,29920,1.0,2.1872311606330186e-07,0.0,5.596105098724365,26.657156433193958
"A(p=17,f=0.40,h=128,lr=0.01,wd=1.0,max=40000)",22,29940,1.0,2.1457670129620965e-07,0.0,5.594301700592041,26.655733857562815
"A(p=17,f=0.40,h=128,lr=0.01,wd=1.0,max=40000)",22,29960,1.0,2.2079632344684796e-07,0.0,5.593739032745361,26.655384295765906
"A(p=17,f=0.40,h=128,lr=0.01,wd=1.0,max=40000)",22,29980,1.0,2.1561331209341006e-07,0.0,5.593440532684326,26.654404139542365
"A(p=17,f=0.40,h=128,lr=0.01,wd=1.0,max=40000)",22,30000,1.0,2.2390612741673976e-07,0.0,5.593360424041748,26.654631754724257
"A(p=17,f=0.40,h=128,lr=0.01,wd=1.0,max=40000)",22,30020,1.0,2.1561331209341006e-07,0.0,5.592700481414795,26.654279730952688
"A(p=17,f=0.40,h=128,lr=0.01,wd=1.0,max=40000)",22,30040,1.0,2.1872311606330186e-07,0.0,5.591792106628418,26.653046833781833
"A(p=17,f=0.40,h=128,lr=0.01,wd=1.0,max=40000)",22,30060,1.0,2.1561331209341006e-07,0.0,5.593196868896484,26.655854720819708
"A(p=17,f=0.40,h=128,lr=0.01,wd=1.0,max=40000)",22,30080,1.0,2.1768651947695616e-07,0.0,5.592626094818115,26.65374215507196
"A(p=17,f=0.40,h=128,lr=0.01,wd=1.0,max=40000)",22,30100,1.0,2.1872311606330186e-07,0.0,5.591269493103027,26.653594740709536
"A(p=17,f=0.40,h=128,lr=0.01,wd=1.0,max=40000)",22,30120,1.0,2.1146689732631785e-07,0.0,5.594656944274902,26.656746879733507
"A(p=17,f=0.40,h=128,lr=0.01,wd=1.0,max=40000)",22,30140,1.0,2.1872311606330186e-07,0.0,5.592628002166748,26.654298626830172
"A(p=17,f=0.40,h=128,lr=0.01,wd=1.0,max=40000)",22,30160,1.0,2.2183292003319366e-07,0.0,5.591619491577148,26.653950900153283
"A(p=17,f=0.40,h=128,lr=0.01,wd=1.0,max=40000)",22,30180,1.0,2.1664990867975575e-07,0.0,5.59273099899292,26.655088915436977
"A(p=17,f=0.40,h=128,lr=0.01,wd=1.0,max=40000)",22,30200,1.0,2.1354010470986395e-07,0.0,5.5933027267456055,26.655842017194928
"A(p=17,f=0.40,h=128,lr=0.01,wd=1.0,max=40000)",22,30220,1.0,2.2183292003319366e-07,0.0,5.593858242034912,26.65606523319383
"A(p=17,f=0.40,h=128,lr=0.01,wd=1.0,max=40000)",22,30240,1.0,2.1354010470986395e-07,0.0,5.59282112121582,26.654576887613363
"A(p=17,f=0.40,h=128,lr=0.01,wd=1.0,max=40000)",22,30260,1.0,2.1250349391266354e-07,0.0,5.59416389465332,26.655792693704313
"A(p=17,f=0.40,h=128,lr=0.01,wd=1.0,max=40000)",22,30280,1.0,2.1561331209341006e-07,0.0,5.592810153961182,26.655612858610652
"A(p=17,f=0.40,h=128,lr=0.01,wd=1.0,max=40000)",22,30300,1.0,2.1664990867975575e-07,0.0,5.594109535217285,26.65607507059628
"A(p=17,f=0.40,h=128,lr=0.01,wd=1.0,max=40000)",22,30320,1.0,2.1872311606330186e-07,0.0,5.592956066131592,26.655455770003215
"A(p=17,f=0.40,h=128,lr=0.01,wd=1.0,max=40000)",22,30340,1.0,2.1872311606330186e-07,0.0,5.591190814971924,26.652929153895407
"A(p=17,f=0.40,h=128,lr=0.01,wd=1.0,max=40000)",22,30360,1.0,2.1457670129620965e-07,0.0,5.5911078453063965,26.653876067107106
"A(p=17,f=0.40,h=128,lr=0.01,wd=1.0,max=40000)",22,30380,1.0,2.1146689732631785e-07,0.0,5.594369411468506,26.65671797624434
"A(p=17,f=0.40,h=128,lr=0.01,wd=1.0,max=40000)",22,30400,1.0,2.1146689732631785e-07,0.0,5.591647148132324,26.65421263521011
"A(p=17,f=0.40,h=128,lr=0.01,wd=1.0,max=40000)",22,30420,1.0,2.0835709335642605e-07,0.0,5.593477725982666,26.656345919304048
"A(p=17,f=0.40,h=128,lr=0.01,wd=1.0,max=40000)",22,30440,1.0,2.1975971264964755e-07,0.0,5.5927414894104,26.655173694225805
"A(p=17,f=0.40,h=128,lr=0.01,wd=1.0,max=40000)",22,30460,1.0,2.1975971264964755e-07,0.0,5.590832710266113,26.652896446206874
"A(p=17,f=0.40,h=128,lr=0.01,wd=1.0,max=40000)",22,30480,1.0,2.3116234615372377e-07,0.0,5.589474201202393,26.651539302399375
"A(p=17,f=0.40,h=128,lr=0.01,wd=1.0,max=40000)",22,30500,1.0,2.1561331209341006e-07,0.0,5.592601299285889,26.655257023544674
"A(p=17,f=0.40,h=128,lr=0.01,wd=1.0,max=40000)",22,30520,1.0,2.1872311606330186e-07,0.0,5.591717720031738,26.654383310115325
"A(p=17,f=0.40,h=128,lr=0.01,wd=1.0,max=40000)",22,30540,1.0,2.1768651947695616e-07,0.0,5.591823577880859,26.653854430410487
"A(p=17,f=0.40,h=128,lr=0.01,wd=1.0,max=40000)",22,30560,1.0,2.1872311606330186e-07,0.0,5.593357086181641,26.65570122583412
"A(p=17,f=0.40,h=128,lr=0.01,wd=1.0,max=40000)",22,30580,1.0,2.2597933480028587e-07,0.0,5.590531349182129,26.653407355613606
"A(p=17,f=0.40,h=128,lr=0.01,wd=1.0,max=40000)",22,30600,1.0,2.1768651947695616e-07,0.0,5.5911784172058105,26.653018832978127
"A(p=17,f=0.40,h=128,lr=0.01,wd=1.0,max=40000)",22,30620,1.0,2.1664990867975575e-07,0.0,5.593538761138916,26.655699896980103
"A(p=17,f=0.40,h=128,lr=0.01,wd=1.0,max=40000)",22,30640,1.0,2.2079632344684796e-07,0.0,5.592328071594238,26.654020597834823
"A(p=17,f=0.40,h=128,lr=0.01,wd=1.0,max=40000)",22,30660,1.0,2.2079632344684796e-07,0.0,5.591954231262207,26.65445556819793
"A(p=17,f=0.40,h=128,lr=0.01,wd=1.0,max=40000)",22,30680,1.0,2.2079632344684796e-07,0.0,5.592271327972412,26.655062267215655
"A(p=17,f=0.40,h=128,lr=0.01,wd=1.0,max=40000)",22,30700,1.0,2.1975971264964755e-07,0.0,5.591250419616699,26.65234799974925
"A(p=17,f=0.40,h=128,lr=0.01,wd=1.0,max=40000)",22,30720,1.0,2.2286953083039407e-07,0.0,5.592612266540527,26.654706093882904
"A(p=17,f=0.40,h=128,lr=0.01,wd=1.0,max=40000)",22,30740,1.0,2.1975971264964755e-07,0.0,5.593114376068115,26.654559337752488
"A(p=17,f=0.40,h=128,lr=0.01,wd=1.0,max=40000)",22,30760,1.0,2.2908913877017767e-07,0.0,5.591548442840576,26.652732580590495
"A(p=17,f=0.40,h=128,lr=0.01,wd=1.0,max=40000)",22,30780,1.0,2.1664990867975575e-07,0.0,5.59222936630249,26.652836577731026
"A(p=17,f=0.40,h=128,lr=0.01,wd=1.0,max=40000)",22,30800,1.0,2.0939368994277174e-07,0.0,5.594644546508789,26.656672810970168
"A(p=17,f=0.40,h=128,lr=0.01,wd=1.0,max=40000)",22,30820,1.0,2.1664990867975575e-07,0.0,5.593402862548828,26.65533558128925
"A(p=17,f=0.40,h=128,lr=0.01,wd=1.0,max=40000)",22,30840,1.0,2.1250349391266354e-07,0.0,5.594639301300049,26.656466605790765
"A(p=17,f=0.40,h=128,lr=0.01,wd=1.0,max=40000)",22,30860,1.0,2.1561331209341006e-07,0.0,5.593988418579102,26.654776453858503
"A(p=17,f=0.40,h=128,lr=0.01,wd=1.0,max=40000)",22,30880,1.0,2.0939368994277174e-07,0.0,5.595212936401367,26.656874656893653
"A(p=17,f=0.40,h=128,lr=0.01,wd=1.0,max=40000)",22,30900,1.0,2.1768651947695616e-07,0.0,5.593647480010986,26.65466230300666
"A(p=17,f=0.40,h=128,lr=0.01,wd=1.0,max=40000)",22,30920,1.0,2.1975971264964755e-07,0.0,5.592187404632568,26.651882495465216
"A(p=17,f=0.40,h=128,lr=0.01,wd=1.0,max=40000)",22,30940,1.0,2.2390612741673976e-07,0.0,5.59227180480957,26.65306100233003
"A(p=17,f=0.40,h=128,lr=0.01,wd=1.0,max=40000)",22,30960,1.0,2.1457670129620965e-07,0.0,5.593780994415283,26.654125623969257
"A(p=17,f=0.40,h=128,lr=0.01,wd=1.0,max=40000)",22,30980,1.0,2.1457670129620965e-07,0.0,5.593974590301514,26.654216271268666
"A(p=17,f=0.40,h=128,lr=0.01,wd=1.0,max=40000)",22,31000,1.0,2.1250349391266354e-07,0.0,5.5943708419799805,26.655488463930098
"A(p=17,f=0.40,h=128,lr=0.01,wd=1.0,max=40000)",22,31020,1.0,2.1146689732631785e-07,0.0,5.594115257263184,26.656155462467744
"A(p=17,f=0.40,h=128,lr=0.01,wd=1.0,max=40000)",22,31040,1.0,2.1250349391266354e-07,0.0,5.593886852264404,26.655825007225058
"A(p=17,f=0.40,h=128,lr=0.01,wd=1.0,max=40000)",22,31060,1.0,2.1664990867975575e-07,0.0,5.592245101928711,26.655246140004806
"A(p=17,f=0.40,h=128,lr=0.01,wd=1.0,max=40000)",22,31080,1.0,2.1975971264964755e-07,0.0,5.592080116271973,26.654147669657803
"A(p=17,f=0.40,h=128,lr=0.01,wd=1.0,max=40000)",22,31100,1.0,2.2079632344684796e-07,0.0,5.592103481292725,26.65296008534787
"A(p=17,f=0.40,h=128,lr=0.01,wd=1.0,max=40000)",22,31120,1.0,2.1872311606330186e-07,0.0,5.594289779663086,26.656008978402344
"A(p=17,f=0.40,h=128,lr=0.01,wd=1.0,max=40000)",22,31140,1.0,2.2286953083039407e-07,0.0,5.59178352355957,26.65343269444228
"A(p=17,f=0.40,h=128,lr=0.01,wd=1.0,max=40000)",22,31160,1.0,2.1250349391266354e-07,0.0,5.59378719329834,26.655224745173722
"A(p=17,f=0.40,h=128,lr=0.01,wd=1.0,max=40000)",22,31180,1.0,2.2079632344684796e-07,0.0,5.592121124267578,26.653928794430403
"A(p=17,f=0.40,h=128,lr=0.01,wd=1.0,max=40000)",22,31200,1.0,2.1768651947695616e-07,0.0,5.593474388122559,26.65540224823797
"A(p=17,f=0.40,h=128,lr=0.01,wd=1.0,max=40000)",22,31220,1.0,2.0732048255922564e-07,0.0,5.592720985412598,26.654791001483535
"A(p=17,f=0.40,h=128,lr=0.01,wd=1.0,max=40000)",22,31240,1.0,2.0732048255922564e-07,0.0,5.595175266265869,26.656564767917825
"A(p=17,f=0.40,h=128,lr=0.01,wd=1.0,max=40000)",22,31260,1.0,2.2390612741673976e-07,0.0,5.591800689697266,26.65257799104026
"A(p=17,f=0.40,h=128,lr=0.01,wd=1.0,max=40000)",22,31280,1.0,2.2908913877017767e-07,0.0,5.59214448928833,26.65309642766526
"A(p=17,f=0.40,h=128,lr=0.01,wd=1.0,max=40000)",22,31300,1.0,2.1768651947695616e-07,0.0,5.592430591583252,26.653824952425296
"A(p=17,f=0.40,h=128,lr=0.01,wd=1.0,max=40000)",22,31320,1.0,2.1768651947695616e-07,0.0,5.594512939453125,26.655865947609254
"A(p=17,f=0.40,h=128,lr=0.01,wd=1.0,max=40000)",22,31340,1.0,2.1872311606330186e-07,0.0,5.591958522796631,26.65294021588758
"A(p=17,f=0.40,h=128,lr=0.01,wd=1.0,max=40000)",22,31360,1.0,2.0628388597287994e-07,0.0,5.593641757965088,26.655786570533166
"A(p=17,f=0.40,h=128,lr=0.01,wd=1.0,max=40000)",22,31380,1.0,2.1664990867975575e-07,0.0,5.591213226318359,26.653574113486727
"A(p=17,f=0.40,h=128,lr=0.01,wd=1.0,max=40000)",22,31400,1.0,2.2286953083039407e-07,0.0,5.591463565826416,26.654561571244052
"A(p=17,f=0.40,h=128,lr=0.01,wd=1.0,max=40000)",22,31420,1.0,2.1872311606330186e-07,0.0,5.5909905433654785,26.65439091617321
"A(p=17,f=0.40,h=128,lr=0.01,wd=1.0,max=40000)",22,31440,1.0,2.1457670129620965e-07,0.0,5.592635631561279,26.65483343269101
"A(p=17,f=0.40,h=128,lr=0.01,wd=1.0,max=40000)",22,31460,1.0,2.1872311606330186e-07,0.0,5.592692852020264,26.654975537441757
"A(p=17,f=0.40,h=128,lr=0.01,wd=1.0,max=40000)",22,31480,1.0,2.0835709335642605e-07,0.0,5.5928955078125,26.655511469656815
"A(p=17,f=0.40,h=128,lr=0.01,wd=1.0,max=40000)",22,31500,1.0,2.1872311606330186e-07,0.0,5.594069480895996,26.654963301964283
"A(p=17,f=0.40,h=128,lr=0.01,wd=1.0,max=40000)",22,31520,1.0,2.1664990867975575e-07,0.0,5.591491222381592,26.653971650682447
"A(p=17,f=0.40,h=128,lr=0.01,wd=1.0,max=40000)",22,31540,1.0,2.2701593138663156e-07,0.0,5.591968536376953,26.654403761993308
"A(p=17,f=0.40,h=128,lr=0.01,wd=1.0,max=40000)",22,31560,1.0,2.1872311606330186e-07,0.0,5.591367721557617,26.653394263805545
"A(p=17,f=0.40,h=128,lr=0.01,wd=1.0,max=40000)",22,31580,1.0,2.1354010470986395e-07,0.0,5.593082427978516,26.655508175351017
"A(p=17,f=0.40,h=128,lr=0.01,wd=1.0,max=40000)",22,31600,1.0,2.1561331209341006e-07,0.0,5.592742443084717,26.655015421777122
"A(p=17,f=0.40,h=128,lr=0.01,wd=1.0,max=40000)",22,31620,1.0,2.1768651947695616e-07,0.0,5.593064308166504,26.655028141464292
"A(p=17,f=0.40,h=128,lr=0.01,wd=1.0,max=40000)",22,31640,1.0,2.2079632344684796e-07,0.0,5.5908355712890625,26.65328553467664
"A(p=17,f=0.40,h=128,lr=0.01,wd=1.0,max=40000)",22,31660,1.0,2.1354010470986395e-07,0.0,5.593208312988281,26.654676073335054
"A(p=17,f=0.40,h=128,lr=0.01,wd=1.0,max=40000)",22,31680,1.0,2.1561331209341006e-07,0.0,5.594590187072754,26.656668442742617
"A(p=17,f=0.40,h=128,lr=0.01,wd=1.0,max=40000)",22,31700,1.0,2.1768651947695616e-07,0.0,5.592805862426758,26.654217190137828
"A(p=17,f=0.40,h=128,lr=0.01,wd=1.0,max=40000)",22,31720,1.0,2.1146689732631785e-07,0.0,5.594147205352783,26.656564924459808
"A(p=17,f=0.40,h=128,lr=0.01,wd=1.0,max=40000)",22,31740,1.0,2.2494272400308546e-07,0.0,5.59100341796875,26.6528520570882
"A(p=17,f=0.40,h=128,lr=0.01,wd=1.0,max=40000)",22,31760,1.0,2.1354010470986395e-07,0.0,5.594197750091553,26.656284821304578
"A(p=17,f=0.40,h=128,lr=0.01,wd=1.0,max=40000)",22,31780,1.0,2.2286953083039407e-07,0.0,5.592738151550293,26.653788639088532
"A(p=17,f=0.40,h=128,lr=0.01,wd=1.0,max=40000)",22,31800,1.0,2.1664990867975575e-07,0.0,5.593006610870361,26.654748894680093
"A(p=17,f=0.40,h=128,lr=0.01,wd=1.0,max=40000)",22,31820,1.0,2.2390612741673976e-07,0.0,5.592358112335205,26.65408361307471
"A(p=17,f=0.40,h=128,lr=0.01,wd=1.0,max=40000)",22,31840,1.0,2.1457670129620965e-07,0.0,5.592016220092773,26.6531454762324
"A(p=17,f=0.40,h=128,lr=0.01,wd=1.0,max=40000)",22,31860,1.0,2.1354010470986395e-07,0.0,5.594082832336426,26.656904821127057
"A(p=17,f=0.40,h=128,lr=0.01,wd=1.0,max=40000)",22,31880,1.0,2.2390612741673976e-07,0.0,5.590915679931641,26.65210308241347
"A(p=17,f=0.40,h=128,lr=0.01,wd=1.0,max=40000)",22,31900,1.0,2.1664990867975575e-07,0.0,5.591601371765137,26.65365385266627
"A(p=17,f=0.40,h=128,lr=0.01,wd=1.0,max=40000)",22,31920,1.0,2.0421067858933384e-07,0.0,5.5945048332214355,26.655870424540513
"A(p=17,f=0.40,h=128,lr=0.01,wd=1.0,max=40000)",22,31940,1.0,2.1872311606330186e-07,0.0,5.593334674835205,26.65572194659307
"A(p=17,f=0.40,h=128,lr=0.01,wd=1.0,max=40000)",22,31960,1.0,2.1768651947695616e-07,0.0,5.592551231384277,26.653431265439245
"A(p=17,f=0.40,h=128,lr=0.01,wd=1.0,max=40000)",22,31980,1.0,2.2079632344684796e-07,0.0,5.594137668609619,26.65510354142663
"A(p=17,f=0.40,h=128,lr=0.01,wd=1.0,max=40000)",22,32000,1.0,2.1664990867975575e-07,0.0,5.592454433441162,26.65350663493404
"A(p=17,f=0.40,h=128,lr=0.01,wd=1.0,max=40000)",22,32020,1.0,2.1457670129620965e-07,0.0,5.593779563903809,26.655785624795904
"A(p=17,f=0.40,h=128,lr=0.01,wd=1.0,max=40000)",22,32040,1.0,2.1354010470986395e-07,0.0,5.5943145751953125,26.655911963186647
"A(p=17,f=0.40,h=128,lr=0.01,wd=1.0,max=40000)",22,32060,1.0,2.1664990867975575e-07,0.0,5.593534469604492,26.654262026346956
"A(p=17,f=0.40,h=128,lr=0.01,wd=1.0,max=40000)",22,32080,1.0,2.1250349391266354e-07,0.0,5.594455718994141,26.6552740816666
"A(p=17,f=0.40,h=128,lr=0.01,wd=1.0,max=40000)",22,32100,1.0,2.2286953083039407e-07,0.0,5.593588829040527,26.654646011425694
"A(p=17,f=0.40,h=128,lr=0.01,wd=1.0,max=40000)",22,32120,1.0,2.2079632344684796e-07,0.0,5.592466831207275,26.654713840531397
"A(p=17,f=0.40,h=128,lr=0.01,wd=1.0,max=40000)",22,32140,1.0,2.1561331209341006e-07,0.0,5.593767166137695,26.655790491967206
"A(p=17,f=0.40,h=128,lr=0.01,wd=1.0,max=40000)",22,32160,1.0,2.1664990867975575e-07,0.0,5.593247890472412,26.655370366947693
"A(p=17,f=0.40,h=128,lr=0.01,wd=1.0,max=40000)",22,32180,1.0,2.2183292003319366e-07,0.0,5.59236478805542,26.653176911328526
"A(p=17,f=0.40,h=128,lr=0.01,wd=1.0,max=40000)",22,32200,1.0,2.1146689732631785e-07,0.0,5.5926690101623535,26.654581486376802
"A(p=17,f=0.40,h=128,lr=0.01,wd=1.0,max=40000)",22,32220,1.0,2.1250349391266354e-07,0.0,5.595890998840332,26.656660192099988
"A(p=17,f=0.40,h=128,lr=0.01,wd=1.0,max=40000)",22,32240,1.0,2.1872311606330186e-07,0.0,5.592779159545898,26.654155279118328
"A(p=17,f=0.40,h=128,lr=0.01,wd=1.0,max=40000)",22,32260,1.0,2.2286953083039407e-07,0.0,5.592336654663086,26.65515826588647
"A(p=17,f=0.40,h=128,lr=0.01,wd=1.0,max=40000)",22,32280,1.0,2.1354010470986395e-07,0.0,5.592816352844238,26.65338884041787
"A(p=17,f=0.40,h=128,lr=0.01,wd=1.0,max=40000)",22,32300,1.0,2.1975971264964755e-07,0.0,5.592833518981934,26.65430417229841
"A(p=17,f=0.40,h=128,lr=0.01,wd=1.0,max=40000)",22,32320,1.0,2.2183292003319366e-07,0.0,5.592377662658691,26.653857672695107
"A(p=17,f=0.40,h=128,lr=0.01,wd=1.0,max=40000)",22,32340,1.0,2.2183292003319366e-07,0.0,5.59151029586792,26.65233181267737
"A(p=17,f=0.40,h=128,lr=0.01,wd=1.0,max=40000)",22,32360,1.0,2.1768651947695616e-07,0.0,5.594513416290283,26.656259194588927
"A(p=17,f=0.40,h=128,lr=0.01,wd=1.0,max=40000)",22,32380,1.0,2.1664990867975575e-07,0.0,5.59425163269043,26.656756668463288
"A(p=17,f=0.40,h=128,lr=0.01,wd=1.0,max=40000)",22,32400,1.0,2.0939368994277174e-07,0.0,5.594990253448486,26.656463055378353
"A(p=17,f=0.40,h=128,lr=0.01,wd=1.0,max=40000)",22,32420,1.0,2.2183292003319366e-07,0.0,5.594433307647705,26.655698704316475
"A(p=17,f=0.40,h=128,lr=0.01,wd=1.0,max=40000)",22,32440,1.0,2.2079632344684796e-07,0.0,5.593676567077637,26.654697451376627
"A(p=17,f=0.40,h=128,lr=0.01,wd=1.0,max=40000)",22,32460,1.0,2.1561331209341006e-07,0.0,5.594001770019531,26.655462865917904
"A(p=17,f=0.40,h=128,lr=0.01,wd=1.0,max=40000)",22,32480,1.0,2.1975971264964755e-07,0.0,5.5932722091674805,26.655617646293997
"A(p=17,f=0.40,h=128,lr=0.01,wd=1.0,max=40000)",22,32500,1.0,2.1975971264964755e-07,0.0,5.59203577041626,26.653972169847997
"A(p=17,f=0.40,h=128,lr=0.01,wd=1.0,max=40000)",22,32520,1.0,2.1043030073997215e-07,0.0,5.593494415283203,26.655043119263865
"A(p=17,f=0.40,h=128,lr=0.01,wd=1.0,max=40000)",22,32540,1.0,2.1872311606330186e-07,0.0,5.592243671417236,26.653289141924297
"A(p=17,f=0.40,h=128,lr=0.01,wd=1.0,max=40000)",22,32560,1.0,2.1561331209341006e-07,0.0,5.591209888458252,26.65430288305914
"A(p=17,f=0.40,h=128,lr=0.01,wd=1.0,max=40000)",22,32580,1.0,2.2494272400308546e-07,0.0,5.591557502746582,26.653599320649473
"A(p=17,f=0.40,h=128,lr=0.01,wd=1.0,max=40000)",22,32600,1.0,2.1872311606330186e-07,0.0,5.593422889709473,26.65526104437902
"A(p=17,f=0.40,h=128,lr=0.01,wd=1.0,max=40000)",22,32620,1.0,2.2286953083039407e-07,0.0,5.591577053070068,26.653578595928547
"A(p=17,f=0.40,h=128,lr=0.01,wd=1.0,max=40000)",22,32640,1.0,2.1146689732631785e-07,0.0,5.5939812660217285,26.655876839486776
"A(p=17,f=0.40,h=128,lr=0.01,wd=1.0,max=40000)",22,32660,1.0,2.2805254218383197e-07,0.0,5.591891765594482,26.652834922982834
"A(p=17,f=0.40,h=128,lr=0.01,wd=1.0,max=40000)",22,32680,1.0,2.2286953083039407e-07,0.0,5.592120170593262,26.65376817803888
"A(p=17,f=0.40,h=128,lr=0.01,wd=1.0,max=40000)",22,32700,1.0,2.2286953083039407e-07,0.0,5.59262752532959,26.654997946874516
"A(p=17,f=0.40,h=128,lr=0.01,wd=1.0,max=40000)",22,32720,1.0,2.1250349391266354e-07,0.0,5.59279203414917,26.654789900656983
"A(p=17,f=0.40,h=128,lr=0.01,wd=1.0,max=40000)",22,32740,1.0,2.1146689732631785e-07,0.0,5.593278884887695,26.654491926875295
"A(p=17,f=0.40,h=128,lr=0.01,wd=1.0,max=40000)",22,32760,1.0,2.1457670129620965e-07,0.0,5.594675064086914,26.656973441670875
"A(p=17,f=0.40,h=128,lr=0.01,wd=1.0,max=40000)",22,32780,1.0,2.2079632344684796e-07,0.0,5.591346263885498,26.65252365441783
"A(p=17,f=0.40,h=128,lr=0.01,wd=1.0,max=40000)",22,32800,1.0,2.2079632344684796e-07,0.0,5.591002941131592,26.652753368008177
"A(p=17,f=0.40,h=128,lr=0.01,wd=1.0,max=40000)",22,32820,1.0,2.2079632344684796e-07,0.0,5.593864917755127,26.65514714250169
"A(p=17,f=0.40,h=128,lr=0.01,wd=1.0,max=40000)",22,32840,1.0,2.1975971264964755e-07,0.0,5.591763019561768,26.65315727852443
"A(p=17,f=0.40,h=128,lr=0.01,wd=1.0,max=40000)",22,32860,1.0,2.0939368994277174e-07,0.0,5.593517303466797,26.65404498476265
"A(p=17,f=0.40,h=128,lr=0.01,wd=1.0,max=40000)",22,32880,1.0,2.1664990867975575e-07,0.0,5.592402935028076,26.654160643733135
"A(p=17,f=0.40,h=128,lr=0.01,wd=1.0,max=40000)",22,32900,1.0,2.2390612741673976e-07,0.0,5.592297077178955,26.653777221893908
"A(p=17,f=0.40,h=128,lr=0.01,wd=1.0,max=40000)",22,32920,1.0,2.1146689732631785e-07,0.0,5.593637466430664,26.655959247737123
"A(p=17,f=0.40,h=128,lr=0.01,wd=1.0,max=40000)",22,32940,1.0,2.1043030073997215e-07,0.0,5.592849254608154,26.65441770116848
"A(p=17,f=0.40,h=128,lr=0.01,wd=1.0,max=40000)",22,32960,1.0,2.1975971264964755e-07,0.0,5.591987609863281,26.653580292314864
"A(p=17,f=0.40,h=128,lr=0.01,wd=1.0,max=40000)",22,32980,1.0,2.2908913877017767e-07,0.0,5.591000556945801,26.65215689803808
"A(p=17,f=0.40,h=128,lr=0.01,wd=1.0,max=40000)",22,33000,1.0,2.1561331209341006e-07,0.0,5.592733383178711,26.65428903769487
"A(p=17,f=0.40,h=128,lr=0.01,wd=1.0,max=40000)",22,33020,1.0,2.1561331209341006e-07,0.0,5.592407703399658,26.653490744265955
"A(p=17,f=0.40,h=128,lr=0.01,wd=1.0,max=40000)",22,33040,1.0,2.1354010470986395e-07,0.0,5.595223426818848,26.656920857244085
"A(p=17,f=0.40,h=128,lr=0.01,wd=1.0,max=40000)",22,33060,1.0,2.1561331209341006e-07,0.0,5.5937910079956055,26.655551077384807
"A(p=17,f=0.40,h=128,lr=0.01,wd=1.0,max=40000)",22,33080,1.0,2.2079632344684796e-07,0.0,5.592671871185303,26.65454484231491
"A(p=17,f=0.40,h=128,lr=0.01,wd=1.0,max=40000)",22,33100,1.0,2.1768651947695616e-07,0.0,5.594112396240234,26.655043030223066
"A(p=17,f=0.40,h=128,lr=0.01,wd=1.0,max=40000)",22,33120,1.0,2.1457670129620965e-07,0.0,5.593204975128174,26.654736021573676
"A(p=17,f=0.40,h=128,lr=0.01,wd=1.0,max=40000)",22,33140,1.0,2.1664990867975575e-07,0.0,5.592942237854004,26.65454565930767
"A(p=17,f=0.40,h=128,lr=0.01,wd=1.0,max=40000)",22,33160,1.0,2.2390612741673976e-07,0.0,5.593723773956299,26.655012186962868
"A(p=17,f=0.40,h=128,lr=0.01,wd=1.0,max=40000)",22,33180,1.0,2.1664990867975575e-07,0.0,5.593518257141113,26.65501882603249
"A(p=17,f=0.40,h=128,lr=0.01,wd=1.0,max=40000)",22,33200,1.0,2.1354010470986395e-07,0.0,5.592553615570068,26.654173897573795
"A(p=17,f=0.40,h=128,lr=0.01,wd=1.0,max=40000)",22,33220,1.0,2.1250349391266354e-07,0.0,5.593012809753418,26.654080063988083
"A(p=17,f=0.40,h=128,lr=0.01,wd=1.0,max=40000)",22,33240,1.0,2.1975971264964755e-07,0.0,5.5919084548950195,26.654221504112478
"A(p=17,f=0.40,h=128,lr=0.01,wd=1.0,max=40000)",22,33260,1.0,2.2286953083039407e-07,0.0,5.591159820556641,26.652408328958963
"A(p=17,f=0.40,h=128,lr=0.01,wd=1.0,max=40000)",22,33280,1.0,2.1561331209341006e-07,0.0,5.5929365158081055,26.654918275065782
"A(p=17,f=0.40,h=128,lr=0.01,wd=1.0,max=40000)",22,33300,1.0,2.1043030073997215e-07,0.0,5.592711925506592,26.655819004858184
"A(p=17,f=0.40,h=128,lr=0.01,wd=1.0,max=40000)",22,33320,1.0,2.2079632344684796e-07,0.0,5.592291831970215,26.654545410809558
"A(p=17,f=0.40,h=128,lr=0.01,wd=1.0,max=40000)",22,33340,1.0,2.1664990867975575e-07,0.0,5.593008995056152,26.654854871613743
"A(p=17,f=0.40,h=128,lr=0.01,wd=1.0,max=40000)",22,33360,1.0,2.1250349391266354e-07,0.0,5.592597007751465,26.65379627926904
"A(p=17,f=0.40,h=128,lr=0.01,wd=1.0,max=40000)",22,33380,1.0,2.1561331209341006e-07,0.0,5.593940258026123,26.654801953761545
"A(p=17,f=0.40,h=128,lr=0.01,wd=1.0,max=40000)",22,33400,1.0,2.1561331209341006e-07,0.0,5.593394756317139,26.654862163846875
"A(p=17,f=0.40,h=128,lr=0.01,wd=1.0,max=40000)",22,33420,1.0,2.2183292003319366e-07,0.0,5.59315824508667,26.654359352168235
"A(p=17,f=0.40,h=128,lr=0.01,wd=1.0,max=40000)",22,33440,1.0,2.1146689732631785e-07,0.0,5.593492031097412,26.654430915132043
"A(p=17,f=0.40,h=128,lr=0.01,wd=1.0,max=40000)",22,33460,1.0,2.2183292003319366e-07,0.0,5.5920891761779785,26.65287444303119
"A(p=17,f=0.40,h=128,lr=0.01,wd=1.0,max=40000)",22,33480,1.0,2.2183292003319366e-07,0.0,5.592317581176758,26.653774816275934
"A(p=17,f=0.40,h=128,lr=0.01,wd=1.0,max=40000)",22,33500,1.0,2.3012574956737808e-07,0.0,5.589667320251465,26.65093788157937
"A(p=17,f=0.40,h=128,lr=0.01,wd=1.0,max=40000)",22,33520,1.0,2.2390612741673976e-07,0.0,5.5919060707092285,26.652375692839087
"A(p=17,f=0.40,h=128,lr=0.01,wd=1.0,max=40000)",22,33540,1.0,2.2494272400308546e-07,0.0,5.592209339141846,26.65381466302144
"A(p=17,f=0.40,h=128,lr=0.01,wd=1.0,max=40000)",22,33560,1.0,2.0939368994277174e-07,0.0,5.592782497406006,26.655332644885913
"A(p=17,f=0.40,h=128,lr=0.01,wd=1.0,max=40000)",22,33580,1.0,2.1664990867975575e-07,0.0,5.592854976654053,26.654734398070385
"A(p=17,f=0.40,h=128,lr=0.01,wd=1.0,max=40000)",22,33600,1.0,2.1768651947695616e-07,0.0,5.590847492218018,26.65277574178263
"A(p=17,f=0.40,h=128,lr=0.01,wd=1.0,max=40000)",22,33620,1.0,2.2286953083039407e-07,0.0,5.592221736907959,26.653546343380103
"A(p=17,f=0.40,h=128,lr=0.01,wd=1.0,max=40000)",22,33640,1.0,2.1354010470986395e-07,0.0,5.592007637023926,26.654572221365537
"A(p=17,f=0.40,h=128,lr=0.01,wd=1.0,max=40000)",22,33660,1.0,2.2286953083039407e-07,0.0,5.591897010803223,26.654339365169076
"A(p=17,f=0.40,h=128,lr=0.01,wd=1.0,max=40000)",22,33680,1.0,2.1768651947695616e-07,0.0,5.591882228851318,26.654424981682062
"A(p=17,f=0.40,h=128,lr=0.01,wd=1.0,max=40000)",22,33700,1.0,2.1146689732631785e-07,0.0,5.593179225921631,26.65507903234922
"A(p=17,f=0.40,h=128,lr=0.01,wd=1.0,max=40000)",22,33720,1.0,2.1457670129620965e-07,0.0,5.592251777648926,26.653752085012048
"A(p=17,f=0.40,h=128,lr=0.01,wd=1.0,max=40000)",22,33740,1.0,2.0524728938653425e-07,0.0,5.594175815582275,26.655863922593856
"A(p=17,f=0.40,h=128,lr=0.01,wd=1.0,max=40000)",22,33760,1.0,2.1664990867975575e-07,0.0,5.594222068786621,26.65611441848294
"A(p=17,f=0.40,h=128,lr=0.01,wd=1.0,max=40000)",22,33780,1.0,2.1354010470986395e-07,0.0,5.5937604904174805,26.655435186837217
"A(p=17,f=0.40,h=128,lr=0.01,wd=1.0,max=40000)",22,33800,1.0,2.0939368994277174e-07,0.0,5.593743324279785,26.655487358750033
"A(p=17,f=0.40,h=128,lr=0.01,wd=1.0,max=40000)",22,33820,1.0,2.2079632344684796e-07,0.0,5.593409061431885,26.654622985902854
"A(p=17,f=0.40,h=128,lr=0.01,wd=1.0,max=40000)",22,33840,1.0,2.1457670129620965e-07,0.0,5.592692852020264,26.653821513197887
"A(p=17,f=0.40,h=128,lr=0.01,wd=1.0,max=40000)",22,33860,1.0,2.1664990867975575e-07,0.0,5.595124244689941,26.65593965935594
"A(p=17,f=0.40,h=128,lr=0.01,wd=1.0,max=40000)",22,33880,1.0,2.1354010470986395e-07,0.0,5.5947980880737305,26.65580693650357
"A(p=17,f=0.40,h=128,lr=0.01,wd=1.0,max=40000)",22,33900,1.0,2.1457670129620965e-07,0.0,5.593137741088867,26.6537892249278
"A(p=17,f=0.40,h=128,lr=0.01,wd=1.0,max=40000)",22,33920,1.0,2.0939368994277174e-07,0.0,5.594161033630371,26.655223135270628
"A(p=17,f=0.40,h=128,lr=0.01,wd=1.0,max=40000)",22,33940,1.0,2.1354010470986395e-07,0.0,5.594006538391113,26.654978173143274
"A(p=17,f=0.40,h=128,lr=0.01,wd=1.0,max=40000)",22,33960,1.0,2.1146689732631785e-07,0.0,5.5936279296875,26.654554808245138
"A(p=17,f=0.40,h=128,lr=0.01,wd=1.0,max=40000)",22,33980,1.0,2.1561331209341006e-07,0.0,5.5932817459106445,26.654582839709597
"A(p=17,f=0.40,h=128,lr=0.01,wd=1.0,max=40000)",22,34000,1.0,2.1457670129620965e-07,0.0,5.593184947967529,26.655333811673817
"A(p=17,f=0.40,h=128,lr=0.01,wd=1.0,max=40000)",22,34020,1.0,2.1146689732631785e-07,0.0,5.595078468322754,26.656334811805674
"A(p=17,f=0.40,h=128,lr=0.01,wd=1.0,max=40000)",22,34040,1.0,2.1664990867975575e-07,0.0,5.593306541442871,26.654660484684516
"A(p=17,f=0.40,h=128,lr=0.01,wd=1.0,max=40000)",22,34060,1.0,2.2079632344684796e-07,0.0,5.593322277069092,26.654938161361628
"A(p=17,f=0.40,h=128,lr=0.01,wd=1.0,max=40000)",22,34080,1.0,2.2390612741673976e-07,0.0,5.591458320617676,26.65236558053011
"A(p=17,f=0.40,h=128,lr=0.01,wd=1.0,max=40000)",22,34100,1.0,2.1561331209341006e-07,0.0,5.594316482543945,26.655163473179364
"A(p=17,f=0.40,h=128,lr=0.01,wd=1.0,max=40000)",22,34120,1.0,2.1457670129620965e-07,0.0,5.594456672668457,26.655186476444523
"A(p=17,f=0.40,h=128,lr=0.01,wd=1.0,max=40000)",22,34140,1.0,2.2390612741673976e-07,0.0,5.591903209686279,26.652751381600858
"A(p=17,f=0.40,h=128,lr=0.01,wd=1.0,max=40000)",22,34160,1.0,2.1043030073997215e-07,0.0,5.594258785247803,26.655335166268916
"A(p=17,f=0.40,h=128,lr=0.01,wd=1.0,max=40000)",22,34180,1.0,2.2390612741673976e-07,0.0,5.591650485992432,26.65393590294026
"A(p=17,f=0.40,h=128,lr=0.01,wd=1.0,max=40000)",22,34200,1.0,2.1043030073997215e-07,0.0,5.594846725463867,26.655339182056426
"A(p=17,f=0.40,h=128,lr=0.01,wd=1.0,max=40000)",22,34220,1.0,2.1250349391266354e-07,0.0,5.593569755554199,26.65528441470656
"A(p=17,f=0.40,h=128,lr=0.01,wd=1.0,max=40000)",22,34240,1.0,2.1975971264964755e-07,0.0,5.593259811401367,26.654401048329703
"A(p=17,f=0.40,h=128,lr=0.01,wd=1.0,max=40000)",22,34260,1.0,2.3116234615372377e-07,0.0,5.5926432609558105,26.65331723673237
"A(p=17,f=0.40,h=128,lr=0.01,wd=1.0,max=40000)",22,34280,1.0,2.1768651947695616e-07,0.0,5.593679428100586,26.655006225924183
"A(p=17,f=0.40,h=128,lr=0.01,wd=1.0,max=40000)",22,34300,1.0,2.1768651947695616e-07,0.0,5.59282112121582,26.65344029383155
"A(p=17,f=0.40,h=128,lr=0.01,wd=1.0,max=40000)",22,34320,1.0,2.1872311606330186e-07,0.0,5.592240333557129,26.653849514175022
"A(p=17,f=0.40,h=128,lr=0.01,wd=1.0,max=40000)",22,34340,1.0,2.1872311606330186e-07,0.0,5.592857360839844,26.65436562449457
"A(p=17,f=0.40,h=128,lr=0.01,wd=1.0,max=40000)",22,34360,1.0,2.1768651947695616e-07,0.0,5.592785358428955,26.65415647728354
"A(p=17,f=0.40,h=128,lr=0.01,wd=1.0,max=40000)",22,34380,1.0,2.1043030073997215e-07,0.0,5.594643592834473,26.656559039110586
"A(p=17,f=0.40,h=128,lr=0.01,wd=1.0,max=40000)",22,34400,1.0,2.2183292003319366e-07,0.0,5.589611053466797,26.651183246631195
"A(p=17,f=0.40,h=128,lr=0.01,wd=1.0,max=40000)",22,34420,1.0,2.2079632344684796e-07,0.0,5.594086647033691,26.655874835096824
"A(p=17,f=0.40,h=128,lr=0.01,wd=1.0,max=40000)",22,34440,1.0,2.2183292003319366e-07,0.0,5.593399524688721,26.654749569818932
"A(p=17,f=0.40,h=128,lr=0.01,wd=1.0,max=40000)",22,34460,1.0,2.1664990867975575e-07,0.0,5.59358549118042,26.654942412597375
"A(p=17,f=0.40,h=128,lr=0.01,wd=1.0,max=40000)",22,34480,1.0,2.2183292003319366e-07,0.0,5.591617107391357,26.653697016821134
"A(p=17,f=0.40,h=128,lr=0.01,wd=1.0,max=40000)",22,34500,1.0,2.1664990867975575e-07,0.0,5.593499660491943,26.655574485404525
"A(p=17,f=0.40,h=128,lr=0.01,wd=1.0,max=40000)",22,34520,1.0,2.2597933480028587e-07,0.0,5.591331958770752,26.652216989552286
"A(p=17,f=0.40,h=128,lr=0.01,wd=1.0,max=40000)",22,34540,1.0,2.1457670129620965e-07,0.0,5.593894958496094,26.65478357775967
"A(p=17,f=0.40,h=128,lr=0.01,wd=1.0,max=40000)",22,34560,1.0,2.1664990867975575e-07,0.0,5.594493865966797,26.655191539140958
"A(p=17,f=0.40,h=128,lr=0.01,wd=1.0,max=40000)",22,34580,1.0,2.1146689732631785e-07,0.0,5.593632221221924,26.653917035395654
"A(p=17,f=0.40,h=128,lr=0.01,wd=1.0,max=40000)",22,34600,1.0,2.1664990867975575e-07,0.0,5.593100547790527,26.6536255987931
"A(p=17,f=0.40,h=128,lr=0.01,wd=1.0,max=40000)",22,34620,1.0,2.0835709335642605e-07,0.0,5.594486236572266,26.65477336291397
"A(p=17,f=0.40,h=128,lr=0.01,wd=1.0,max=40000)",22,34640,1.0,2.2701593138663156e-07,0.0,5.592068672180176,26.65300134568082
"A(p=17,f=0.40,h=128,lr=0.01,wd=1.0,max=40000)",22,34660,1.0,2.1561331209341006e-07,0.0,5.592538833618164,26.654287686525414
"A(p=17,f=0.40,h=128,lr=0.01,wd=1.0,max=40000)",22,34680,1.0,2.1561331209341006e-07,0.0,5.5931243896484375,26.656071067615386
"A(p=17,f=0.40,h=128,lr=0.01,wd=1.0,max=40000)",22,34700,1.0,2.1146689732631785e-07,0.0,5.592714786529541,26.655309526319943
"A(p=17,f=0.40,h=128,lr=0.01,wd=1.0,max=40000)",22,34720,1.0,2.1975971264964755e-07,0.0,5.590600967407227,26.652228526244077
"A(p=17,f=0.40,h=128,lr=0.01,wd=1.0,max=40000)",22,34740,1.0,2.1250349391266354e-07,0.0,5.594690322875977,26.65679263276391
"A(p=17,f=0.40,h=128,lr=0.01,wd=1.0,max=40000)",22,34760,1.0,2.2183292003319366e-07,0.0,5.592647552490234,26.654326941432718
"A(p=17,f=0.40,h=128,lr=0.01,wd=1.0,max=40000)",22,34780,1.0,2.2079632344684796e-07,0.0,5.595122337341309,26.65588776679374
"A(p=17,f=0.40,h=128,lr=0.01,wd=1.0,max=40000)",22,34800,1.0,2.2390612741673976e-07,0.0,5.592865467071533,26.654723709427053
"A(p=17,f=0.40,h=128,lr=0.01,wd=1.0,max=40000)",22,34820,1.0,2.1975971264964755e-07,0.0,5.592584133148193,26.65319219896316
"A(p=17,f=0.40,h=128,lr=0.01,wd=1.0,max=40000)",22,34840,1.0,2.1457670129620965e-07,0.0,5.593167781829834,26.655202244162723
"A(p=17,f=0.40,h=128,lr=0.01,wd=1.0,max=40000)",22,34860,1.0,2.2079632344684796e-07,0.0,5.592732906341553,26.653587173758268
"A(p=17,f=0.40,h=128,lr=0.01,wd=1.0,max=40000)",22,34880,1.0,2.2597933480028587e-07,0.0,5.592623233795166,26.654447422623747
"A(p=17,f=0.40,h=128,lr=0.01,wd=1.0,max=40000)",22,34900,1.0,2.1975971264964755e-07,0.0,5.591026782989502,26.654125678766405
"A(p=17,f=0.40,h=128,lr=0.01,wd=1.0,max=40000)",22,34920,1.0,2.2701593138663156e-07,0.0,5.5920867919921875,26.653686555713445
"A(p=17,f=0.40,h=128,lr=0.01,wd=1.0,max=40000)",22,34940,1.0,2.1768651947695616e-07,0.0,5.592939853668213,26.654447679963123
"A(p=17,f=0.40,h=128,lr=0.01,wd=1.0,max=40000)",22,34960,1.0,2.1561331209341006e-07,0.0,5.591522693634033,26.654058186428678
"A(p=17,f=0.40,h=128,lr=0.01,wd=1.0,max=40000)",22,34980,1.0,2.1457670129620965e-07,0.0,5.592884540557861,26.655143517580374
"A(p=17,f=0.40,h=128,lr=0.01,wd=1.0,max=40000)",22,35000,1.0,2.1768651947695616e-07,0.0,5.593512535095215,26.655761705926963
"A(p=17,f=0.40,h=128,lr=0.01,wd=1.0,max=40000)",22,35020,1.0,2.1768651947695616e-07,0.0,5.591972351074219,26.65371507449125
"A(p=17,f=0.40,h=128,lr=0.01,wd=1.0,max=40000)",22,35040,1.0,2.1250349391266354e-07,0.0,5.5934624671936035,26.655552627902438
"A(p=17,f=0.40,h=128,lr=0.01,wd=1.0,max=40000)",22,35060,1.0,2.1872311606330186e-07,0.0,5.591654300689697,26.65301617308991
"A(p=17,f=0.40,h=128,lr=0.01,wd=1.0,max=40000)",22,35080,1.0,2.2390612741673976e-07,0.0,5.590968132019043,26.652115550051604
"A(p=17,f=0.40,h=128,lr=0.01,wd=1.0,max=40000)",22,35100,1.0,2.1354010470986395e-07,0.0,5.5940680503845215,26.65514502897837
"A(p=17,f=0.40,h=128,lr=0.01,wd=1.0,max=40000)",22,35120,1.0,2.1146689732631785e-07,0.0,5.594559192657471,26.656003405908873
"A(p=17,f=0.40,h=128,lr=0.01,wd=1.0,max=40000)",22,35140,1.0,2.1561331209341006e-07,0.0,5.593328475952148,26.65358001062788
"A(p=17,f=0.40,h=128,lr=0.01,wd=1.0,max=40000)",22,35160,1.0,2.1354010470986395e-07,0.0,5.591811180114746,26.652463470594647
"A(p=17,f=0.40,h=128,lr=0.01,wd=1.0,max=40000)",22,35180,1.0,2.2183292003319366e-07,0.0,5.592596054077148,26.65332936385706
"A(p=17,f=0.40,h=128,lr=0.01,wd=1.0,max=40000)",22,35200,1.0,2.1872311606330186e-07,0.0,5.592411518096924,26.653211853272584
"A(p=17,f=0.40,h=128,lr=0.01,wd=1.0,max=40000)",22,35220,1.0,2.2079632344684796e-07,0.0,5.59310245513916,26.654366742692897
"A(p=17,f=0.40,h=128,lr=0.01,wd=1.0,max=40000)",22,35240,1.0,2.0628388597287994e-07,0.0,5.5946502685546875,26.656187237002943
"A(p=17,f=0.40,h=128,lr=0.01,wd=1.0,max=40000)",22,35260,1.0,2.1354010470986395e-07,0.0,5.59444522857666,26.655777225450503
"A(p=17,f=0.40,h=128,lr=0.01,wd=1.0,max=40000)",22,35280,1.0,2.1146689732631785e-07,0.0,5.594693660736084,26.656009687659385
"A(p=17,f=0.40,h=128,lr=0.01,wd=1.0,max=40000)",22,35300,1.0,2.2183292003319366e-07,0.0,5.594162464141846,26.654762102357715
"A(p=17,f=0.40,h=128,lr=0.01,wd=1.0,max=40000)",22,35320,1.0,2.2079632344684796e-07,0.0,5.592789649963379,26.653600650677145
"A(p=17,f=0.40,h=128,lr=0.01,wd=1.0,max=40000)",22,35340,1.0,2.1872311606330186e-07,0.0,5.594085216522217,26.655569755635245
"A(p=17,f=0.40,h=128,lr=0.01,wd=1.0,max=40000)",22,35360,1.0,2.1146689732631785e-07,0.0,5.594199180603027,26.655182531069464
"A(p=17,f=0.40,h=128,lr=0.01,wd=1.0,max=40000)",22,35380,1.0,2.1561331209341006e-07,0.0,5.594468116760254,26.65556813221337
"A(p=17,f=0.40,h=128,lr=0.01,wd=1.0,max=40000)",22,35400,1.0,2.2908913877017767e-07,0.0,5.5912933349609375,26.651349746042122
"A(p=17,f=0.40,h=128,lr=0.01,wd=1.0,max=40000)",22,35420,1.0,2.1664990867975575e-07,0.0,5.592611312866211,26.65423225062584
"A(p=17,f=0.40,h=128,lr=0.01,wd=1.0,max=40000)",22,35440,1.0,2.1664990867975575e-07,0.0,5.593291759490967,26.654112968822165
"A(p=17,f=0.40,h=128,lr=0.01,wd=1.0,max=40000)",22,35460,1.0,2.1872311606330186e-07,0.0,5.593299388885498,26.65448891764861
"A(p=17,f=0.40,h=128,lr=0.01,wd=1.0,max=40000)",22,35480,1.0,2.2286953083039407e-07,0.0,5.591529846191406,26.652761559001373
"A(p=17,f=0.40,h=128,lr=0.01,wd=1.0,max=40000)",22,35500,1.0,2.1354010470986395e-07,0.0,5.593306541442871,26.65479601013598
"A(p=17,f=0.40,h=128,lr=0.01,wd=1.0,max=40000)",22,35520,1.0,2.1664990867975575e-07,0.0,5.594417095184326,26.655658113755337
"A(p=17,f=0.40,h=128,lr=0.01,wd=1.0,max=40000)",22,35540,1.0,2.1250349391266354e-07,0.0,5.594354629516602,26.655683928394843
"A(p=17,f=0.40,h=128,lr=0.01,wd=1.0,max=40000)",22,35560,1.0,2.1561331209341006e-07,0.0,5.595066070556641,26.655150770326685
"A(p=17,f=0.40,h=128,lr=0.01,wd=1.0,max=40000)",22,35580,1.0,2.1561331209341006e-07,0.0,5.594045639038086,26.654368115979338
"A(p=17,f=0.40,h=128,lr=0.01,wd=1.0,max=40000)",22,35600,1.0,2.1250349391266354e-07,0.0,5.594029903411865,26.654222585032198
"A(p=17,f=0.40,h=128,lr=0.01,wd=1.0,max=40000)",22,35620,1.0,2.1768651947695616e-07,0.0,5.593167304992676,26.65336555065912
"A(p=17,f=0.40,h=128,lr=0.01,wd=1.0,max=40000)",22,35640,1.0,2.0628388597287994e-07,0.0,5.595493793487549,26.657112557325824
"A(p=17,f=0.40,h=128,lr=0.01,wd=1.0,max=40000)",22,35660,1.0,2.1250349391266354e-07,0.0,5.59414005279541,26.655144157077892
"A(p=17,f=0.40,h=128,lr=0.01,wd=1.0,max=40000)",22,35680,1.0,2.1457670129620965e-07,0.0,5.59437370300293,26.655993357833626
"A(p=17,f=0.40,h=128,lr=0.01,wd=1.0,max=40000)",22,35700,1.0,2.1043030073997215e-07,0.0,5.594980239868164,26.65548303934888
"A(p=17,f=0.40,h=128,lr=0.01,wd=1.0,max=40000)",22,35720,1.0,2.1872311606330186e-07,0.0,5.594293117523193,26.65526524458888
"A(p=17,f=0.40,h=128,lr=0.01,wd=1.0,max=40000)",22,35740,1.0,2.2286953083039407e-07,0.0,5.593133926391602,26.65358669997907
"A(p=17,f=0.40,h=128,lr=0.01,wd=1.0,max=40000)",22,35760,1.0,2.2079632344684796e-07,0.0,5.593929767608643,26.654547199425934
"A(p=17,f=0.40,h=128,lr=0.01,wd=1.0,max=40000)",22,35780,1.0,2.1768651947695616e-07,0.0,5.594555377960205,26.655614022845064
"A(p=17,f=0.40,h=128,lr=0.01,wd=1.0,max=40000)",22,35800,1.0,2.1561331209341006e-07,0.0,5.593588352203369,26.654303227474312
"A(p=17,f=0.40,h=128,lr=0.01,wd=1.0,max=40000)",22,35820,1.0,2.1354010470986395e-07,0.0,5.594671726226807,26.65539669436867
"A(p=17,f=0.40,h=128,lr=0.01,wd=1.0,max=40000)",22,35840,1.0,2.2286953083039407e-07,0.0,5.592601299285889,26.6538202256717
"A(p=17,f=0.40,h=128,lr=0.01,wd=1.0,max=40000)",22,35860,1.0,2.2286953083039407e-07,0.0,5.593864440917969,26.65410275245974
"A(p=17,f=0.40,h=128,lr=0.01,wd=1.0,max=40000)",22,35880,1.0,2.1664990867975575e-07,0.0,5.593613624572754,26.65457571411993
"A(p=17,f=0.40,h=128,lr=0.01,wd=1.0,max=40000)",22,35900,1.0,2.1457670129620965e-07,0.0,5.593211650848389,26.653321328886573
"A(p=17,f=0.40,h=128,lr=0.01,wd=1.0,max=40000)",22,35920,1.0,2.1975971264964755e-07,0.0,5.593456268310547,26.654487108158023
"A(p=17,f=0.40,h=128,lr=0.01,wd=1.0,max=40000)",22,35940,1.0,2.1043030073997215e-07,0.0,5.592835903167725,26.65493245492888
"A(p=17,f=0.40,h=128,lr=0.01,wd=1.0,max=40000)",22,35960,1.0,2.2597933480028587e-07,0.0,5.592296123504639,26.65365037525946
"A(p=17,f=0.40,h=128,lr=0.01,wd=1.0,max=40000)",22,35980,1.0,2.2390612741673976e-07,0.0,5.5921196937561035,26.653652384788607
"A(p=17,f=0.40,h=128,lr=0.01,wd=1.0,max=40000)",22,36000,1.0,2.1354010470986395e-07,0.0,5.593469142913818,26.655693464436997
"A(p=17,f=0.40,h=128,lr=0.01,wd=1.0,max=40000)",22,36020,1.0,2.2494272400308546e-07,0.0,5.590796947479248,26.653001633139446
"A(p=17,f=0.40,h=128,lr=0.01,wd=1.0,max=40000)",22,36040,1.0,2.1664990867975575e-07,0.0,5.590860366821289,26.652939699787524
"A(p=17,f=0.40,h=128,lr=0.01,wd=1.0,max=40000)",22,36060,1.0,2.1561331209341006e-07,0.0,5.59242057800293,26.654180019774813
"A(p=17,f=0.40,h=128,lr=0.01,wd=1.0,max=40000)",22,36080,1.0,2.1664990867975575e-07,0.0,5.592605113983154,26.655553358969108
"A(p=17,f=0.40,h=128,lr=0.01,wd=1.0,max=40000)",22,36100,1.0,2.1457670129620965e-07,0.0,5.5918097496032715,26.65316660732945
"A(p=17,f=0.40,h=128,lr=0.01,wd=1.0,max=40000)",22,36120,1.0,2.1457670129620965e-07,0.0,5.591829299926758,26.65365643299117
"A(p=17,f=0.40,h=128,lr=0.01,wd=1.0,max=40000)",22,36140,1.0,2.2908913877017767e-07,0.0,5.590915679931641,26.65303205039746
"A(p=17,f=0.40,h=128,lr=0.01,wd=1.0,max=40000)",22,36160,1.0,2.2079632344684796e-07,0.0,5.592709064483643,26.65466655121627
"A(p=17,f=0.40,h=128,lr=0.01,wd=1.0,max=40000)",22,36180,1.0,2.1043030073997215e-07,0.0,5.592077255249023,26.654780413086694
"A(p=17,f=0.40,h=128,lr=0.01,wd=1.0,max=40000)",22,36200,1.0,2.0939368994277174e-07,0.0,5.592352390289307,26.65531336081817
"A(p=17,f=0.40,h=128,lr=0.01,wd=1.0,max=40000)",22,36220,1.0,2.1768651947695616e-07,0.0,5.5915751457214355,26.65437232791471
"A(p=17,f=0.40,h=128,lr=0.01,wd=1.0,max=40000)",22,36240,1.0,2.1354010470986395e-07,0.0,5.592427730560303,26.654574912240406
"A(p=17,f=0.40,h=128,lr=0.01,wd=1.0,max=40000)",22,36260,1.0,2.1664990867975575e-07,0.0,5.593502998352051,26.655924930599493
"A(p=17,f=0.40,h=128,lr=0.01,wd=1.0,max=40000)",22,36280,1.0,2.1146689732631785e-07,0.0,5.59308385848999,26.65528258773709
"A(p=17,f=0.40,h=128,lr=0.01,wd=1.0,max=40000)",22,36300,1.0,2.2494272400308546e-07,0.0,5.5923171043396,26.654651310176348
"A(p=17,f=0.40,h=128,lr=0.01,wd=1.0,max=40000)",22,36320,1.0,2.1768651947695616e-07,0.0,5.592507839202881,26.654790544705993
"A(p=17,f=0.40,h=128,lr=0.01,wd=1.0,max=40000)",22,36340,1.0,2.1768651947695616e-07,0.0,5.59223747253418,26.65358658563126
"A(p=17,f=0.40,h=128,lr=0.01,wd=1.0,max=40000)",22,36360,1.0,2.2183292003319366e-07,0.0,5.590549468994141,26.652424079383028
"A(p=17,f=0.40,h=128,lr=0.01,wd=1.0,max=40000)",22,36380,1.0,2.2597933480028587e-07,0.0,5.590974807739258,26.652103322446557
"A(p=17,f=0.40,h=128,lr=0.01,wd=1.0,max=40000)",22,36400,1.0,2.1146689732631785e-07,0.0,5.591413497924805,26.653669478797383
"A(p=17,f=0.40,h=128,lr=0.01,wd=1.0,max=40000)",22,36420,1.0,2.1146689732631785e-07,0.0,5.593548774719238,26.654883728153504
"A(p=17,f=0.40,h=128,lr=0.01,wd=1.0,max=40000)",22,36440,1.0,2.1354010470986395e-07,0.0,5.5915608406066895,26.653811251305097
"A(p=17,f=0.40,h=128,lr=0.01,wd=1.0,max=40000)",22,36460,1.0,2.2390612741673976e-07,0.0,5.591257572174072,26.652471124270697
"A(p=17,f=0.40,h=128,lr=0.01,wd=1.0,max=40000)",22,36480,1.0,2.1664990867975575e-07,0.0,5.5935587882995605,26.656333926509834
"A(p=17,f=0.40,h=128,lr=0.01,wd=1.0,max=40000)",22,36500,1.0,2.1457670129620965e-07,0.0,5.593005657196045,26.654448278505836
"A(p=17,f=0.40,h=128,lr=0.01,wd=1.0,max=40000)",22,36520,1.0,2.1664990867975575e-07,0.0,5.592611312866211,26.6545260214023
"A(p=17,f=0.40,h=128,lr=0.01,wd=1.0,max=40000)",22,36540,1.0,2.0317408200298814e-07,0.0,5.593547344207764,26.65518244727006
"A(p=17,f=0.40,h=128,lr=0.01,wd=1.0,max=40000)",22,36560,1.0,2.2494272400308546e-07,0.0,5.590994834899902,26.65377566427145
"A(p=17,f=0.40,h=128,lr=0.01,wd=1.0,max=40000)",22,36580,1.0,2.1768651947695616e-07,0.0,5.59203577041626,26.654542420242294
"A(p=17,f=0.40,h=128,lr=0.01,wd=1.0,max=40000)",22,36600,1.0,2.2390612741673976e-07,0.0,5.591004371643066,26.65194642818984
"A(p=17,f=0.40,h=128,lr=0.01,wd=1.0,max=40000)",22,36620,1.0,2.2286953083039407e-07,0.0,5.5929741859436035,26.654594693612076
"A(p=17,f=0.40,h=128,lr=0.01,wd=1.0,max=40000)",22,36640,1.0,2.1146689732631785e-07,0.0,5.5928754806518555,26.65481251843651
"A(p=17,f=0.40,h=128,lr=0.01,wd=1.0,max=40000)",22,36660,1.0,2.1561331209341006e-07,0.0,5.593128681182861,26.654828798267488
"A(p=17,f=0.40,h=128,lr=0.01,wd=1.0,max=40000)",22,36680,1.0,2.1872311606330186e-07,0.0,5.591423988342285,26.652191808247505
"A(p=17,f=0.40,h=128,lr=0.01,wd=1.0,max=40000)",22,36700,1.0,2.0732048255922564e-07,0.0,5.593989372253418,26.654575830485527
"A(p=17,f=0.40,h=128,lr=0.01,wd=1.0,max=40000)",22,36720,1.0,2.1146689732631785e-07,0.0,5.593114376068115,26.654578655847388
"A(p=17,f=0.40,h=128,lr=0.01,wd=1.0,max=40000)",22,36740,1.0,2.2183292003319366e-07,0.0,5.592017650604248,26.653595902591277
"A(p=17,f=0.40,h=128,lr=0.01,wd=1.0,max=40000)",22,36760,1.0,2.1457670129620965e-07,0.0,5.594971656799316,26.655549605576223
"A(p=17,f=0.40,h=128,lr=0.01,wd=1.0,max=40000)",22,36780,1.0,2.0835709335642605e-07,0.0,5.594588279724121,26.65583959552032
"A(p=17,f=0.40,h=128,lr=0.01,wd=1.0,max=40000)",22,36800,1.0,2.2286953083039407e-07,0.0,5.592620372772217,26.654390570192387
"A(p=17,f=0.40,h=128,lr=0.01,wd=1.0,max=40000)",22,36820,1.0,2.1975971264964755e-07,0.0,5.591350078582764,26.652833152549537
"A(p=17,f=0.40,h=128,lr=0.01,wd=1.0,max=40000)",22,36840,1.0,2.1250349391266354e-07,0.0,5.593918800354004,26.65564503346863
"A(p=17,f=0.40,h=128,lr=0.01,wd=1.0,max=40000)",22,36860,1.0,2.2390612741673976e-07,0.0,5.590968608856201,26.653440824857185
"A(p=17,f=0.40,h=128,lr=0.01,wd=1.0,max=40000)",22,36880,1.0,2.1043030073997215e-07,0.0,5.593571662902832,26.655800784066592
"A(p=17,f=0.40,h=128,lr=0.01,wd=1.0,max=40000)",22,36900,1.0,2.2494272400308546e-07,0.0,5.591518402099609,26.653438147693567
"A(p=17,f=0.40,h=128,lr=0.01,wd=1.0,max=40000)",22,36920,1.0,2.1146689732631785e-07,0.0,5.59277868270874,26.654971470566927
"A(p=17,f=0.40,h=128,lr=0.01,wd=1.0,max=40000)",22,36940,1.0,2.1975971264964755e-07,0.0,5.591703414916992,26.652651777074585
"A(p=17,f=0.40,h=128,lr=0.01,wd=1.0,max=40000)",22,36960,1.0,2.0939368994277174e-07,0.0,5.593567371368408,26.65641828417656
"A(p=17,f=0.40,h=128,lr=0.01,wd=1.0,max=40000)",22,36980,1.0,2.2494272400308546e-07,0.0,5.591007232666016,26.652526573522707
"A(p=17,f=0.40,h=128,lr=0.01,wd=1.0,max=40000)",22,37000,1.0,2.1250349391266354e-07,0.0,5.594176292419434,26.65553625054178
"A(p=17,f=0.40,h=128,lr=0.01,wd=1.0,max=40000)",22,37020,1.0,2.1664990867975575e-07,0.0,5.593279838562012,26.655054195251317
"A(p=17,f=0.40,h=128,lr=0.01,wd=1.0,max=40000)",22,37040,1.0,2.1975971264964755e-07,0.0,5.592013835906982,26.653008255141124
"A(p=17,f=0.40,h=128,lr=0.01,wd=1.0,max=40000)",22,37060,1.0,2.3012574956737808e-07,0.0,5.589069366455078,26.651094277849115
"A(p=17,f=0.40,h=128,lr=0.01,wd=1.0,max=40000)",22,37080,1.0,2.2079632344684796e-07,0.0,5.591297626495361,26.653428412313048
"A(p=17,f=0.40,h=128,lr=0.01,wd=1.0,max=40000)",22,37100,1.0,2.1146689732631785e-07,0.0,5.592939376831055,26.655017191653734
"A(p=17,f=0.40,h=128,lr=0.01,wd=1.0,max=40000)",22,37120,1.0,2.1146689732631785e-07,0.0,5.595678806304932,26.657893233716326
"A(p=17,f=0.40,h=128,lr=0.01,wd=1.0,max=40000)",22,37140,1.0,2.1664990867975575e-07,0.0,5.592428684234619,26.65461316162698
"A(p=17,f=0.40,h=128,lr=0.01,wd=1.0,max=40000)",22,37160,1.0,2.1250349391266354e-07,0.0,5.591983318328857,26.654108137572468
"A(p=17,f=0.40,h=128,lr=0.01,wd=1.0,max=40000)",22,37180,1.0,2.1664990867975575e-07,0.0,5.592862606048584,26.655384766091643
"A(p=17,f=0.40,h=128,lr=0.01,wd=1.0,max=40000)",22,37200,1.0,2.1975971264964755e-07,0.0,5.592620372772217,26.654681809130455
"A(p=17,f=0.40,h=128,lr=0.01,wd=1.0,max=40000)",22,37220,1.0,2.1250349391266354e-07,0.0,5.592570781707764,26.654697139354464
"A(p=17,f=0.40,h=128,lr=0.01,wd=1.0,max=40000)",22,37240,1.0,2.2597933480028587e-07,0.0,5.591784477233887,26.65352012931075
"A(p=17,f=0.40,h=128,lr=0.01,wd=1.0,max=40000)",22,37260,1.0,2.1768651947695616e-07,0.0,5.591574192047119,26.653157533014806
"A(p=17,f=0.40,h=128,lr=0.01,wd=1.0,max=40000)",22,37280,1.0,2.2183292003319366e-07,0.0,5.592350959777832,26.65447560100179
"A(p=17,f=0.40,h=128,lr=0.01,wd=1.0,max=40000)",22,37300,1.0,2.1664990867975575e-07,0.0,5.593291759490967,26.654857658497477
"A(p=17,f=0.40,h=128,lr=0.01,wd=1.0,max=40000)",22,37320,1.0,2.2079632344684796e-07,0.0,5.591891288757324,26.654168588942145
"A(p=17,f=0.40,h=128,lr=0.01,wd=1.0,max=40000)",22,37340,1.0,2.1146689732631785e-07,0.0,5.591931343078613,26.65498441403495
"A(p=17,f=0.40,h=128,lr=0.01,wd=1.0,max=40000)",22,37360,1.0,2.2494272400308546e-07,0.0,5.590902328491211,26.65367198274122
"A(p=17,f=0.40,h=128,lr=0.01,wd=1.0,max=40000)",22,37380,1.0,2.1664990867975575e-07,0.0,5.59260892868042,26.655474301683274
"A(p=17,f=0.40,h=128,lr=0.01,wd=1.0,max=40000)",22,37400,1.0,2.1457670129620965e-07,0.0,5.59218692779541,26.655158540084752
"A(p=17,f=0.40,h=128,lr=0.01,wd=1.0,max=40000)",22,37420,1.0,2.1664990867975575e-07,0.0,5.590921878814697,26.654143309323665
"A(p=17,f=0.40,h=128,lr=0.01,wd=1.0,max=40000)",22,37440,1.0,2.2494272400308546e-07,0.0,5.591001033782959,26.653916955325766
"A(p=17,f=0.40,h=128,lr=0.01,wd=1.0,max=40000)",22,37460,1.0,2.1146689732631785e-07,0.0,5.592519760131836,26.653902918856605
"A(p=17,f=0.40,h=128,lr=0.01,wd=1.0,max=40000)",22,37480,1.0,2.2183292003319366e-07,0.0,5.591268539428711,26.652857588668162
"A(p=17,f=0.40,h=128,lr=0.01,wd=1.0,max=40000)",22,37500,1.0,2.0732048255922564e-07,0.0,5.592954635620117,26.65543362996742
"A(p=17,f=0.40,h=128,lr=0.01,wd=1.0,max=40000)",22,37520,1.0,2.1872311606330186e-07,0.0,5.59195613861084,26.654600061738513
"A(p=17,f=0.40,h=128,lr=0.01,wd=1.0,max=40000)",22,37540,1.0,2.1561331209341006e-07,0.0,5.593931674957275,26.656314003557135
"A(p=17,f=0.40,h=128,lr=0.01,wd=1.0,max=40000)",22,37560,1.0,2.1354010470986395e-07,0.0,5.592122554779053,26.653948392829495
"A(p=17,f=0.40,h=128,lr=0.01,wd=1.0,max=40000)",22,37580,1.0,2.1354010470986395e-07,0.0,5.591999530792236,26.653991519538106
"A(p=17,f=0.40,h=128,lr=0.01,wd=1.0,max=40000)",22,37600,1.0,2.1043030073997215e-07,0.0,5.592385768890381,26.6549777684717
"A(p=17,f=0.40,h=128,lr=0.01,wd=1.0,max=40000)",22,37620,1.0,2.0939368994277174e-07,0.0,5.594511032104492,26.65783846572581
"A(p=17,f=0.40,h=128,lr=0.01,wd=1.0,max=40000)",22,37640,1.0,2.2390612741673976e-07,0.0,5.591065883636475,26.65284906012203
"A(p=17,f=0.40,h=128,lr=0.01,wd=1.0,max=40000)",22,37660,1.0,2.0317408200298814e-07,0.0,5.593857765197754,26.65630568170652
"A(p=17,f=0.40,h=128,lr=0.01,wd=1.0,max=40000)",22,37680,1.0,2.2286953083039407e-07,0.0,5.589920997619629,26.65236710809877
"A(p=17,f=0.40,h=128,lr=0.01,wd=1.0,max=40000)",22,37700,1.0,2.2597933480028587e-07,0.0,5.592343330383301,26.655266073932722
"A(p=17,f=0.40,h=128,lr=0.01,wd=1.0,max=40000)",22,37720,1.0,2.1664990867975575e-07,0.0,5.5931572914123535,26.65509469473617
"A(p=17,f=0.40,h=128,lr=0.01,wd=1.0,max=40000)",22,37740,1.0,2.2079632344684796e-07,0.0,5.592241287231445,26.65491131570504
"A(p=17,f=0.40,h=128,lr=0.01,wd=1.0,max=40000)",22,37760,1.0,2.0835709335642605e-07,0.0,5.5952935218811035,26.65749322757969
"A(p=17,f=0.40,h=128,lr=0.01,wd=1.0,max=40000)",22,37780,1.0,2.2597933480028587e-07,0.0,5.592714786529541,26.653828173080704
"A(p=17,f=0.40,h=128,lr=0.01,wd=1.0,max=40000)",22,37800,1.0,2.2183292003319366e-07,0.0,5.593831539154053,26.655673647554377
"A(p=17,f=0.40,h=128,lr=0.01,wd=1.0,max=40000)",22,37820,1.0,2.1664990867975575e-07,0.0,5.592100620269775,26.654222806571138
"A(p=17,f=0.40,h=128,lr=0.01,wd=1.0,max=40000)",22,37840,1.0,2.1768651947695616e-07,0.0,5.593432903289795,26.655078971174433
"A(p=17,f=0.40,h=128,lr=0.01,wd=1.0,max=40000)",22,37860,1.0,2.2390612741673976e-07,0.0,5.593635559082031,26.654949651925868
"A(p=17,f=0.40,h=128,lr=0.01,wd=1.0,max=40000)",22,37880,1.0,2.1768651947695616e-07,0.0,5.5941009521484375,26.655735305165987
"A(p=17,f=0.40,h=128,lr=0.01,wd=1.0,max=40000)",22,37900,1.0,2.1872311606330186e-07,0.0,5.593145847320557,26.654880497776354
"A(p=17,f=0.40,h=128,lr=0.01,wd=1.0,max=40000)",22,37920,1.0,2.1561331209341006e-07,0.0,5.591488361358643,26.653123421307548
"A(p=17,f=0.40,h=128,lr=0.01,wd=1.0,max=40000)",22,37940,1.0,2.1561331209341006e-07,0.0,5.592775821685791,26.654662403658943
"A(p=17,f=0.40,h=128,lr=0.01,wd=1.0,max=40000)",22,37960,1.0,2.0628388597287994e-07,0.0,5.595733165740967,26.65739272202829
"A(p=17,f=0.40,h=128,lr=0.01,wd=1.0,max=40000)",22,37980,1.0,2.1354010470986395e-07,0.0,5.594247817993164,26.65521453994112
"A(p=17,f=0.40,h=128,lr=0.01,wd=1.0,max=40000)",22,38000,1.0,2.1250349391266354e-07,0.0,5.593182563781738,26.654726451882933
"A(p=17,f=0.40,h=128,lr=0.01,wd=1.0,max=40000)",22,38020,1.0,2.1664990867975575e-07,0.0,5.591891765594482,26.653557961600246
"A(p=17,f=0.40,h=128,lr=0.01,wd=1.0,max=40000)",22,38040,1.0,2.1561331209341006e-07,0.0,5.592428207397461,26.654524042379595
"A(p=17,f=0.40,h=128,lr=0.01,wd=1.0,max=40000)",22,38060,1.0,2.2079632344684796e-07,0.0,5.59206485748291,26.65387241737689
"A(p=17,f=0.40,h=128,lr=0.01,wd=1.0,max=40000)",22,38080,1.0,2.1664990867975575e-07,0.0,5.593003749847412,26.654837985692467
"A(p=17,f=0.40,h=128,lr=0.01,wd=1.0,max=40000)",22,38100,1.0,2.1354010470986395e-07,0.0,5.593051433563232,26.654741973082643
"A(p=17,f=0.40,h=128,lr=0.01,wd=1.0,max=40000)",22,38120,1.0,2.1768651947695616e-07,0.0,5.592212677001953,26.654755980435112
"A(p=17,f=0.40,h=128,lr=0.01,wd=1.0,max=40000)",22,38140,1.0,2.1872311606330186e-07,0.0,5.591801643371582,26.65398956064983
"A(p=17,f=0.40,h=128,lr=0.01,wd=1.0,max=40000)",22,38160,1.0,2.1768651947695616e-07,0.0,5.592230319976807,26.65421548529932
"A(p=17,f=0.40,h=128,lr=0.01,wd=1.0,max=40000)",22,38180,1.0,2.1872311606330186e-07,0.0,5.591581344604492,26.652995932385174
"A(p=17,f=0.40,h=128,lr=0.01,wd=1.0,max=40000)",22,38200,1.0,2.0939368994277174e-07,0.0,5.593610763549805,26.656220456331646
"A(p=17,f=0.40,h=128,lr=0.01,wd=1.0,max=40000)",22,38220,1.0,2.1561331209341006e-07,0.0,5.590800762176514,26.653686195784772
"A(p=17,f=0.40,h=128,lr=0.01,wd=1.0,max=40000)",22,38240,1.0,2.1146689732631785e-07,0.0,5.591857433319092,26.654629211000568
"A(p=17,f=0.40,h=128,lr=0.01,wd=1.0,max=40000)",22,38260,1.0,2.1043030073997215e-07,0.0,5.592986106872559,26.655084240963998
"A(p=17,f=0.40,h=128,lr=0.01,wd=1.0,max=40000)",22,38280,1.0,2.1664990867975575e-07,0.0,5.590086936950684,26.652778380447256
"A(p=17,f=0.40,h=128,lr=0.01,wd=1.0,max=40000)",22,38300,1.0,2.2390612741673976e-07,0.0,5.590190887451172,26.65309418234892
"A(p=17,f=0.40,h=128,lr=0.01,wd=1.0,max=40000)",22,38320,1.0,2.1146689732631785e-07,0.0,5.593871116638184,26.65625090181714
"A(p=17,f=0.40,h=128,lr=0.01,wd=1.0,max=40000)",22,38340,1.0,2.2494272400308546e-07,0.0,5.5902323722839355,26.65282618158813
"A(p=17,f=0.40,h=128,lr=0.01,wd=1.0,max=40000)",22,38360,1.0,2.1561331209341006e-07,0.0,5.593024730682373,26.65481675021675
"A(p=17,f=0.40,h=128,lr=0.01,wd=1.0,max=40000)",22,38380,1.0,2.1250349391266354e-07,0.0,5.593421459197998,26.656572703622928
"A(p=17,f=0.40,h=128,lr=0.01,wd=1.0,max=40000)",22,38400,1.0,2.1146689732631785e-07,0.0,5.594578742980957,26.657785235613296
"A(p=17,f=0.40,h=128,lr=0.01,wd=1.0,max=40000)",22,38420,1.0,2.1354010470986395e-07,0.0,5.590902328491211,26.653093438131492
"A(p=17,f=0.40,h=128,lr=0.01,wd=1.0,max=40000)",22,38440,1.0,2.1354010470986395e-07,0.0,5.591820240020752,26.653997296257234
"A(p=17,f=0.40,h=128,lr=0.01,wd=1.0,max=40000)",22,38460,1.0,2.1664990867975575e-07,0.0,5.59396505355835,26.65536363287903
"A(p=17,f=0.40,h=128,lr=0.01,wd=1.0,max=40000)",22,38480,1.0,2.1975971264964755e-07,0.0,5.591763496398926,26.652862819606955
"A(p=17,f=0.40,h=128,lr=0.01,wd=1.0,max=40000)",22,38500,1.0,2.1975971264964755e-07,0.0,5.592667102813721,26.653975825211006
"A(p=17,f=0.40,h=128,lr=0.01,wd=1.0,max=40000)",22,38520,1.0,2.1664990867975575e-07,0.0,5.593160629272461,26.65466574919487
"A(p=17,f=0.40,h=128,lr=0.01,wd=1.0,max=40000)",22,38540,1.0,2.1043030073997215e-07,0.0,5.592984676361084,26.65514336529435
"A(p=17,f=0.40,h=128,lr=0.01,wd=1.0,max=40000)",22,38560,1.0,2.1664990867975575e-07,0.0,5.5910515785217285,26.65435592962797
"A(p=17,f=0.40,h=128,lr=0.01,wd=1.0,max=40000)",22,38580,1.0,2.2079632344684796e-07,0.0,5.590150833129883,26.653602754237998
"A(p=17,f=0.40,h=128,lr=0.01,wd=1.0,max=40000)",22,38600,1.0,2.2494272400308546e-07,0.0,5.590938091278076,26.65355691496253
"A(p=17,f=0.40,h=128,lr=0.01,wd=1.0,max=40000)",22,38620,1.0,2.0939368994277174e-07,0.0,5.5928263664245605,26.655960384730484
"A(p=17,f=0.40,h=128,lr=0.01,wd=1.0,max=40000)",22,38640,1.0,2.1354010470986395e-07,0.0,5.5910491943359375,26.65337869962551
"A(p=17,f=0.40,h=128,lr=0.01,wd=1.0,max=40000)",22,38660,1.0,2.1354010470986395e-07,0.0,5.591563701629639,26.653583568182203
"A(p=17,f=0.40,h=128,lr=0.01,wd=1.0,max=40000)",22,38680,1.0,2.1457670129620965e-07,0.0,5.591827869415283,26.65450653702633
"A(p=17,f=0.40,h=128,lr=0.01,wd=1.0,max=40000)",22,38700,1.0,2.1768651947695616e-07,0.0,5.589818954467773,26.65204641121067
"A(p=17,f=0.40,h=128,lr=0.01,wd=1.0,max=40000)",22,38720,1.0,2.1354010470986395e-07,0.0,5.593878269195557,26.65530685421751
"A(p=17,f=0.40,h=128,lr=0.01,wd=1.0,max=40000)",22,38740,1.0,2.1872311606330186e-07,0.0,5.593078136444092,26.654659466839107
"A(p=17,f=0.40,h=128,lr=0.01,wd=1.0,max=40000)",22,38760,1.0,2.1457670129620965e-07,0.0,5.593454360961914,26.65478295361603
"A(p=17,f=0.40,h=128,lr=0.01,wd=1.0,max=40000)",22,38780,1.0,2.1975971264964755e-07,0.0,5.592683792114258,26.65380849973477
"A(p=17,f=0.40,h=128,lr=0.01,wd=1.0,max=40000)",22,38800,1.0,2.1250349391266354e-07,0.0,5.593765735626221,26.655579890984505
"A(p=17,f=0.40,h=128,lr=0.01,wd=1.0,max=40000)",22,38820,1.0,2.2908913877017767e-07,0.0,5.5901570320129395,26.65164161570462
"A(p=17,f=0.40,h=128,lr=0.01,wd=1.0,max=40000)",22,38840,1.0,2.1457670129620965e-07,0.0,5.593985080718994,26.65547787712537
"A(p=17,f=0.40,h=128,lr=0.01,wd=1.0,max=40000)",22,38860,1.0,2.2079632344684796e-07,0.0,5.593332767486572,26.654917660672854
"A(p=17,f=0.40,h=128,lr=0.01,wd=1.0,max=40000)",22,38880,1.0,2.1561331209341006e-07,0.0,5.59343957901001,26.65548365361237
"A(p=17,f=0.40,h=128,lr=0.01,wd=1.0,max=40000)",22,38900,1.0,2.1664990867975575e-07,0.0,5.592103481292725,26.654685754823653
"A(p=17,f=0.40,h=128,lr=0.01,wd=1.0,max=40000)",22,38920,1.0,2.1146689732631785e-07,0.0,5.592522144317627,26.65451721839449
"A(p=17,f=0.40,h=128,lr=0.01,wd=1.0,max=40000)",22,38940,1.0,2.2183292003319366e-07,0.0,5.591188907623291,26.65315423598587
"A(p=17,f=0.40,h=128,lr=0.01,wd=1.0,max=40000)",22,38960,1.0,2.1768651947695616e-07,0.0,5.591665744781494,26.65395793677369
"A(p=17,f=0.40,h=128,lr=0.01,wd=1.0,max=40000)",22,38980,1.0,2.2079632344684796e-07,0.0,5.5908002853393555,26.6526532330867
"A(p=17,f=0.40,h=128,lr=0.01,wd=1.0,max=40000)",22,39000,1.0,2.1872311606330186e-07,0.0,5.591455459594727,26.653404505726662
"A(p=17,f=0.40,h=128,lr=0.01,wd=1.0,max=40000)",22,39020,1.0,2.2183292003319366e-07,0.0,5.589630603790283,26.65333899954353
"A(p=17,f=0.40,h=128,lr=0.01,wd=1.0,max=40000)",22,39040,1.0,2.2079632344684796e-07,0.0,5.592984676361084,26.6550657226268
"A(p=17,f=0.40,h=128,lr=0.01,wd=1.0,max=40000)",22,39060,1.0,2.1872311606330186e-07,0.0,5.5916361808776855,26.654521690790833
"A(p=17,f=0.40,h=128,lr=0.01,wd=1.0,max=40000)",22,39080,1.0,2.1250349391266354e-07,0.0,5.591966152191162,26.655211339438953
"A(p=17,f=0.40,h=128,lr=0.01,wd=1.0,max=40000)",22,39100,1.0,2.1457670129620965e-07,0.0,5.592795372009277,26.655368761358364
"A(p=17,f=0.40,h=128,lr=0.01,wd=1.0,max=40000)",22,39120,1.0,2.0835709335642605e-07,0.0,5.5920586585998535,26.655093792720123
"A(p=17,f=0.40,h=128,lr=0.01,wd=1.0,max=40000)",22,39140,1.0,2.2390612741673976e-07,0.0,5.591350555419922,26.654539597886313
"A(p=17,f=0.40,h=128,lr=0.01,wd=1.0,max=40000)",22,39160,1.0,2.1457670129620965e-07,0.0,5.592447757720947,26.655948297642936
"A(p=17,f=0.40,h=128,lr=0.01,wd=1.0,max=40000)",22,39180,1.0,2.1146689732631785e-07,0.0,5.592345714569092,26.655604501127286
"A(p=17,f=0.40,h=128,lr=0.01,wd=1.0,max=40000)",22,39200,1.0,2.1975971264964755e-07,0.0,5.591425895690918,26.65393589836493
"A(p=17,f=0.40,h=128,lr=0.01,wd=1.0,max=40000)",22,39220,1.0,2.2390612741673976e-07,0.0,5.5881805419921875,26.65130024752387
"A(p=17,f=0.40,h=128,lr=0.01,wd=1.0,max=40000)",22,39240,1.0,2.1457670129620965e-07,0.0,5.59177303314209,26.65460415830215
"A(p=17,f=0.40,h=128,lr=0.01,wd=1.0,max=40000)",22,39260,1.0,2.2079632344684796e-07,0.0,5.5915303230285645,26.65477335432785
"A(p=17,f=0.40,h=128,lr=0.01,wd=1.0,max=40000)",22,39280,1.0,2.2183292003319366e-07,0.0,5.589962482452393,26.65317470061448
"A(p=17,f=0.40,h=128,lr=0.01,wd=1.0,max=40000)",22,39300,1.0,2.1561331209341006e-07,0.0,5.5921430587768555,26.65453575282493
"A(p=17,f=0.40,h=128,lr=0.01,wd=1.0,max=40000)",22,39320,1.0,2.1664990867975575e-07,0.0,5.592819690704346,26.655612024253593
"A(p=17,f=0.40,h=128,lr=0.01,wd=1.0,max=40000)",22,39340,1.0,2.1457670129620965e-07,0.0,5.590671062469482,26.652943834625386
"A(p=17,f=0.40,h=128,lr=0.01,wd=1.0,max=40000)",22,39360,1.0,2.1457670129620965e-07,0.0,5.5925397872924805,26.65570184786057
"A(p=17,f=0.40,h=128,lr=0.01,wd=1.0,max=40000)",22,39380,1.0,2.2079632344684796e-07,0.0,5.589781761169434,26.652476218334805
"A(p=17,f=0.40,h=128,lr=0.01,wd=1.0,max=40000)",22,39400,1.0,1.9902766723589593e-07,0.0,5.592764377593994,26.656702374644055
"A(p=17,f=0.40,h=128,lr=0.01,wd=1.0,max=40000)",22,39420,1.0,2.1146689732631785e-07,0.0,5.5918145179748535,26.655036144954508
"A(p=17,f=0.40,h=128,lr=0.01,wd=1.0,max=40000)",22,39440,1.0,2.1561331209341006e-07,0.0,5.592355728149414,26.65639518527861
"A(p=17,f=0.40,h=128,lr=0.01,wd=1.0,max=40000)",22,39460,1.0,2.1768651947695616e-07,0.0,5.591207027435303,26.655362057666213
"A(p=17,f=0.40,h=128,lr=0.01,wd=1.0,max=40000)",22,39480,1.0,2.1354010470986395e-07,0.0,5.591549396514893,26.654425011287966
"A(p=17,f=0.40,h=128,lr=0.01,wd=1.0,max=40000)",22,39500,1.0,2.1664990867975575e-07,0.0,5.591909408569336,26.655823523465994
"A(p=17,f=0.40,h=128,lr=0.01,wd=1.0,max=40000)",22,39520,1.0,2.1146689732631785e-07,0.0,5.59308385848999,26.65578198481856
"A(p=17,f=0.40,h=128,lr=0.01,wd=1.0,max=40000)",22,39540,1.0,2.3219894274006947e-07,0.0,5.588400840759277,26.651732759674026
"A(p=17,f=0.40,h=128,lr=0.01,wd=1.0,max=40000)",22,39560,1.0,2.1250349391266354e-07,0.0,5.592739105224609,26.655949583311003
"A(p=17,f=0.40,h=128,lr=0.01,wd=1.0,max=40000)",22,39580,1.0,2.1872311606330186e-07,0.0,5.591560363769531,26.65404038210062
"A(p=17,f=0.40,h=128,lr=0.01,wd=1.0,max=40000)",22,39600,1.0,2.1768651947695616e-07,0.0,5.592233180999756,26.655944188956425
"A(p=17,f=0.40,h=128,lr=0.01,wd=1.0,max=40000)",22,39620,1.0,2.3012574956737808e-07,0.0,5.591475486755371,26.653365244347132
"A(p=17,f=0.40,h=128,lr=0.01,wd=1.0,max=40000)",22,39640,1.0,2.1561331209341006e-07,0.0,5.592381477355957,26.655039666680175
"A(p=17,f=0.40,h=128,lr=0.01,wd=1.0,max=40000)",22,39660,1.0,2.1146689732631785e-07,0.0,5.592623233795166,26.655831237694002
"A(p=17,f=0.40,h=128,lr=0.01,wd=1.0,max=40000)",22,39680,1.0,2.0939368994277174e-07,0.0,5.593023777008057,26.656876714644948
"A(p=17,f=0.40,h=128,lr=0.01,wd=1.0,max=40000)",22,39700,1.0,2.1354010470986395e-07,0.0,5.591304779052734,26.654599843070923
"A(p=17,f=0.40,h=128,lr=0.01,wd=1.0,max=40000)",22,39720,1.0,2.2805254218383197e-07,0.0,5.591010570526123,26.653588364874764
"A(p=17,f=0.40,h=128,lr=0.01,wd=1.0,max=40000)",22,39740,1.0,2.2286953083039407e-07,0.0,5.59006404876709,26.652423564675903
"A(p=17,f=0.40,h=128,lr=0.01,wd=1.0,max=40000)",22,39760,1.0,2.1146689732631785e-07,0.0,5.591553211212158,26.654372988945532
"A(p=17,f=0.40,h=128,lr=0.01,wd=1.0,max=40000)",22,39780,1.0,2.1457670129620965e-07,0.0,5.591972351074219,26.6548861700077
"A(p=17,f=0.40,h=128,lr=0.01,wd=1.0,max=40000)",22,39800,1.0,2.1975971264964755e-07,0.0,5.591714382171631,26.653993139111687
"A(p=17,f=0.40,h=128,lr=0.01,wd=1.0,max=40000)",22,39820,1.0,2.2183292003319366e-07,0.0,5.592057704925537,26.656157411155302
"A(p=17,f=0.40,h=128,lr=0.01,wd=1.0,max=40000)",22,39840,1.0,2.1872311606330186e-07,0.0,5.590724468231201,26.653261953261044
"A(p=17,f=0.40,h=128,lr=0.01,wd=1.0,max=40000)",22,39860,1.0,2.1250349391266354e-07,0.0,5.591864585876465,26.654300483110703
"A(p=17,f=0.40,h=128,lr=0.01,wd=1.0,max=40000)",22,39880,1.0,2.2494272400308546e-07,0.0,5.589725494384766,26.652065385627647
"A(p=17,f=0.40,h=128,lr=0.01,wd=1.0,max=40000)",22,39900,1.0,2.1457670129620965e-07,0.0,5.5918192863464355,26.65557857475344
"A(p=17,f=0.40,h=128,lr=0.01,wd=1.0,max=40000)",22,39920,1.0,2.1975971264964755e-07,0.0,5.591209888458252,26.654229101989817
"A(p=17,f=0.40,h=128,lr=0.01,wd=1.0,max=40000)",22,39940,1.0,2.2183292003319366e-07,0.0,5.591630458831787,26.6540904901097
"A(p=17,f=0.40,h=128,lr=0.01,wd=1.0,max=40000)",22,39960,1.0,2.2079632344684796e-07,0.0,5.591115951538086,26.654508127656534
"A(p=17,f=0.40,h=128,lr=0.01,wd=1.0,max=40000)",22,39980,1.0,2.1768651947695616e-07,0.0,5.592685222625732,26.65442324177207
"A(p=17,f=0.40,h=128,lr=0.01,wd=1.0,max=40000)",22,40000,1.0,2.1664990867975575e-07,0.0,5.592792987823486,26.654478780741126
