stage,seed,step,train_cross_entropy,train_accuracy,test_accuracy,n_core,train_centered_logit_rms,test_centered_logit_rms
calibration,11,0,3.431758165359497,0.05188679322600365,0.041009463369846344,1531.722025249306,0.7756815552711487,0.7718780636787415
calibration,11,25,3.0141751766204834,0.12735849618911743,0.012618296779692173,1467.889654487248,0.3525799512863159,0.34564483165740967
calibration,11,50,2.702702760696411,0.1603773534297943,0.012618296779692173,1426.2898101479564,0.7055865526199341,0.6671162247657776
calibration,11,75,2.0413994789123535,0.3349056541919708,0.009463722817599773,1404.4391974979912,1.6059061288833618,1.5912206172943115
calibration,11,100,1.1129505634307861,0.6698113083839417,0.012618296779692173,1393.636925666963,3.022797107696533,3.0932626724243164
calibration,11,125,0.38170313835144043,0.9622641801834106,0.015772869810461998,1386.4409178854175,4.952219009399414,5.121609687805176
calibration,11,150,0.09700502455234528,0.9905660152435303,0.018927445635199547,1370.9198334506088,6.958672046661377,7.251336574554443
calibration,11,175,0.04042704775929451,0.9905660152435303,0.018927445635199547,1339.4397936766024,8.241804122924805,8.581607818603516
calibration,11,200,0.02768740803003311,0.9858490824699402,0.018927445635199547,1298.3339271179395,8.83149528503418,9.19229793548584
calibration,11,225,0.022516140714287758,0.9905660152435303,0.015772869810461998,1255.3663159996736,9.150004386901855,9.520347595214844
calibration,11,250,0.014947826974093914,0.9952830076217651,0.012618296779692173,1213.1044511440482,9.38380241394043,9.771526336669922
calibration,11,275,0.011780244298279285,0.9952830076217651,0.012618296779692173,1173.1521593601717,9.610559463500977,9.965934753417969
calibration,11,300,0.010271371342241764,0.9952830076217651,0.012618296779692173,1134.6091011734638,9.799466133117676,10.156571388244629
calibration,11,325,0.009433753788471222,0.9952830076217651,0.009463722817599773,1097.452793211495,9.950901985168457,10.31083869934082
calibration,11,350,0.00870162807404995,0.9952830076217651,0.009463722817599773,1062.1266000935307,10.098560333251953,10.462891578674316
calibration,11,375,0.008268195204436779,0.9952830076217651,0.009463722817599773,1028.4342615769779,10.232168197631836,10.603271484375
calibration,11,400,0.007845286279916763,0.9952830076217651,0.009463722817599773,996.623446291256,10.377609252929688,10.757159233093262
calibration,11,425,0.0076657976023852825,0.9952830076217651,0.012618296779692173,966.3129987871425,10.50742244720459,10.893644332885742
calibration,11,450,0.007356459740549326,0.9952830076217651,0.012618296779692173,937.6973500135394,10.653725624084473,11.046889305114746
calibration,11,475,0.0072616105899214745,0.9952830076217651,0.015772869810461998,910.569681592597,10.792830467224121,11.18542194366455
calibration,11,500,0.0070679220370948315,0.9952830076217651,0.015772869810461998,884.5067618793034,10.915937423706055,11.315176010131836
calibration,11,525,0.006947624031454325,0.9952830076217651,0.015772869810461998,860.3955429926858,11.090569496154785,11.49476146697998
calibration,11,550,0.00687776692211628,0.9952830076217651,0.015772869810461998,837.224474209403,11.234612464904785,11.642736434936523
calibration,11,575,0.006796031259000301,0.9952830076217651,0.015772869810461998,815.3144916262373,11.399843215942383,11.816667556762695
calibration,11,600,0.006749285850673914,0.9952830076217651,0.015772869810461998,794.3046188731305,11.532240867614746,11.950451850891113
calibration,11,625,0.012297284789383411,0.9952830076217651,0.018927445635199547,770.89215197353,11.538986206054688,11.853144645690918
calibration,11,650,0.00780147360637784,0.9952830076217651,0.012618296779692173,745.6259941253616,10.993285179138184,11.25034236907959
calibration,11,675,0.007397185079753399,0.9952830076217651,0.015772869810461998,720.1071575058473,10.568120002746582,10.816559791564941
calibration,11,700,0.007443793583661318,0.9952830076217651,0.015772869810461998,695.7268879191158,10.147732734680176,10.394749641418457
calibration,11,725,0.007515279576182365,0.9952830076217651,0.012618296779692173,673.7301557298836,9.855552673339844,10.09970760345459
calibration,11,750,0.00749850831925869,0.9952830076217651,0.012618296779692173,654.3863445975684,9.728843688964844,9.97174072265625
calibration,11,775,0.007721509784460068,0.9952830076217651,0.012618296779692173,637.4461877783674,9.74284839630127,9.987651824951172
calibration,11,800,0.007307266350835562,0.9952830076217651,0.012618296779692173,621.8960616846064,9.804281234741211,10.055438995361328
calibration,11,825,0.006850311998277903,1.0,0.012618296779692173,608.3815906381733,9.980276107788086,10.242673873901367
calibration,11,850,0.0008308294345624745,1.0,0.009463722817599773,599.2502518760192,10.380231857299805,10.637153625488281
calibration,11,875,0.00042425215360708535,1.0,0.009463722817599773,589.1513891965827,10.780427932739258,11.057573318481445
calibration,11,900,0.00034440463059581816,1.0,0.009463722817599773,577.2037423234937,10.884246826171875,11.148178100585938
calibration,11,925,0.000284565583569929,1.0,0.009463722817599773,566.2143140758569,11.025022506713867,11.291487693786621
calibration,11,950,0.00022343502496369183,1.0,0.009463722817599773,556.4419610722896,11.232398986816406,11.503846168518066
calibration,11,975,0.0001710060314508155,1.0,0.009463722817599773,547.509021704104,11.46761703491211,11.745382308959961
calibration,11,1000,0.00013013294665142894,1.0,0.009463722817599773,539.1609545005392,11.707605361938477,11.992039680480957
calibration,11,1025,9.905340994009748e-05,1.0,0.009463722817599773,531.3028415011223,11.945799827575684,12.237101554870605
calibration,11,1050,7.547611312475055e-05,1.0,0.012618296779692173,523.8988052065241,12.180892944335938,12.47935676574707
calibration,11,1075,5.7549263146938756e-05,1.0,0.012618296779692173,516.924037584451,12.41294002532959,12.7188081741333
calibration,11,1100,4.3908679799642414e-05,1.0,0.012618296779692173,510.35407916097495,12.641700744628906,12.955181121826172
calibration,11,1125,3.352287603775039e-05,1.0,0.018927445635199547,504.1630316231282,12.86722183227539,13.188323974609375
calibration,11,1150,2.5607043426134624e-05,1.0,0.022082019597291946,498.32712126814386,13.089434623718262,13.418076515197754
calibration,11,1175,1.9559050997486338e-05,1.0,0.022082019597291946,492.8237608473354,13.308770179748535,13.644770622253418
calibration,11,1200,1.4920125067874324e-05,1.0,0.022082019597291946,487.62654639219784,13.524273872375488,13.867321968078613
calibration,11,1225,1.1387772246962413e-05,1.0,0.022082019597291946,482.7070867955764,13.736270904541016,14.085712432861328
calibration,11,1250,8.677485311636701e-06,1.0,0.022082019597291946,478.03771555529204,13.943318367004395,14.298279762268066
calibration,11,1275,6.618334737140685e-06,1.0,0.025236593559384346,473.58903997755743,14.145745277404785,14.506001472473145
calibration,11,1300,5.058504939370323e-06,1.0,0.025236593559384346,469.3390020512965,14.340043067932129,14.706446647644043
calibration,11,1325,3.871479748340789e-06,1.0,0.025236593559384346,465.2985071437175,14.528804779052734,14.901503562927246
calibration,11,1350,2.9751654437859543e-06,1.0,0.025236593559384346,461.46557922721007,14.709050178527832,15.089301109313965
calibration,11,1375,2.295337480973103e-06,1.0,0.025236593559384346,457.82542733573945,14.884720802307129,15.273965835571289
calibration,11,1400,2.092906925099669e-06,1.0,0.025236593559384346,454.3917186437719,15.05716323852539,15.4481201171875
calibration,11,1425,0.00962160062044859,1.0,0.015772869810461998,443.77903857008323,12.9815034866333,13.153963088989258
calibration,11,1450,0.001327916281297803,1.0,0.018927445635199547,432.5950737130086,12.069717407226562,12.238883018493652
calibration,11,1475,0.0009298137156292796,1.0,0.018927445635199547,421.368365747009,11.43043041229248,11.598712921142578
calibration,11,1500,0.0009872581576928496,1.0,0.018927445635199547,410.64382192941855,10.74998950958252,10.912332534790039
calibration,11,1525,0.0011131048668175936,1.0,0.018927445635199547,400.68076414459597,10.127324104309082,10.281352043151855
calibration,11,1550,0.0012289900332689285,1.0,0.018927445635199547,391.583731008387,9.573834419250488,9.720364570617676
calibration,11,1575,0.0013397822622209787,1.0,0.018927445635199547,383.43919255102344,9.113105773925781,9.25447940826416
calibration,11,1600,0.0014514225767925382,1.0,0.018927445635199547,376.36864928556463,8.748801231384277,8.887166976928711
calibration,11,1625,0.001540833036415279,1.0,0.018927445635199547,370.54671632435554,8.481380462646484,8.619026184082031
calibration,11,1650,0.0015406229067593813,1.0,0.015772869810461998,366.1211250900765,8.31717586517334,8.457468032836914
calibration,11,1675,0.001432937104254961,1.0,0.015772869810461998,363.08298678273934,8.265589714050293,8.410806655883789
calibration,11,1700,0.0012448190245777369,1.0,0.018927445635199547,361.25454744851675,8.319948196411133,8.470464706420898
calibration,11,1725,0.0010225774021819234,1.0,0.018927445635199547,360.3432545788562,8.449045181274414,8.605949401855469
calibration,11,1750,0.0008113223011605442,1.0,0.022082019597291946,360.03371192176394,8.621915817260742,8.78657054901123
calibration,11,1775,0.0006320477114059031,1.0,0.025236593559384346,360.0916400665721,8.817628860473633,8.990938186645508
calibration,11,1800,0.00048799137584865093,1.0,0.025236593559384346,360.3782858891164,9.024293899536133,9.20675277709961
calibration,11,1825,0.00037524057552218437,1.0,0.025236593559384346,360.818264662267,9.235580444335938,9.42750072479248
calibration,11,1850,0.00028814063989557326,1.0,0.025236593559384346,361.37259550275155,9.448075294494629,9.64997386932373
calibration,11,1875,0.00022121009533293545,1.0,0.025236593559384346,362.0220886392606,9.660382270812988,9.873151779174805
calibration,11,1900,0.00016985183174256235,1.0,0.025236593559384346,362.7571632667232,9.871980667114258,10.09691333770752
calibration,11,1925,0.00013042904902249575,1.0,0.025236593559384346,363.5712441870807,10.0826997756958,10.321344375610352
calibration,11,1950,0.00010016718442784622,1.0,0.025236593559384346,364.45874427584636,10.292502403259277,10.546587944030762
calibration,11,1975,7.696218381170183e-05,1.0,0.025236593559384346,365.41424371167125,10.501559257507324,10.772756576538086
calibration,11,2000,5.9147540014237165e-05,1.0,0.028391167521476746,366.43403835986066,10.71017837524414,11.00003433227539
calibration,11,2025,4.547310891211964e-05,1.0,0.028391167521476746,367.51445032361977,10.918792724609375,11.228707313537598
calibration,11,2050,3.4966349630849436e-05,1.0,0.028391167521476746,368.6536306101665,11.127778053283691,11.459145545959473
calibration,11,2075,2.688180211407598e-05,1.0,0.028391167521476746,369.84495232692643,11.336658477783203,11.690956115722656
calibration,11,2100,2.068029425572604e-05,1.0,0.025236593559384346,371.0810921089638,11.544983863830566,11.923095703125
calibration,11,2125,0.4907214939594269,0.8301886916160583,0.022082019597291946,370.1634546842057,7.6645636558532715,8.090880393981934
calibration,11,2150,0.0395079106092453,1.0,0.022082019597291946,366.4975869263775,7.056695461273193,7.505067825317383
calibration,11,2175,0.008989005349576473,1.0,0.022082019597291946,361.42194415303817,7.688605308532715,8.080512046813965
calibration,11,2200,0.006204895209521055,1.0,0.022082019597291946,355.5540419894216,7.651893615722656,8.02725887298584
calibration,11,2225,0.005481907166540623,1.0,0.022082019597291946,349.8850858540955,7.50147819519043,7.839813232421875
calibration,11,2250,0.005043286830186844,1.0,0.028391167521476746,344.65234028694385,7.3547868728637695,7.655266761779785
calibration,11,2275,0.004813381005078554,1.0,0.037854891270399094,339.91885393977066,7.187926292419434,7.455020427703857
calibration,11,2300,0.0048292214050889015,1.0,0.034700315445661545,335.7629828087088,6.99186897277832,7.233883380889893
calibration,11,2325,0.005047685466706753,1.0,0.034700315445661545,332.3281699601794,6.782464981079102,7.012097358703613
calibration,11,2350,0.00525849312543869,1.0,0.034700315445661545,329.81303769012914,6.603607654571533,6.831167697906494
calibration,11,2375,0.005238617304712534,1.0,0.028391167521476746,328.3810143831095,6.492342948913574,6.723831653594971
calibration,11,2400,0.004888810683041811,1.0,0.028391167521476746,328.07394009000143,6.468340873718262,6.709749221801758
calibration,11,2425,0.004258114844560623,1.0,0.028391167521476746,328.7751114339878,6.532381057739258,6.789483547210693
calibration,11,2450,0.0035029889550060034,1.0,0.028391167521476746,330.24052104290564,6.6674113273620605,6.9436798095703125
calibration,11,2475,0.0027738746721297503,1.0,0.025236593559384346,332.19530361308085,6.849905014038086,7.146752834320068
calibration,11,2500,0.0021507914643734694,1.0,0.025236593559384346,334.4194414056178,7.059244155883789,7.377462387084961
calibration,11,2525,0.001651272876188159,1.0,0.022082019597291946,336.77578198544546,7.282337188720703,7.622033596038818
calibration,11,2550,0.0012624823721125722,1.0,0.018927445635199547,339.1923393616628,7.51262903213501,7.873277187347412
calibration,11,2575,0.0009636100148782134,1.0,0.022082019597291946,341.63362343037613,7.746884346008301,8.127763748168945
calibration,11,2600,0.0007350454106926918,1.0,0.025236593559384346,344.08092598074194,7.983413219451904,8.383878707885742
calibration,11,2625,0.0005606023478321731,1.0,0.025236593559384346,346.5233800721557,8.221306800842285,8.640833854675293
calibration,11,2650,0.00042760762153193355,1.0,0.025236593559384346,348.9540702446772,8.46010684967041,8.898233413696289
calibration,11,2675,0.0003262187819927931,1.0,0.025236593559384346,351.3682834051433,8.699535369873047,9.155768394470215
calibration,11,2700,0.0002489386824890971,1.0,0.025236593559384346,353.7626583545484,8.939489364624023,9.413296699523926
calibration,11,2725,0.00018998963059857488,1.0,0.028391167521476746,356.13445119877105,9.179825782775879,9.67061996459961
calibration,11,2750,0.00014503071724902838,1.0,0.028391167521476746,358.48078866005295,9.420403480529785,9.927583694458008
calibration,11,2775,0.00011073827772634104,1.0,0.028391167521476746,360.79943704869,9.661164283752441,10.184154510498047
calibration,11,2800,8.454862836515531e-05,1.0,0.031545739620923996,363.08852312040386,9.902053833007812,10.440339088439941
calibration,11,2825,6.456382106989622e-05,1.0,0.031545739620923996,365.3452187938855,10.142792701721191,10.695906639099121
calibration,11,2850,4.9306690925732255e-05,1.0,0.031545739620923996,367.5673644635863,10.382952690124512,10.950444221496582
calibration,11,2875,3.766755253309384e-05,1.0,0.028391167521476746,369.7533608814022,10.62228012084961,11.203773498535156
calibration,11,2900,2.878514897020068e-05,1.0,0.028391167521476746,371.9022837541502,10.860552787780762,11.455649375915527
calibration,11,2925,2.2012927729520015e-05,1.0,0.028391167521476746,374.01415314949566,11.097489356994629,11.70588493347168
calibration,11,2950,1.6840946045704186e-05,1.0,0.028391167521476746,376.08912131190357,11.332855224609375,11.954310417175293
calibration,11,2975,1.2885745491075795e-05,1.0,0.031545739620923996,378.12867379503894,11.567021369934082,12.201371192932129
calibration,11,3000,9.873504495772067e-06,1.0,0.031545739620923996,380.1321637237037,11.799336433410645,12.446702003479004
calibration,11,3025,7.581562840641709e-06,1.0,0.034700315445661545,382.10135578483863,12.030385971069336,12.69058609008789
calibration,11,3050,5.807495199405821e-06,1.0,0.031545739620923996,384.0351945473653,12.259665489196777,12.932957649230957
calibration,11,3075,0.44060778617858887,0.8632075190544128,0.028391167521476746,385.03487804750296,7.867420673370361,8.198098182678223
calibration,11,3100,0.036118678748607635,1.0,0.022082019597291946,383.9174064091559,7.3865814208984375,7.556142330169678
calibration,11,3125,0.007456309162080288,1.0,0.025236593559384346,380.3626241039063,8.078328132629395,8.317174911499023
calibration,11,3150,0.005522788502275944,1.0,0.031545739620923996,375.8325773503252,7.743384838104248,8.010211944580078
calibration,11,3175,0.005421184003353119,1.0,0.031545739620923996,371.50613106459707,7.4125285148620605,7.681594371795654
calibration,11,3200,0.00502364244312048,1.0,0.031545739620923996,367.69963641305395,7.244449138641357,7.511579990386963
calibration,11,3225,0.004493445623666048,1.0,0.034700315445661545,364.4173093761534,7.150068283081055,7.411102771759033
calibration,11,3250,0.004028203431516886,1.0,0.034700315445661545,361.64611506474444,7.070045471191406,7.326296329498291
calibration,11,3275,0.003638449590653181,1.0,0.034700315445661545,359.41192187014985,6.9910888671875,7.245113849639893
calibration,11,3300,0.003323670942336321,1.0,0.031545739620923996,357.7640899774787,6.905481815338135,7.158620357513428
calibration,11,3325,0.0030768979340791702,1.0,0.031545739620923996,356.7850924963843,6.818398952484131,7.07304048538208
calibration,11,3350,0.0028432756662368774,1.0,0.025236593559384346,356.586142782873,6.754628658294678,7.014801025390625
calibration,11,3375,0.0025564301759004593,1.0,0.028391167521476746,357.2444407069817,6.7453389167785645,7.014709949493408
calibration,11,3400,0.0021965967025607824,1.0,0.028391167521476746,358.72575547542596,6.806299686431885,7.086819648742676
calibration,11,3425,0.0018016926478594542,1.0,0.028391167521476746,360.86961218308585,6.9305524826049805,7.223319053649902
calibration,11,3450,0.001427913666702807,1.0,0.028391167521476746,363.4486257348028,7.10023832321167,7.406439304351807
calibration,11,3475,0.0011093933135271072,1.0,0.028391167521476746,366.26280261369726,7.297147274017334,7.617562770843506
calibration,11,3500,0.0008533606305718422,1.0,0.028391167521476746,369.1830057604322,7.508777618408203,7.843571662902832
calibration,11,3525,0.0006533858831971884,1.0,0.028391167521476746,372.1385350585373,7.728204727172852,8.07715129852295
calibration,11,3550,0.0004992130561731756,1.0,0.028391167521476746,375.0936781273247,7.951847076416016,8.314526557922363
calibration,11,3575,0.0003810824127867818,1.0,0.028391167521476746,378.0301829893242,8.177815437316895,8.553723335266113
calibration,11,3600,0.00029079249361529946,1.0,0.028391167521476746,380.9384570201707,8.405020713806152,8.793593406677246
calibration,11,3625,0.0002218862355221063,1.0,0.028391167521476746,383.81341406572955,8.632747650146484,9.03342056274414
calibration,11,3650,0.00016933736333157867,1.0,0.031545739620923996,386.65270498205734,8.860488891601562,9.272709846496582
calibration,11,3675,0.0001292629458475858,1.0,0.031545739620923996,389.45547973595484,9.087867736816406,9.51113510131836
calibration,11,3700,9.871488873613998e-05,1.0,0.031545739620923996,392.2216977954046,9.314550399780273,9.748420715332031
calibration,11,3725,7.541201921412721e-05,1.0,0.031545739620923996,394.95229253823527,9.540321350097656,9.984408378601074
calibration,11,3750,5.763220906374045e-05,1.0,0.031545739620923996,397.6475855719827,9.764983177185059,10.218923568725586
calibration,11,3775,4.408258610055782e-05,1.0,0.034700315445661545,400.3085078516074,9.988409042358398,10.45193862915039
calibration,11,3800,3.373325307620689e-05,1.0,0.034700315445661545,402.93434676508457,10.210208892822266,10.682977676391602
calibration,11,3825,2.582750494184438e-05,1.0,0.034700315445661545,405.525625832215,10.430309295654297,10.911888122558594
calibration,11,3850,1.9798611901933327e-05,1.0,0.037854891270399094,408.08335241059876,10.648945808410645,11.138937950134277
calibration,11,3875,1.516867177997483e-05,1.0,0.04416403919458389,410.60698256256126,10.865876197814941,11.363709449768066
calibration,11,3900,1.1632940186245833e-05,1.0,0.04416403919458389,413.09726577047127,11.081220626831055,11.586575508117676
calibration,11,3925,8.924902431317605e-06,1.0,0.04416403919458389,415.5564796951664,11.295123100280762,11.807494163513184
calibration,11,3950,6.854504590592114e-06,1.0,0.04416403919458389,417.9749117278927,11.505452156066895,12.02434253692627
calibration,11,3975,5.2637474254879635e-06,1.0,0.04416403919458389,420.36048823390996,11.71550464630127,12.239693641662598
calibration,11,4000,4.050855750392657e-06,1.0,0.04416403919458389,422.70667849958267,11.920907974243164,12.451566696166992
calibration,11,4025,3.127550598946982e-06,1.0,0.04416403919458389,425.0109727607477,12.124176979064941,12.65980052947998
calibration,11,4050,2.4106107048282865e-06,1.0,0.04416403919458389,427.28989544766773,12.329690933227539,12.870010375976562
calibration,11,4075,1.8544895965533215e-06,1.0,0.04416403919458389,429.5143014271793,12.534073829650879,13.078567504882812
calibration,11,4100,0.8679345846176147,0.7169811129570007,0.025236593559384346,430.24366536074876,6.915653705596924,7.047586917877197
calibration,11,4125,0.09976504743099213,0.9952830076217651,0.034700315445661545,427.42631874322495,5.379673957824707,5.654677391052246
calibration,11,4150,0.030967140570282936,1.0,0.031545739620923996,424.13990775805917,5.8557538986206055,6.183974266052246
calibration,11,4175,0.018344221636652946,1.0,0.041009463369846344,420.6635409334366,6.1213297843933105,6.464972019195557
calibration,11,4200,0.012829254381358624,1.0,0.041009463369846344,417.21754834974195,6.323943138122559,6.664661884307861
calibration,11,4225,0.00903223268687725,1.0,0.034700315445661545,413.90363871610157,6.534420967102051,6.869901180267334
calibration,11,4250,0.006421405356377363,1.0,0.034700315445661545,410.72800913381326,6.735141277313232,7.053818702697754
calibration,11,4275,0.004849569406360388,1.0,0.041009463369846344,407.692436415236,6.869517803192139,7.162266731262207
calibration,11,4300,0.004070211201906204,1.0,0.041009463369846344,404.8655790040294,6.894867420196533,7.15590763092041
calibration,11,4325,0.003816891461610794,1.0,0.037854891270399094,402.38787916878056,6.809651851654053,7.040105819702148
calibration,11,4350,0.003827233100309968,1.0,0.041009463369846344,400.4464592235734,6.659411907196045,6.867666721343994
calibration,11,4375,0.003864387748762965,1.0,0.041009463369846344,399.2339036011372,6.512497901916504,6.708361625671387
calibration,11,4400,0.0037677460350096226,1.0,0.041009463369846344,398.89266235630527,6.424413681030273,6.615878105163574
calibration,11,4425,0.003498698817566037,1.0,0.041009463369846344,399.4720330003185,6.414459705352783,6.60946798324585
calibration,11,4450,0.003071602899581194,1.0,0.041009463369846344,400.9287653987588,6.480525970458984,6.684014320373535
calibration,11,4475,0.0025495155714452267,1.0,0.04416403919458389,403.0978451441398,6.6106038093566895,6.826903820037842
calibration,11,4500,0.002029657131060958,1.0,0.041009463369846344,405.72784961233816,6.78618860244751,7.018389701843262
calibration,11,4525,0.0015777505468577147,1.0,0.037854891270399094,408.5929731000114,6.989476680755615,7.238003730773926
calibration,11,4550,0.0012128074886277318,1.0,0.037854891270399094,411.55135576258374,7.208086967468262,7.472344875335693
calibration,11,4575,0.0009280017111450434,1.0,0.037854891270399094,414.5337289247298,7.434647560119629,7.714216232299805
calibration,11,4600,0.0007088252459652722,1.0,0.037854891270399094,417.5107202539903,7.665322303771973,7.960144519805908
calibration,11,4625,0.0005410599405877292,1.0,0.037854891270399094,420.47054508935594,7.898182392120361,8.20845890045166
calibration,11,4650,0.0004129868757445365,1.0,0.037854891270399094,423.40779707937276,8.132248878479004,8.458206176757812
calibration,11,4675,0.00031528330873697996,1.0,0.034700315445661545,426.3196449796539,8.36704158782959,8.70878791809082
calibration,11,4700,0.00024080650473479182,1.0,0.034700315445661545,429.20422928480764,8.60224723815918,8.959779739379883
calibration,11,4725,0.000184025673661381,1.0,0.037854891270399094,432.0607953723328,8.837813377380371,9.211043357849121
calibration,11,4750,0.00014070003817323595,1.0,0.034700315445661545,434.8888868972104,9.07364559173584,9.462458610534668
calibration,11,4775,0.0001076428234227933,1.0,0.034700315445661545,437.6881720381757,9.309776306152344,9.713964462280273
calibration,11,4800,8.240003080572933e-05,1.0,0.034700315445661545,440.45904887668735,9.546226501464844,9.965594291687012
calibration,11,4825,6.310573371592909e-05,1.0,0.034700315445661545,443.2016248460147,9.782851219177246,10.21705436706543
calibration,11,4850,4.836198058910668e-05,1.0,0.034700315445661545,445.9157925493411,10.019746780395508,10.468473434448242
calibration,11,4875,3.7073732528369874e-05,1.0,0.034700315445661545,448.6016523793705,10.256421089172363,10.7194185256958
calibration,11,4900,1.6468844413757324,0.5424528121948242,0.028391167521476746,450.7443973584226,2.0084660053253174,2.2151095867156982
calibration,11,4925,0.35251492261886597,0.9245283007621765,0.037854891270399094,456.4720772387491,4.860500335693359,5.114547252655029
calibration,11,4950,0.04725419729948044,0.9905660152435303,0.041009463369846344,459.3825900771648,7.444798946380615,7.580674171447754
calibration,11,4975,0.02397248148918152,0.9952830076217651,0.05362775921821594,457.19811644664213,7.701058864593506,7.773708820343018
calibration,11,5000,0.010847795754671097,1.0,0.04731861129403114,454.2169564239512,7.582150936126709,7.618836879730225
calibration,11,5025,0.007172368001192808,1.0,0.04416403919458389,451.6257446339047,7.34704065322876,7.348098278045654
calibration,11,5050,0.0062777213752269745,1.0,0.04416403919458389,449.38282476555025,7.14492130279541,7.143598556518555
calibration,11,5075,0.005690406076610088,1.0,0.05047318711876869,447.6771349961895,6.954809665679932,6.963950157165527
calibration,11,5100,0.005079174414277077,1.0,0.05047318711876869,446.5795686048011,6.809201240539551,6.832815647125244
calibration,11,5125,0.0044553931802511215,1.0,0.05362775921821594,446.09260285040244,6.721325397491455,6.756303787231445
calibration,11,5150,0.0038539047818630934,1.0,0.05362775921821594,446.20169651538066,6.689239978790283,6.734079360961914
calibration,11,5175,0.003268937347456813,1.0,0.05362775921821594,446.90135369119236,6.712531566619873,6.765203475952148
calibration,11,5200,0.002692759269848466,1.0,0.05678233504295349,448.20055733159614,6.785950183868408,6.84446907043457
calibration,11,5225,0.0021854075603187084,1.0,0.05362775921821594,450.00991273393254,6.896562099456787,6.961421966552734
calibration,11,5250,0.001739473664201796,1.0,0.05047318711876869,452.2126174899074,7.040164470672607,7.111475467681885
calibration,11,5275,0.001362405251711607,1.0,0.05047318711876869,454.7090719283156,7.207790374755859,7.287219047546387
calibration,11,5300,0.0010563130490481853,1.0,0.05362775921821594,457.39091578658224,7.391313076019287,7.479988098144531
calibration,11,5325,0.0008143933955579996,1.0,0.04731861129403114,460.1805284822553,7.5850725173950195,7.683517932891846
calibration,11,5350,0.0006259692017920315,1.0,0.04731861129403114,463.0320934925636,7.785737991333008,7.893914699554443
calibration,11,5375,0.0004803668998647481,1.0,0.04731861129403114,465.9207310192142,7.9913105964660645,8.1088228225708
calibration,11,5400,0.0003683062386699021,1.0,0.04731861129403114,468.8329648471161,8.200584411621094,8.327030181884766
calibration,11,5425,0.0002822510141413659,1.0,0.04731861129403114,471.7605261922144,8.4126558303833,8.547645568847656
calibration,11,5450,0.00021624939108733088,1.0,0.04731861129403114,474.6967469411354,8.626810073852539,8.769887924194336
calibration,11,5475,0.00016577367205172777,1.0,0.04731861129403114,477.6355988396325,8.845939636230469,8.995285034179688
calibration,11,5500,1.3684552907943726,0.5849056839942932,0.031545739620923996,482.725984542376,2.4729998111724854,2.4584624767303467
calibration,11,5525,0.1143692284822464,0.9811320900917053,0.034700315445661545,492.41555980038544,6.673162937164307,6.708636283874512
calibration,11,5550,0.01370831299573183,1.0,0.041009463369846344,493.2996921503803,8.383591651916504,8.375018119812012
calibration,11,5575,0.006568847224116325,1.0,0.04416403919458389,490.0760285048874,8.206246376037598,8.208309173583984
calibration,11,5600,0.00582211185246706,1.0,0.041009463369846344,486.6107215016971,7.911187648773193,7.912120342254639
calibration,11,5625,0.0055032530799508095,1.0,0.04416403919458389,483.66391095743444,7.664800643920898,7.649998664855957
calibration,11,5650,0.00503135472536087,1.0,0.04416403919458389,481.36450698026425,7.472955226898193,7.448315620422363
calibration,11,5675,0.0044380072504282,1.0,0.041009463369846344,479.77893531665086,7.3313798904418945,7.298445224761963
calibration,11,5700,0.0038688613567501307,1.0,0.04416403919458389,478.8874427553291,7.235639572143555,7.202707767486572
calibration,11,5725,0.003324334044009447,1.0,0.037854891270399094,478.6880844938765,7.191464424133301,7.16660213470459
calibration,11,5750,0.0027866605669260025,1.0,0.04416403919458389,479.1605080405408,7.200657367706299,7.188724517822266
calibration,11,5775,0.0022784853354096413,1.0,0.04416403919458389,480.2129173528235,7.261340618133545,7.265564918518066
calibration,11,5800,0.0018152460688725114,1.0,0.037854891270399094,481.7180515381837,7.3647308349609375,7.3859124183654785
calibration,11,5825,0.0014269049279391766,1.0,0.034700315445661545,483.6105306163971,7.5042314529418945,7.541164398193359
calibration,11,5850,0.001113501493819058,1.0,0.034700315445661545,485.8312013109582,7.6761794090271,7.725224494934082
calibration,11,5875,0.0008616886916570365,1.0,0.031545739620923996,488.27520531969606,7.873213768005371,7.931854724884033
calibration,11,5900,0.0006629476556554437,1.0,0.031545739620923996,490.8634003532073,8.088130950927734,8.153250694274902
calibration,11,5925,0.0005083364085294306,1.0,0.031545739620923996,493.5449456809703,8.315441131591797,8.384403228759766
calibration,11,5950,2.0487327575683594,0.37735849618911743,0.04416403919458389,496.32357089903485,2.375811815261841,2.436678171157837
calibration,11,5975,0.7235047817230225,0.8207547068595886,0.028391167521476746,504.02056544304503,3.2430641651153564,3.4228620529174805
calibration,11,6000,0.056538842618465424,0.9952830076217651,0.025236593559384346,510.31909591297466,6.808830261230469,6.876286506652832
calibration,11,6025,0.013975068926811218,1.0,0.041009463369846344,509.8661757408608,7.1691999435424805,7.202317237854004
calibration,11,6050,0.00954735279083252,1.0,0.041009463369846344,507.36890940042775,7.0706000328063965,7.074203014373779
calibration,11,6075,0.008313269354403019,1.0,0.041009463369846344,504.7798215209851,6.903361797332764,6.891709327697754
calibration,11,6100,0.007383549585938454,1.0,0.04416403919458389,502.69734389062234,6.761257171630859,6.737467288970947
calibration,11,6125,0.006428381893783808,1.0,0.04416403919458389,501.2032800665932,6.6651201248168945,6.633667469024658
calibration,11,6150,0.005472500808537006,1.0,0.04416403919458389,500.2778138082624,6.613112926483154,6.575888633728027
calibration,11,6175,0.004598889034241438,1.0,0.04416403919458389,499.9559012842759,6.597056865692139,6.559980392456055
calibration,11,6200,0.0038132411427795887,1.0,0.04731861129403114,500.2644482544693,6.617920398712158,6.58646297454834
calibration,11,6225,0.0031083980575203896,1.0,0.04416403919458389,501.13620858919757,6.676941394805908,6.655801296234131
calibration,11,6250,0.0024847323074936867,1.0,0.04416403919458389,502.46385866646557,6.774476051330566,6.763774871826172
calibration,11,6275,0.0019542959053069353,1.0,0.037854891270399094,504.13375660966864,6.904137134552002,6.903472900390625
calibration,11,6300,0.0015219970373436809,1.0,0.031545739620923996,506.05765262242664,7.0569167137146,7.066952705383301
calibration,11,6325,0.0011786860413849354,1.0,0.031545739620923996,508.17389147115955,7.226257801055908,7.246924877166748
calibration,11,6350,0.0009094832348637283,1.0,0.034700315445661545,510.4383279577849,7.408510208129883,7.438468933105469
calibration,11,6375,0.0006997338496148586,1.0,0.034700315445661545,512.81604653533,7.60111665725708,7.639003276824951
calibration,11,6400,0.0005371436127461493,1.0,0.034700315445661545,515.2779412003074,7.801657676696777,7.84689998626709
calibration,11,6425,0.00041172097553499043,1.0,0.037854891270399094,517.8005990690259,8.00809097290039,8.060458183288574
calibration,11,6450,0.00033622566843405366,1.0,0.034700315445661545,520.368937249359,8.231596946716309,8.283584594726562
calibration,11,6475,0.6488167643547058,0.8301886916160583,0.034700315445661545,523.4097730635306,3.677434206008911,3.7004904747009277
calibration,11,6500,0.0495588518679142,0.9952830076217651,0.04416403919458389,525.7223520116086,6.594303131103516,6.656235218048096
calibration,11,6525,0.017093215137720108,1.0,0.041009463369846344,524.1478793208875,6.917248725891113,6.981282711029053
calibration,11,6550,0.011557593941688538,1.0,0.041009463369846344,521.7522585857674,6.793008327484131,6.85626220703125
calibration,11,6575,0.010078493505716324,1.0,0.041009463369846344,519.5932317406051,6.641626358032227,6.703098297119141
calibration,11,6600,0.008963984437286854,1.0,0.037854891270399094,518.0213448765041,6.5293288230896,6.591057777404785
calibration,11,6625,0.007805713452398777,1.0,0.037854891270399094,517.118667126894,6.461578845977783,6.527777671813965
calibration,11,6650,0.006644026841968298,1.0,0.037854891270399094,516.9002588076503,6.4378204345703125,6.50818395614624
calibration,11,6675,0.005543516017496586,1.0,0.037854891270399094,517.3496887528662,6.456251621246338,6.524649143218994
calibration,11,6700,0.004539340268820524,1.0,0.041009463369846344,518.4258660018202,6.514789581298828,6.577130317687988
calibration,11,6725,0.0036539535503834486,1.0,0.04416403919458389,520.0453755382379,6.609065532684326,6.664212703704834
calibration,11,6750,0.002898308914154768,1.0,0.05047318711876869,522.0985484892062,6.732211112976074,6.781904697418213
calibration,11,6775,0.002270809840410948,1.0,0.05047318711876869,524.4907048778306,6.87922477722168,6.9239583015441895
calibration,11,6800,0.0017620845464989543,1.0,0.05047318711876869,527.136776484801,7.046192169189453,7.0848283767700195
calibration,11,6825,0.001353264320641756,1.0,0.05047318711876869,529.9268819495175,7.229050159454346,7.259524345397949
calibration,11,6850,0.001018871320411563,1.0,0.05047318711876869,532.7331574600673,7.423033714294434,7.449851036071777
calibration,11,6875,0.0007702751317992806,1.0,0.05047318711876869,535.5620775004369,7.611128807067871,7.645373821258545
calibration,11,6900,0.0005918476381339133,1.0,0.05047318711876869,538.3873331815985,7.797696113586426,7.835901737213135
calibration,11,6925,0.0004564829869195819,1.0,0.04731861129403114,541.2606045531448,7.987947463989258,8.034308433532715
calibration,11,6950,0.0003508713562041521,1.0,0.04731861129403114,544.2090337932289,8.188105583190918,8.2423677444458
calibration,11,6975,0.000268756557488814,1.0,0.04731861129403114,547.2136934024569,8.395232200622559,8.456404685974121
calibration,11,7000,0.00020549434702843428,1.0,0.04731861129403114,550.2545141847893,8.607009887695312,8.672873497009277
calibration,11,7025,0.00015706864360254258,1.0,0.04731861129403114,553.3181535332999,8.82162857055664,8.889769554138184
calibration,11,7050,0.00012008623161818832,1.0,0.04731861129403114,556.3915750301519,9.037318229675293,9.106050491333008
calibration,11,7075,1.2414309978485107,0.6037735939025879,0.034700315445661545,556.3788193265841,2.7880356311798096,2.839733123779297
calibration,11,7100,0.13279448449611664,0.9905660152435303,0.041009463369846344,559.8477597398959,5.9678449630737305,5.899035453796387
calibration,11,7125,0.01724245585501194,1.0,0.041009463369846344,560.8311677933793,7.225557804107666,7.175670146942139
calibration,11,7150,0.009626989252865314,1.0,0.05047318711876869,558.4233509463627,7.172144889831543,7.120348930358887
calibration,11,7175,0.008437279611825943,1.0,0.04731861129403114,555.6832205596278,6.966415882110596,6.894454479217529
calibration,11,7200,0.007775027304887772,1.0,0.04731861129403114,553.441752486808,6.777482032775879,6.6875505447387695
calibration,11,7225,0.007017015479505062,1.0,0.04731861129403114,551.8742266676406,6.632485389709473,6.522375106811523
calibration,11,7250,0.006164016202092171,1.0,0.04416403919458389,551.0207862042034,6.5405097007751465,6.411154747009277
calibration,11,7275,0.005257368087768555,1.0,0.04731861129403114,550.8897969975252,6.5019707679748535,6.357297420501709
calibration,11,7300,0.004375488497316837,1.0,0.05047318711876869,551.4443313524514,6.515214443206787,6.356898784637451
calibration,11,7325,0.003571365727111697,1.0,0.04416403919458389,552.596218222034,6.573161602020264,6.403954982757568
calibration,11,7350,0.0028621647506952286,1.0,0.04731861129403114,554.26145498541,6.667075157165527,6.492380142211914
calibration,11,7375,0.0022588358260691166,1.0,0.05047318711876869,556.3518031631885,6.789950370788574,6.614945411682129
calibration,11,7400,0.0017599986167624593,1.0,0.05047318711876869,558.7826188205609,6.9340362548828125,6.762002468109131
calibration,11,7425,0.0013631625333800912,1.0,0.04731861129403114,561.5141055985015,7.090928077697754,6.922913551330566
calibration,11,7450,0.0010520153446123004,1.0,0.05047318711876869,564.4832073644687,7.257564544677734,7.092623233795166
calibration,11,7475,0.00080892164260149,1.0,0.05047318711876869,567.6228760871898,7.432837009429932,7.26954984664917
calibration,11,7500,0.0006206250982359052,1.0,0.05362775921821594,570.8783793630618,7.615326881408691,7.451708793640137
calibration,11,7525,0.0004755504196509719,1.0,0.05047318711876869,574.2056702938195,7.8037495613098145,7.637696266174316
calibration,11,7550,0.00036399468081071973,1.0,0.05047318711876869,577.5706164837919,7.996364116668701,7.826200485229492
calibration,11,7575,0.0002783826203085482,1.0,0.05047318711876869,580.9502159322902,8.191461563110352,8.015920639038086
calibration,11,7600,0.00021285211551003158,1.0,0.04416403919458389,584.3297291794104,8.38775634765625,8.205759048461914
calibration,11,7625,0.00016272095672320575,1.0,0.04731861129403114,587.6993072268342,8.584416389465332,8.395442962646484
calibration,11,7650,0.00012440874706953764,1.0,0.05047318711876869,591.0529080061029,8.781108856201172,8.585054397583008
calibration,11,7675,9.514716657577083e-05,1.0,0.05047318711876869,594.3880340650906,8.977974891662598,8.774596214294434
calibration,11,7700,7.27855513105169e-05,1.0,0.05362775921821594,597.7006094864854,9.175252914428711,8.964134216308594
calibration,11,7725,5.570634675677866e-05,1.0,0.05047318711876869,600.9838757035624,9.372663497924805,9.153602600097656
calibration,11,7750,4.265940151526593e-05,1.0,0.05047318711876869,604.2290984003102,9.569793701171875,9.34279727935791
calibration,11,7775,3.267444117227569e-05,1.0,0.04731861129403114,607.4295772710283,9.7664794921875,9.531523704528809
calibration,11,7800,2.5048715542652644e-05,1.0,0.04731861129403114,610.5806034310235,9.963024139404297,9.720438003540039
calibration,11,7825,1.3251819610595703,0.6415094137191772,0.031545739620923996,606.5756300252592,2.9052252769470215,2.891340970993042
calibration,11,7850,0.10124707967042923,0.9811320900917053,0.041009463369846344,610.6764898317701,6.643517017364502,6.481481552124023
calibration,11,7875,0.015282941982150078,1.0,0.041009463369846344,610.7534359897727,7.780710697174072,7.647715091705322
calibration,11,7900,0.007769356481730938,1.0,0.037854891270399094,608.0762729661479,7.655401229858398,7.504681587219238
calibration,11,7925,0.006418135017156601,1.0,0.034700315445661545,605.4691033721341,7.40688419342041,7.24680757522583
calibration,11,7950,0.005777252838015556,1.0,0.034700315445661545,603.3151008567305,7.18900728225708,7.026341915130615
calibration,11,7975,0.005181097891181707,1.0,0.028391167521476746,601.7258391767369,7.005319595336914,6.846226215362549
calibration,11,8000,0.004556590225547552,1.0,0.028391167521476746,600.7607288890971,6.864109516143799,6.710981369018555
calibration,11,8025,0.0039239502511918545,1.0,0.025236593559384346,600.4127297919918,6.773903846740723,6.626617431640625
calibration,11,8050,0.0033343066461384296,1.0,0.025236593559384346,600.6741818525238,6.729918003082275,6.588320732116699
calibration,11,8075,0.002768320497125387,1.0,0.028391167521476746,601.5305657113614,6.731418132781982,6.5931854248046875
calibration,11,8100,0.0022420044988393784,1.0,0.028391167521476746,602.9471063565261,6.772090435028076,6.6357645988464355
calibration,11,8125,0.0017820055363699794,1.0,0.031545739620923996,604.8750758159806,6.8419575691223145,6.707029342651367
calibration,11,8150,0.0013998094946146011,1.0,0.034700315445661545,607.2274178930732,6.934842109680176,6.801690578460693
calibration,11,8175,0.0010913917794823647,1.0,0.037854891270399094,609.8733404334628,7.0471320152282715,6.916067600250244
calibration,11,8200,0.0008458786178380251,1.0,0.037854891270399094,612.7251235848652,7.175658702850342,7.047351837158203
calibration,11,8225,0.0006521031609736383,1.0,0.037854891270399094,615.7446752432778,7.318094253540039,7.192543029785156
calibration,11,8250,0.0005013194167986512,1.0,0.041009463369846344,618.896234199346,7.472085952758789,7.347362041473389
calibration,11,8275,0.000385108171030879,1.0,0.041009463369846344,622.1353772121539,7.635439395904541,7.509879112243652
calibration,11,8300,0.00029562486452050507,1.0,0.037854891270399094,625.4221143521803,7.806094169616699,7.6798505783081055
calibration,11,8325,0.00022678807727061212,1.0,0.041009463369846344,628.7342977484333,7.982893943786621,7.856429576873779
calibration,11,8350,0.0001738711289362982,1.0,0.04731861129403114,632.0581274801845,8.164448738098145,8.038228988647461
calibration,11,8375,0.00013327076158020645,1.0,0.04731861129403114,635.3824636972738,8.349369049072266,8.223761558532715
calibration,11,8400,0.00010214743087999523,1.0,0.04731861129403114,638.6987636668626,8.536674499511719,8.4119234085083
calibration,11,8425,7.829273090464994e-05,1.0,0.05047318711876869,641.9996282836255,8.725693702697754,8.601969718933105
calibration,11,8450,6.001606379868463e-05,1.0,0.05047318711876869,645.2780631058594,8.915909767150879,8.793295860290527
calibration,11,8475,4.60071605630219e-05,1.0,0.04731861129403114,648.5294412912712,9.107227325439453,8.985703468322754
calibration,11,8500,3.527723310980946e-05,1.0,0.04416403919458389,651.7480972096143,9.299098014831543,9.178783416748047
calibration,11,8525,2.7057760235038586e-05,1.0,0.04416403919458389,654.9278623093685,9.491110801696777,9.371928215026855
calibration,11,8550,2.075337033602409e-05,1.0,0.04416403919458389,658.0646396332365,9.683085441589355,9.565096855163574
calibration,11,8575,1.592776425241027e-05,1.0,0.04731861129403114,661.1542894730977,9.875128746032715,9.758355140686035
calibration,11,8600,1.2217164112371393e-05,1.0,0.04731861129403114,664.186091526234,10.066631317138672,9.950834274291992
calibration,11,8625,9.389359547640197e-06,1.0,0.04731861129403114,667.1545407185695,10.256585121154785,10.142644882202148
calibration,11,8650,7.212125638034195e-06,1.0,0.04731861129403114,670.0576456794425,10.445958137512207,10.333613395690918
calibration,11,8675,5.542086455534445e-06,1.0,0.04731861129403114,672.8828378301799,10.634871482849121,10.523724555969238
calibration,11,8700,4.265655661583878e-06,1.0,0.04731861129403114,675.6140685939497,10.821396827697754,10.712657928466797
calibration,11,8725,3.2821844797581434e-06,1.0,0.04731861129403114,678.2421075761417,11.00377368927002,10.89781665802002
calibration,11,8750,2.532630787754897e-06,1.0,0.04731861129403114,680.765043873124,11.185502052307129,11.082615852355957
calibration,11,8775,1.9573915324144764e-06,1.0,0.04731861129403114,683.1663519629952,11.365459442138672,11.266056060791016
calibration,11,8800,1.515418489361764e-06,1.0,0.04731861129403114,685.4445469900805,11.536551475524902,11.441825866699219
calibration,11,8825,1.1645388440228999e-06,1.0,0.05047318711876869,687.5785556316062,11.712700843811035,11.619410514831543
calibration,11,8850,9.103760589823651e-07,1.0,0.05047318711876869,689.5349202098375,11.871283531188965,11.785689353942871
calibration,11,8875,0.8271578550338745,0.7783018946647644,0.05678233504295349,677.3032811851846,3.063300132751465,3.1577351093292236
calibration,11,8900,0.0651247426867485,0.9952830076217651,0.04416403919458389,679.3059973827851,6.5145697593688965,6.439200401306152
calibration,11,8925,0.010832737199962139,1.0,0.04731861129403114,678.9396271991689,7.91544771194458,7.841969966888428
calibration,11,8950,0.006231358740478754,1.0,0.04416403919458389,676.0807711667106,7.982836723327637,7.892105579376221
calibration,11,8975,0.005122963339090347,1.0,0.041009463369846344,673.0366823279331,7.834555149078369,7.7174153327941895
calibration,11,9000,0.004485994577407837,1.0,0.037854891270399094,670.3532682070434,7.6612348556518555,7.520079612731934
calibration,11,9025,0.003963720519095659,1.0,0.04731861129403114,668.1767177014707,7.49399471282959,7.331493854522705
calibration,11,9050,0.0034972080029547215,1.0,0.05047318711876869,666.5331086367764,7.337769031524658,7.160926342010498
calibration,11,9075,0.003050539642572403,1.0,0.04416403919458389,665.4296184954763,7.203308582305908,7.019079208374023
calibration,11,9100,0.0026175971142947674,1.0,0.04416403919458389,664.8617063027388,7.102136135101318,6.917146682739258
calibration,11,9125,0.0022099516354501247,1.0,0.04416403919458389,664.8439696723235,7.04210901260376,6.861274242401123
calibration,11,9150,0.0018385088769719005,1.0,0.041009463369846344,665.4194505587418,7.021988391876221,6.850400924682617
calibration,11,9175,0.0015098655130714178,1.0,0.04416403919458389,666.5712851476528,7.03948450088501,6.879716873168945
calibration,11,9200,0.0012269591679796576,1.0,0.04416403919458389,668.2705913059583,7.093930721282959,6.947354793548584
calibration,11,9225,0.0009843488223850727,1.0,0.04731861129403114,670.4680342729262,7.182831764221191,7.049261093139648
calibration,11,9250,0.0007764482870697975,1.0,0.04416403919458389,673.062503234373,7.300400257110596,7.179460048675537
calibration,11,9275,0.0006040327134542167,1.0,0.05047318711876869,675.9523376880625,7.439927577972412,7.331577777862549
calibration,11,9300,0.0004658122197724879,1.0,0.05047318711876869,679.052291957608,7.59550666809082,7.499975204467773
calibration,11,9325,0.0003550632100086659,1.0,0.04731861129403114,682.28806576728,7.760112762451172,7.6770758628845215
calibration,11,9350,0.00027059766580350697,1.0,0.04416403919458389,685.595916906781,7.924647808074951,7.854329586029053
calibration,11,9375,0.00020787051471415907,1.0,0.04416403919458389,688.9437362733703,8.090316772460938,8.03366470336914
calibration,11,9400,0.00015995508874766529,1.0,0.04416403919458389,692.3587703832713,8.259865760803223,8.217001914978027
calibration,11,9425,0.00012297459761612117,1.0,0.04731861129403114,695.8348113964611,8.434358596801758,8.405172348022461
calibration,11,9450,9.446857438888401e-05,1.0,0.04731861129403114,699.3497602988149,8.613139152526855,8.597135543823242
calibration,11,9475,7.252749492181465e-05,1.0,0.04731861129403114,702.8835376765787,8.795502662658691,8.79203987121582
calibration,11,9500,5.5656324548181146e-05,1.0,0.04731861129403114,706.4190218512662,8.980855941772461,8.989184379577637
calibration,11,9525,4.270327553967945e-05,1.0,0.05362775921821594,709.942538367017,9.168617248535156,9.187859535217285
calibration,11,9550,3.275935523561202e-05,1.0,0.05047318711876869,713.4431858162229,9.35827922821045,9.387465476989746
calibration,11,9575,2.513137224013917e-05,1.0,0.05047318711876869,716.9112403328847,9.54936408996582,9.587498664855957
calibration,11,9600,1.9285793314338662e-05,1.0,0.05047318711876869,720.3350125783417,9.741413116455078,9.787492752075195
calibration,11,9625,1.4799240489082877e-05,1.0,0.05047318711876869,723.7081991052721,9.934285163879395,9.987200736999512
calibration,11,9650,1.1357413313817233e-05,1.0,0.04416403919458389,727.021047508157,10.12797737121582,10.18690299987793
calibration,11,9675,8.7219095803448e-06,1.0,0.04416403919458389,730.2602117686681,10.320639610290527,10.384634971618652
calibration,11,9700,6.69930750518688e-06,1.0,0.04416403919458389,733.4187432091124,10.513275146484375,10.581988334655762
calibration,11,9725,5.147911451786058e-06,1.0,0.04731861129403114,736.486472755757,10.70483112335205,10.777591705322266
calibration,11,9750,3.9631363506487105e-06,1.0,0.04731861129403114,739.4388977363282,10.893390655517578,10.969554901123047
calibration,11,9775,3.056700052184169e-06,1.0,0.04731861129403114,742.2934820745603,11.085874557495117,11.164392471313477
calibration,11,9800,2.355504420847865e-06,1.0,0.04731861129403114,745.0126629851093,11.272382736206055,11.353970527648926
calibration,11,9825,1.824124979066255e-06,1.0,0.04731861129403114,747.5888920854075,11.455471992492676,11.54104232788086
calibration,11,9850,1.4091425555307069e-06,1.0,0.04416403919458389,750.0347111455185,11.641311645507812,11.727302551269531
calibration,11,9875,1.0948128874588292e-06,1.0,0.04416403919458389,752.304973966835,11.815991401672363,11.908404350280762
calibration,11,9900,8.457107014692156e-07,1.0,0.04416403919458389,754.4520421442394,12.006460189819336,12.10068130493164
calibration,11,9925,6.562132170984114e-07,1.0,0.04416403919458389,756.3995896668297,12.16847038269043,12.272072792053223
calibration,11,9950,5.150739639248059e-07,1.0,0.04731861129403114,758.1331162888245,12.323958396911621,12.427641868591309
calibration,11,9975,4.166701614849444e-07,1.0,0.04731861129403114,759.7322353937543,12.480920791625977,12.58535099029541
calibration,11,10000,3.27825517842939e-07,1.0,0.04416403919458389,761.2063701626015,12.61170482635498,12.728755950927734
calibration,11,10025,2.699078152090806e-07,1.0,0.04416403919458389,762.4084745641184,12.703730583190918,12.825291633605957
calibration,11,10050,0.8705090880393982,0.7311320900917053,0.06624605506658554,755.8387263329497,3.6947665214538574,3.656533718109131
calibration,11,10075,0.06342913210391998,0.9905660152435303,0.05993690714240074,758.5843318788194,8.328450202941895,8.424891471862793
calibration,11,10100,0.008877734653651714,1.0,0.05993690714240074,756.7393647102414,9.129304885864258,9.094866752624512
calibration,11,10125,0.0043905144557356834,1.0,0.05993690714240074,753.3913778791574,8.976329803466797,8.923786163330078
calibration,11,10150,0.0038167526945471764,1.0,0.06309147924184799,749.8242148538224,8.634227752685547,8.557787895202637
calibration,11,10175,0.003568560117855668,1.0,0.05993690714240074,746.6892380441226,8.335044860839844,8.227241516113281
calibration,11,10200,0.003254063194617629,1.0,0.06624605506658554,744.1057785246945,8.084257125854492,7.941471099853516
calibration,11,10225,0.0028660690877586603,1.0,0.06309147924184799,742.0925248013177,7.857512474060059,7.6864142417907715
calibration,11,10250,0.002517255488783121,1.0,0.06309147924184799,740.7239715196417,7.6559247970581055,7.468480587005615
calibration,11,10275,0.0021806557197123766,1.0,0.06309147924184799,739.9874132084772,7.496469974517822,7.304418087005615
calibration,11,10300,0.0018568772356957197,1.0,0.06940063089132309,739.8943146206643,7.378730297088623,7.187650680541992
calibration,11,10325,0.0015628939727321267,1.0,0.06940063089132309,740.381455230438,7.301832675933838,7.11471700668335
calibration,11,10350,0.0012936672428622842,1.0,0.06940063089132309,741.3848191591255,7.271969795227051,7.089104652404785
calibration,11,10375,0.0010460630292072892,1.0,0.07255520671606064,742.855311697624,7.2914652824401855,7.11074161529541
calibration,11,10400,0.0008179447613656521,1.0,0.06940063089132309,744.752912262688,7.352916240692139,7.174734592437744
calibration,11,10425,0.000628584180958569,1.0,0.07255520671606064,747.0335019265494,7.438263893127441,7.2659759521484375
calibration,11,10450,0.00048824999248608947,1.0,0.07570978254079819,749.558953478081,7.532562732696533,7.3723602294921875
calibration,11,10475,0.00038276988198049366,1.0,0.07886435091495514,752.2682016249405,7.6416192054748535,7.491452693939209
calibration,11,10500,0.00029904418624937534,1.0,0.07886435091495514,755.1720702585328,7.772491931915283,7.628020763397217
calibration,11,10525,0.00023181497817859054,1.0,0.06940063089132309,758.2211229938612,7.922576427459717,7.781356334686279
calibration,11,10550,0.00017874706827569753,1.0,0.06940063089132309,761.3510298606469,8.086755752563477,7.947342395782471
calibration,11,10575,0.00013741802831646055,1.0,0.06940063089132309,764.5189307303541,8.260529518127441,8.122285842895508
calibration,11,10600,0.00010549182479735464,1.0,0.06940063089132309,767.7031770817634,8.440703392028809,8.30346965789795
calibration,11,10625,8.091800555121154e-05,1.0,0.07255520671606064,770.8924913472339,8.625370979309082,8.489041328430176
calibration,11,10650,6.205208774190396e-05,1.0,0.07255520671606064,774.0792804865365,8.813118934631348,8.677642822265625
calibration,11,10675,4.758325303555466e-05,1.0,0.06624605506658554,777.2581185434188,9.003250122070312,8.868703842163086
calibration,11,10700,3.649403151939623e-05,1.0,0.06624605506658554,780.4228095551528,9.194950103759766,9.061480522155762
calibration,11,10725,2.8009168090648018e-05,1.0,0.06624605506658554,783.5700584245035,9.387994766235352,9.255824089050293
calibration,11,10750,2.149278952856548e-05,1.0,0.06624605506658554,786.693245222258,9.582315444946289,9.451736450195312
calibration,11,10775,1.649175101192668e-05,1.0,0.06624605506658554,789.7876556242541,9.777113914489746,9.64841079711914
calibration,11,10800,1.2667004739341792e-05,1.0,0.06940063089132309,792.8473792837827,9.972865104675293,9.846287727355957
calibration,11,10825,9.73404985415982e-06,1.0,0.06624605506658554,795.8642036831334,10.168607711791992,10.04454517364502
calibration,11,10850,7.480907697754446e-06,1.0,0.06624605506658554,798.8310148323071,10.364133834838867,10.242622375488281
calibration,11,10875,5.7551997088012286e-06,1.0,0.06624605506658554,801.7466740038828,10.561502456665039,10.44271469116211
calibration,11,10900,4.428724878380308e-06,1.0,0.06624605506658554,804.5882819409039,10.755789756774902,10.640854835510254
calibration,11,10925,3.421074325160589e-06,1.0,0.06624605506658554,807.3397290846445,10.946308135986328,10.834434509277344
calibration,11,10950,2.6304721814085497e-06,1.0,0.06624605506658554,810.0207619028643,11.143157005310059,11.034026145935059
calibration,11,10975,2.032178144872887e-06,1.0,0.06309147924184799,812.6046373745029,11.337503433227539,11.231000900268555
calibration,11,11000,0.8888373374938965,0.7264150977134705,0.05362775921821594,806.4663126957267,3.5172171592712402,3.5779271125793457
calibration,11,11025,0.03787719085812569,1.0,0.07255520671606064,808.4720001970531,7.840134143829346,7.609408855438232
calibration,11,11050,0.0063964854925870895,1.0,0.08201892673969269,806.5617959731774,8.453531265258789,8.193296432495117
calibration,11,11075,0.004428706597536802,1.0,0.08832807838916779,803.1583382138074,8.204557418823242,7.925619125366211
calibration,11,11100,0.004111704882234335,1.0,0.07570978254079819,799.8477679733093,7.905480861663818,7.6258721351623535
calibration,11,11125,0.003797754179686308,1.0,0.06940063089132309,796.998554792097,7.6517462730407715,7.367696285247803
calibration,11,11150,0.003388291224837303,1.0,0.06624605506658554,794.6728749359329,7.443960666656494,7.155791759490967
calibration,11,11175,0.002991580404341221,1.0,0.06940063089132309,792.8866303084369,7.258373260498047,6.975009441375732
calibration,11,11200,0.002635698299854994,1.0,0.06624605506658554,791.6808903963376,7.093341827392578,6.823763370513916
calibration,11,11225,0.002311908872798085,1.0,0.06624605506658554,791.0912943294759,6.962756156921387,6.7092390060424805
calibration,11,11250,0.0019961639773100615,1.0,0.06940063089132309,791.1095404552574,6.875781059265137,6.64053201675415
calibration,11,11275,0.001688533229753375,1.0,0.07886435091495514,791.7127984845193,6.83043098449707,6.613476276397705
calibration,11,11300,0.0014018098590895534,1.0,0.08201892673969269,792.8735943864489,6.8323845863342285,6.630403995513916
calibration,11,11325,0.0011397519847378135,1.0,0.08517350256443024,794.5283733806938,6.8792314529418945,6.688891887664795
calibration,11,11350,0.000909368391148746,1.0,0.08517350256443024,796.5845126697467,6.965625286102295,6.784031867980957
calibration,11,11375,0.0007139182998798788,1.0,0.08201892673969269,798.9349736888839,7.082164764404297,6.908679008483887
calibration,11,11400,0.000553683377802372,1.0,0.08201892673969269,801.4946736565395,7.2202630043029785,7.055427074432373
calibration,11,11425,0.00042617900180630386,1.0,0.08201892673969269,804.208443072872,7.371748447418213,7.2151312828063965
calibration,11,11450,0.00032688138890080154,1.0,0.07886435091495514,807.0456031994771,7.531920433044434,7.38259220123291
calibration,11,11475,0.00025045929942280054,1.0,0.07255520671606064,809.9861946849793,7.700068950653076,7.557231426239014
calibration,11,11500,0.00019192059698980302,1.0,0.06624605506658554,813.0041432391023,7.8746657371521,7.73710298538208
calibration,11,11525,0.0001470661227358505,1.0,0.06624605506658554,816.0755768162835,8.054004669189453,7.920819282531738
calibration,11,11550,0.00011261142208240926,1.0,0.06309147924184799,819.1844484698422,8.237746238708496,8.108733177185059
calibration,11,11575,8.618914580438286e-05,1.0,0.06309147924184799,822.3186370079629,8.425000190734863,8.300233840942383
calibration,11,11600,6.594973820028827e-05,1.0,0.06624605506658554,825.4700788739852,8.61465072631836,8.494285583496094
calibration,11,11625,5.047280865255743e-05,1.0,0.06624605506658554,828.6351612939527,8.806066513061523,8.69033432006836
calibration,11,11650,3.8630714698228985e-05,1.0,0.06624605506658554,831.8114448783065,8.998764991760254,8.887877464294434
calibration,11,11675,2.9581891794805415e-05,1.0,0.06624605506658554,834.9944646279657,9.192206382751465,9.086241722106934
calibration,11,11700,2.2677546439808793e-05,1.0,0.06624605506658554,838.1753763300818,9.38625431060791,9.285178184509277
calibration,11,11725,1.7397051124135032e-05,1.0,0.06624605506658554,841.3410397232786,9.580903053283691,9.484440803527832
calibration,11,11750,1.3337829841475468e-05,1.0,0.05993690714240074,844.4817724215995,9.775766372680664,9.683762550354004
calibration,11,11775,1.023393815557938e-05,1.0,0.06309147924184799,847.5844039922479,9.970044136047363,9.8825101852417
calibration,11,11800,7.861025551392231e-06,1.0,0.06624605506658554,850.6435581966178,10.164363861083984,10.081058502197266
calibration,11,11825,6.0425377341744024e-06,1.0,0.06624605506658554,853.6525481375685,10.357537269592285,10.278790473937988
calibration,11,11850,4.646899469662458e-06,1.0,0.06624605506658554,856.6062961154493,10.55250072479248,10.477625846862793
calibration,11,11875,3.5740206385526108e-06,1.0,0.06624605506658554,859.4895192797253,10.744352340698242,10.674347877502441
calibration,11,11900,2.7530547868082067e-06,1.0,0.06624605506658554,862.2938006473914,10.935322761535645,10.869125366210938
calibration,11,11925,2.1170865238673287e-06,1.0,0.06624605506658554,865.0070533060596,11.122880935668945,11.061224937438965
calibration,11,11950,1.6424999103037408e-06,1.0,0.06624605506658554,867.6261222572278,11.308954238891602,11.253348350524902
calibration,11,11975,1.269128119929519e-06,1.0,0.06624605506658554,870.1334287465462,11.48658561706543,11.435949325561523
calibration,11,12000,9.83475956672919e-07,1.0,0.06624605506658554,872.5148501795067,11.65688419342041,11.61072063446045
calibration,11,12025,7.653007969565806e-07,1.0,0.06624605506658554,874.7629053726589,11.826549530029297,11.78717041015625
calibration,11,12050,5.960463340670685e-07,1.0,0.06624605506658554,876.8920382516595,11.989797592163086,11.950312614440918
calibration,11,12075,4.6671553377564123e-07,1.0,0.06624605506658554,878.919111716249,12.166149139404297,12.132359504699707
calibration,11,12100,3.683116744923609e-07,1.0,0.06624605506658554,880.7852308960416,12.309625625610352,12.284995079040527
calibration,11,12125,1.2581555843353271,0.551886796951294,0.04416403919458389,872.8021485132219,2.9860122203826904,3.12314510345459
calibration,11,12150,0.059035930782556534,0.9905660152435303,0.08832807838916779,876.0205994811271,7.703054904937744,7.803882598876953
calibration,11,12175,0.006180765572935343,1.0,0.09463722258806229,875.7046963105587,8.82596492767334,8.838767051696777
calibration,11,12200,0.0040273345075547695,1.0,0.08832807838916779,872.8552285405034,8.548487663269043,8.515185356140137
calibration,11,12225,0.003813578514382243,1.0,0.08832807838916779,869.9565393753902,8.212082862854004,8.152994155883789
calibration,11,12250,0.003683727001771331,1.0,0.08517350256443024,867.4913984971203,7.937182903289795,7.8630900382995605
calibration,11,12275,0.0034172164741903543,1.0,0.07886435091495514,865.5695036902309,7.72819185256958,7.637517929077148
calibration,11,12300,0.0030550926458090544,1.0,0.08517350256443024,864.1804690707809,7.56818962097168,7.459217548370361
calibration,11,12325,0.00264666392467916,1.0,0.08517350256443024,863.2947933581562,7.448150157928467,7.317856788635254
calibration,11,12350,0.002194178057834506,1.0,0.09779179841279984,862.8565830413074,7.35894250869751,7.206950664520264
calibration,11,12375,0.0018040944123640656,1.0,0.10725551843643188,862.8171581680267,7.300980567932129,7.12946081161499
calibration,11,12400,0.0014745222870260477,1.0,0.10725551843643188,863.2054875412416,7.280194282531738,7.096256256103516
calibration,11,12425,0.0011634621769189835,1.0,0.10725551843643188,864.0058428884911,7.288052558898926,7.113716125488281
calibration,11,12450,0.0009376305970363319,1.0,0.09779179841279984,865.1834037796021,7.320501327514648,7.133341312408447
calibration,11,12475,0.0007561153615824878,1.0,0.10094637423753738,866.7767264558643,7.382877826690674,7.18604040145874
calibration,11,12500,0.0006015363032929599,1.0,0.09779179841279984,868.7821516337465,7.476659774780273,7.274506568908691
calibration,11,12525,0.0004714772803708911,1.0,0.10094637423753738,871.11172829997,7.596697807312012,7.394007682800293
calibration,11,12550,0.0003657023189589381,1.0,0.10094637423753738,873.6641924651844,7.736428260803223,7.537097454071045
calibration,11,12575,0.00028185188421048224,1.0,0.09779179841279984,876.3579732734582,7.889676094055176,7.696996688842773
calibration,11,12600,0.00021654755983036011,1.0,0.09779179841279984,879.141540354497,8.05080509185791,7.867401123046875
calibration,11,12625,0.00016621088434476405,1.0,0.09779179841279984,881.9925924548614,8.217333793640137,8.043432235717773
calibration,11,12650,0.00012743222760036588,1.0,0.09779179841279984,884.8956279875058,8.38962459564209,8.224271774291992
calibration,11,12675,9.762204717844725e-05,1.0,0.09779179841279984,887.8379896927186,8.566206932067871,8.408746719360352
calibration,11,12700,7.476069731637836e-05,1.0,0.09779179841279984,890.8106650059613,8.745699882507324,8.59572696685791
calibration,11,12725,5.7241304602939636e-05,1.0,0.10094637423753738,893.80635287146,8.92711067199707,8.784408569335938
calibration,11,12750,4.3837353587150574e-05,1.0,0.10410095006227493,896.818925710848,9.109894752502441,8.97435188293457
calibration,11,12775,3.3587020880077034e-05,1.0,0.10094637423753738,899.8426861961115,9.293924331665039,9.165351867675781
calibration,11,12800,2.5754945454536937e-05,1.0,0.10410095006227493,902.8706614226403,9.47909164428711,9.35757827758789
calibration,11,12825,1.974742735910695e-05,1.0,0.10094637423753738,905.8988036041961,9.665863037109375,9.550943374633789
calibration,11,12850,1.5151797015278134e-05,1.0,0.10094637423753738,908.9198760094841,9.853877067565918,9.745306015014648
calibration,11,12875,1.1625626029854175e-05,1.0,0.09779179841279984,911.9267954033725,10.042561531066895,9.939942359924316
calibration,11,12900,8.94176719157258e-06,1.0,0.09148264676332474,914.9155338217071,10.232479095458984,10.135499000549316
calibration,11,12925,6.866310286568478e-06,1.0,0.09148264676332474,917.8795273064173,10.422284126281738,10.331308364868164
calibration,11,12950,5.2744294407602865e-06,1.0,0.09148264676332474,920.8099996503579,10.613118171691895,10.527498245239258
calibration,11,12975,4.062664174853126e-06,1.0,0.09148264676332474,923.697574900984,10.801674842834473,10.720860481262207
calibration,11,13000,3.12417660097708e-06,1.0,0.09148264676332474,926.538870294496,10.990338325500488,10.914057731628418
calibration,11,13025,2.4083612970571266e-06,1.0,0.09148264676332474,929.3180656685,11.177424430847168,11.107161521911621
calibration,11,13050,1.8617993191583082e-06,1.0,0.09148264676332474,932.0313149474,11.361988067626953,11.294705390930176
calibration,11,13075,1.4395071730177733e-06,1.0,0.09148264676332474,934.6678405161372,11.54255485534668,11.482422828674316
calibration,11,13100,1.118992031479138e-06,1.0,0.09148264676332474,937.20238317419,11.71720027923584,11.6653413772583
calibration,11,13125,8.659537229505077e-07,1.0,0.09148264676332474,939.6516083727881,11.892276763916016,11.846148490905762
calibration,11,13150,6.815170081608812e-07,1.0,0.09148264676332474,941.9757562632153,12.046896934509277,12.00454330444336
calibration,11,13175,5.29131625626178e-07,1.0,0.08832807838916779,944.205016461447,12.205527305603027,12.174874305725098
calibration,11,13200,4.189193703041383e-07,1.0,0.08832807838916779,946.3737907940671,12.375011444091797,12.354668617248535
calibration,11,13225,3.148924179185997e-07,1.0,0.09148264676332474,948.3987325884464,12.519119262695312,12.506734848022461
calibration,11,13250,2.62035484865919e-07,1.0,0.09148264676332474,950.2145081147146,12.618836402893066,12.62226390838623
calibration,11,13275,2.1817547235514212e-07,1.0,0.09463722258806229,951.7355490374787,12.666302680969238,12.684394836425781
calibration,11,13300,1.9118469651857595e-07,1.0,0.09463722258806229,953.126656752162,12.664923667907715,12.704301834106445
calibration,11,13325,1.6441402435302734,0.4669811427593231,0.05047318711876869,949.0074438414789,2.6057000160217285,2.6082375049591064
calibration,11,13350,0.22282744944095612,0.9575471878051758,0.11041009426116943,950.0427690079206,6.144272804260254,6.31052827835083
calibration,11,13375,0.03469819575548172,0.9905660152435303,0.10725551843643188,950.7263848747024,8.564231872558594,8.723292350769043
calibration,11,13400,0.01613513194024563,0.9952830076217651,0.10094637423753738,948.6675826962751,8.628778457641602,8.74099063873291
calibration,11,13425,0.007763410918414593,1.0,0.10725551843643188,946.2364224326752,8.423928260803223,8.478180885314941
calibration,11,13450,0.004691036883741617,1.0,0.10410095006227493,944.1161278470746,8.197155952453613,8.226848602294922
calibration,11,13475,0.003891028929501772,1.0,0.09463722258806229,942.3100812677305,7.938970565795898,7.9604668617248535
calibration,11,13500,0.0033880621194839478,1.0,0.09779179841279984,940.8883213803085,7.714392185211182,7.721621990203857
calibration,11,13525,0.0029178138356655836,1.0,0.09779179841279984,939.9166652013698,7.523116111755371,7.518085956573486
calibration,11,13550,0.0024850289337337017,1.0,0.09779179841279984,939.3942398152715,7.377900123596191,7.356288909912109
calibration,11,13575,0.002087445231154561,1.0,0.09779179841279984,939.3251569344654,7.277013301849365,7.241979598999023
calibration,11,13600,0.0017422500532120466,1.0,0.09148264676332474,939.7033873235281,7.216946601867676,7.172237873077393
calibration,11,13625,0.0014311198610812426,1.0,0.09779179841279984,940.5220732941686,7.197323799133301,7.145610809326172
calibration,11,13650,0.00115589692723006,1.0,0.10410095006227493,941.7334012161989,7.220302581787109,7.166089057922363
calibration,11,13675,0.0008788098348304629,1.0,0.11041009426116943,943.2566660719135,7.283100605010986,7.2343339920043945
calibration,11,13700,0.0006747574079781771,1.0,0.10725551843643188,944.9780878053515,7.3454976081848145,7.292700290679932
calibration,11,13725,0.0005289599066600204,1.0,0.10725551843643188,946.893004545778,7.427213668823242,7.371213912963867
calibration,11,13750,0.00041482032975181937,1.0,0.11041009426116943,949.0244760690781,7.530137062072754,7.4731035232543945
calibration,11,13775,0.0003229054273106158,1.0,0.11356467008590698,951.3497611278444,7.655272483825684,7.598886966705322
calibration,11,13800,0.0002496298693586141,1.0,0.11671924591064453,953.8190362348718,7.79762601852417,7.7431793212890625
calibration,11,13825,0.00019201634859200567,1.0,0.11041009426116943,956.3919716198002,7.952107906341553,7.9000372886657715
calibration,11,13850,0.00014717386511620134,1.0,0.11041009426116943,959.0355278157676,8.113664627075195,8.064160346984863
calibration,11,13875,0.00011280416219960898,1.0,0.11041009426116943,961.7288164044627,8.280112266540527,8.231697082519531
calibration,11,13900,8.652926044305786e-05,1.0,0.11356467008590698,964.4793001632098,8.451643943786621,8.402535438537598
calibration,11,13925,6.633991870330647e-05,1.0,0.11041009426116943,967.282173461158,8.626703262329102,8.576780319213867
calibration,11,13950,5.083208088763058e-05,1.0,0.11041009426116943,970.1226849093082,8.803375244140625,8.753290176391602
calibration,11,13975,3.892084350809455e-05,1.0,0.10410095006227493,972.9894523209927,8.980511665344238,8.931403160095215
calibration,11,14000,2.9773627829854377e-05,1.0,0.10410095006227493,975.873042794766,9.156862258911133,9.110224723815918
calibration,11,14025,2.27922537305858e-05,1.0,0.11041009426116943,978.7664239365947,9.331979751586914,9.289690017700195
calibration,11,14050,1.7418416973669082e-05,1.0,0.11041009426116943,981.6621907921837,9.506293296813965,9.470209121704102
calibration,11,14075,1.3309715541254263e-05,1.0,0.11041009426116943,984.5484591636211,9.679580688476562,9.650969505310059
calibration,11,14100,1.013778273772914e-05,1.0,0.11356467008590698,987.4180014652461,9.848971366882324,9.829777717590332
calibration,11,14125,7.7637469075853e-06,1.0,0.11356467008590698,990.2585963759789,10.010529518127441,10.003518104553223
calibration,11,14150,5.981245521979872e-06,1.0,0.11671924591064453,993.0970307125602,10.175297737121582,10.17741870880127
calibration,11,14175,4.600227839546278e-06,1.0,0.11356467008590698,995.9362133412753,10.342918395996094,10.351663589477539
calibration,11,14200,3.538595819918555e-06,1.0,0.11041009426116943,998.7493087278247,10.50839900970459,10.522684097290039
calibration,11,14225,2.729437937887269e-06,1.0,0.11041009426116943,1001.5242611880979,10.674881935119629,10.694018363952637
calibration,11,14250,2.0900959043501643e-06,1.0,0.10410095006227493,1004.2607749174161,10.842155456542969,10.86395263671875
calibration,11,14275,1.6256307162620942e-06,1.0,0.10410095006227493,1006.9255913122925,11.008267402648926,11.032244682312012
calibration,11,14300,1.2516966307885014e-06,1.0,0.10410095006227493,1009.5242220574992,11.165565490722656,11.193957328796387
calibration,11,14325,9.77290596892999e-07,1.0,0.10410095006227493,1012.0315763534317,11.319141387939453,11.348087310791016
calibration,11,14350,7.641762067578384e-07,1.0,0.10410095006227493,1014.4518471772442,11.468314170837402,11.50145435333252
calibration,11,14375,5.97733162521763e-07,1.0,0.10410095006227493,1016.7731250580722,11.618093490600586,11.657763481140137
calibration,11,14400,4.6671553377564123e-07,1.0,0.10410095006227493,1019.0642451729765,11.785806655883789,11.810208320617676
calibration,11,14425,0.5262667536735535,0.8443396091461182,0.08201892673969269,1015.3724415268254,4.16071891784668,4.140988349914551
calibration,11,14450,0.022723427042365074,0.9952830076217651,0.09779179841279984,1016.8363306313763,7.958266735076904,7.919564247131348
calibration,11,14475,0.005245872773230076,1.0,0.11356467008590698,1014.7325908600332,8.252954483032227,8.150716781616211
calibration,11,14500,0.0037140713538974524,1.0,0.12618295848369598,1011.9076692843145,7.942602157592773,7.827687740325928
calibration,11,14525,0.003596110502257943,1.0,0.11987381428480148,1009.2412669660016,7.608668327331543,7.486595153808594
calibration,11,14550,0.0034825634211301804,1.0,0.12302839010953903,1006.9849568875449,7.340275287628174,7.203892707824707
calibration,11,14575,0.003251483663916588,1.0,0.11671924591064453,1005.2148057496755,7.1271281242370605,6.9765400886535645
calibration,11,14600,0.002951372414827347,1.0,0.11671924591064453,1003.9691829481918,6.9553446769714355,6.792815208435059
calibration,11,14625,0.002620953368023038,1.0,0.11356467008590698,1003.2557526404055,6.82163143157959,6.6519341468811035
calibration,11,14650,0.0022809996735304594,1.0,0.11671924591064453,1003.0627989432975,6.730393409729004,6.559166431427002
calibration,11,14675,0.001951140002347529,1.0,0.11987381428480148,1003.3718269226371,6.682677268981934,6.514533996582031
calibration,11,14700,0.001635130844078958,1.0,0.11987381428480148,1004.1599766327685,6.676743984222412,6.513909816741943
calibration,11,14725,0.001336527056992054,1.0,0.11356467008590698,1005.4019301898219,6.710397720336914,6.55224084854126
calibration,11,14750,0.0010687361937016249,1.0,0.11356467008590698,1007.0395273389375,6.775890350341797,6.6215925216674805
calibration,11,14775,0.0008409440633840859,1.0,0.11671924591064453,1008.9998162168188,6.865388870239258,6.713520050048828
calibration,11,14800,0.0006408914341591299,1.0,0.12302839010953903,1011.1940725325424,6.968297958374023,6.820575714111328
calibration,11,14825,0.000490691396407783,1.0,0.11987381428480148,1013.5459524908338,7.073185920715332,6.927018642425537
calibration,11,14850,0.0003786911256611347,1.0,0.12618295848369598,1016.0775443905374,7.189385890960693,7.043039321899414
calibration,11,14875,0.00029080823878757656,1.0,0.11987381428480148,1018.7900692321797,7.317063808441162,7.173229694366455
calibration,11,14900,0.00022322408040054142,1.0,0.11671924591064453,1021.636904050232,7.455830097198486,7.313398838043213
calibration,11,14925,0.00017181663133669645,1.0,0.11356467008590698,1024.5740680721592,7.603066444396973,7.461005210876465
calibration,11,14950,0.00013222798588685691,1.0,0.11356467008590698,1027.583667324969,7.7572021484375,7.616497993469238
calibration,11,14975,0.00010157909127883613,1.0,0.11356467008590698,1030.6494908535142,7.917633056640625,7.779097557067871
calibration,11,15000,7.792170072207227e-05,1.0,0.11356467008590698,1033.7516796112166,8.081953048706055,7.9466047286987305
calibration,22,0,3.6561598777770996,0.04716981202363968,0.041009463369846344,1510.7950327122646,1.0063259601593018,1.007138967514038
calibration,22,25,3.0508246421813965,0.08962263911962509,0.012618296779692173,1446.6342080498546,0.3440498113632202,0.3427802622318268
calibration,22,50,2.8313307762145996,0.16509434580802917,0.0063091483898460865,1398.2327858774777,0.47707778215408325,0.45876485109329224
calibration,22,75,2.3441684246063232,0.25943395495414734,0.0,1368.8667725363364,1.092653751373291,1.052823543548584
calibration,22,100,1.6510660648345947,0.4528301954269409,0.0,1352.64364194694,2.074936628341675,2.0756912231445312
calibration,22,125,0.8953591585159302,0.7877358198165894,0.0,1344.0760327352832,3.2891411781311035,3.3806405067443848
calibration,22,150,0.329542338848114,0.9811320900917053,0.0,1339.1857289385343,4.86810302734375,5.037714958190918
calibration,22,175,0.08618851751089096,1.0,0.0,1325.981273223469,6.263030052185059,6.482358455657959
calibration,22,200,0.031287483870983124,1.0,0.0,1297.6571309333108,7.125918865203857,7.372937202453613
calibration,22,225,0.017351368442177773,1.0,0.0,1260.364084491537,7.570316314697266,7.83100700378418
calibration,22,250,0.011503992602229118,1.0,0.0,1221.0974139680204,7.836048126220703,8.107521057128906
calibration,22,275,0.008115235716104507,1.0,0.0,1182.641715949749,8.044641494750977,8.32413387298584
calibration,22,300,0.005859274882823229,1.0,0.0,1145.7344015060576,8.236610412597656,8.520833015441895
calibration,22,325,0.004273740574717522,1.0,0.0,1110.5183875147889,8.424656867980957,8.711926460266113
calibration,22,350,0.0031358120031654835,1.0,0.0,1076.9762961833526,8.612794876098633,8.90231704711914
calibration,22,375,0.002309996634721756,1.0,0.0,1045.0595042842126,8.801495552062988,9.093194961547852
calibration,22,400,0.0017067560693249106,1.0,0.0,1014.705443450497,8.989880561828613,9.283210754394531
calibration,22,425,0.0012661879882216454,1.0,0.0,985.8228492816851,9.176579475402832,9.468403816223145
calibration,22,450,0.0009433903614990413,1.0,0.0,958.3111648995955,9.360953330993652,9.647488594055176
calibration,22,475,0.0007044507074169815,1.0,0.0,932.1141450635752,9.54310417175293,9.823772430419922
calibration,22,500,0.0005267260130494833,1.0,0.0031545741949230433,907.1811018016829,9.723740577697754,9.998679161071777
calibration,22,525,0.0003944202035199851,1.0,0.0031545741949230433,883.4507766888137,9.903802871704102,10.173201560974121
calibration,22,550,0.0002958804543595761,1.0,0.0,860.8646207332472,10.083929061889648,10.347774505615234
calibration,22,575,0.00022242746490519494,1.0,0.0,839.3691214217316,10.26440715789795,10.522425651550293
calibration,22,600,0.00016759420395828784,1.0,0.0,818.9165931218608,10.445323944091797,10.697299003601074
calibration,22,625,0.004340711981058121,1.0,0.0031545741949230433,795.0485711871523,10.260695457458496,10.348783493041992
calibration,22,650,0.0010337461717426777,1.0,0.0031545741949230433,770.111256659443,9.897147178649902,9.986266136169434
calibration,22,675,0.0007247138419188559,1.0,0.0031545741949230433,744.7532406424863,9.592452049255371,9.694491386413574
calibration,22,700,0.0007508150301873684,1.0,0.0031545741949230433,720.4784241228031,9.238579750061035,9.355389595031738
calibration,22,725,0.0007613339694216847,1.0,0.0031545741949230433,698.7140103639754,9.002314567565918,9.127184867858887
calibration,22,750,0.0007138960063457489,1.0,0.0,679.6681609597546,8.912925720214844,9.044853210449219
calibration,22,775,0.0006269244477152824,1.0,0.0,663.0660567117278,8.940784454345703,9.078883171081543
calibration,22,800,0.0005243460764177144,1.0,0.0,648.4678164894607,9.056380271911621,9.198517799377441
calibration,22,825,0.0004228945472277701,1.0,0.0,635.4411559197509,9.230563163757324,9.37449836730957
calibration,22,850,0.0003336053341627121,1.0,0.0,623.6221047549453,9.439785957336426,9.583728790283203
calibration,22,875,0.00025993207236751914,1.0,0.0,612.7640470993941,9.668163299560547,9.811015129089355
calibration,22,900,0.00020114725339226425,1.0,0.0,602.7144718726948,9.906474113464355,10.047362327575684
calibration,22,925,0.00015497903223149478,1.0,0.0,593.371796598295,10.149680137634277,10.288177490234375
calibration,22,950,0.00011909809109056368,1.0,0.0,584.6594708669381,10.394771575927734,10.530738830566406
calibration,22,975,9.138332097791135e-05,1.0,0.0031545741949230433,576.5155898528022,10.63995361328125,10.773115158081055
calibration,22,1000,7.003744394751266e-05,1.0,0.0031545741949230433,568.8895991859183,10.88427734375,11.014151573181152
calibration,22,1025,5.3635070798918605e-05,1.0,0.0031545741949230433,561.7395292835843,11.127113342285156,11.253034591674805
calibration,22,1050,4.105641710339114e-05,1.0,0.0031545741949230433,555.0304033632829,11.368257522583008,11.489241600036621
calibration,22,1075,3.141327397315763e-05,1.0,0.0031545741949230433,548.7326857055779,11.607569694519043,11.722575187683105
calibration,22,1100,2.403886173851788e-05,1.0,0.0031545741949230433,542.8199301308003,11.844561576843262,11.952373504638672
calibration,22,1125,1.8398503016214818e-05,1.0,0.0063091483898460865,537.2706067522374,12.079793930053711,12.179093360900879
calibration,22,1150,1.4082315829000436e-05,1.0,0.0063091483898460865,532.0645570670748,12.313057899475098,12.4025297164917
calibration,22,1175,1.0786117854877375e-05,1.0,0.0063091483898460865,527.1746763840835,12.543891906738281,12.622706413269043
calibration,22,1200,8.274880201497581e-06,1.0,0.0063091483898460865,522.5800024219434,12.771737098693848,12.838685035705566
calibration,22,1225,6.345058409351623e-06,1.0,0.0063091483898460865,518.2586674146795,12.997344970703125,13.05126667022705
calibration,22,1250,4.8796932787809055e-06,1.0,0.0031545741949230433,514.1913507523186,13.219428062438965,13.259437561035156
calibration,22,1275,3.7511476875806693e-06,1.0,0.0031545741949230433,510.36440003410763,13.436784744262695,13.46334457397461
calibration,22,1300,2.8925069273100235e-06,1.0,0.0031545741949230433,506.7463579115341,13.647812843322754,13.658651351928711
calibration,22,1325,2.2340461782732746e-06,1.0,0.0031545741949230433,503.3094766718657,13.852587699890137,13.848289489746094
calibration,22,1350,1.7420281892555067e-06,1.0,0.0031545741949230433,499.9953466453316,14.039652824401855,14.020075798034668
calibration,22,1375,1.3782156429442693e-06,1.0,0.0031545741949230433,496.91303946112623,14.234033584594727,14.196087837219238
calibration,22,1400,0.01607043668627739,1.0,0.0031545741949230433,487.2501635604999,11.659462928771973,11.542034149169922
calibration,22,1425,0.0016245843144133687,1.0,0.0031545741949230433,474.59379385285007,11.361211776733398,11.24652099609375
calibration,22,1450,0.0009295815252698958,1.0,0.0031545741949230433,461.54662248615244,10.832281112670898,10.715123176574707
calibration,22,1475,0.0009498486761003733,1.0,0.0031545741949230433,448.9995282550642,10.206046104431152,10.083832740783691
calibration,22,1500,0.0010660623665899038,1.0,0.0031545741949230433,437.25415957603957,9.621465682983398,9.500432968139648
calibration,22,1525,0.0012034144019708037,1.0,0.0031545741949230433,426.422520217813,9.091626167297363,8.970817565917969
calibration,22,1550,0.001345605356618762,1.0,0.0031545741949230433,416.62354571814427,8.618978500366211,8.496142387390137
calibration,22,1575,0.0014622110174968839,1.0,0.0031545741949230433,407.99567751757417,8.215171813964844,8.08959674835205
calibration,22,1600,0.0015440726419910789,1.0,0.0031545741949230433,400.6826319949052,7.896030902862549,7.767731666564941
calibration,22,1625,0.001573193003423512,1.0,0.0031545741949230433,394.84059518018057,7.677876949310303,7.548397541046143
calibration,22,1650,0.001523751998320222,1.0,0.0031545741949230433,390.5870038795498,7.569389820098877,7.440674304962158
calibration,22,1675,0.0013822371838614345,1.0,0.0031545741949230433,387.8812757618927,7.566843032836914,7.438728332519531
calibration,22,1700,0.001179228536784649,1.0,0.0031545741949230433,386.47693230743135,7.651587963104248,7.520384788513184
calibration,22,1725,0.000962144520599395,1.0,0.0031545741949230433,386.0135999235584,7.797519683837891,7.659290313720703
calibration,22,1750,0.0007640108815394342,1.0,0.0063091483898460865,386.1604590461074,7.97992467880249,7.832634925842285
calibration,22,1775,0.0005973828956484795,1.0,0.0063091483898460865,386.68700269858164,8.182400703430176,8.024889945983887
calibration,22,1800,0.0004630227049347013,1.0,0.0063091483898460865,387.45183750122476,8.395112991333008,8.226945877075195
calibration,22,1825,0.0003571098786778748,1.0,0.009463722817599773,388.3717186492761,8.612425804138184,8.433513641357422
calibration,22,1850,0.00027468643384054303,1.0,0.009463722817599773,389.39836608725864,8.83132266998291,8.641729354858398
calibration,22,1875,0.0002110045898007229,1.0,0.0063091483898460865,390.50394044251465,9.05024528503418,8.850141525268555
calibration,22,1900,0.00016198442608583719,1.0,0.009463722817599773,391.6722248909998,9.268387794494629,9.05807876586914
calibration,22,1925,0.0001243379374500364,1.0,0.009463722817599773,392.8932173654025,9.485368728637695,9.265338897705078
calibration,22,1950,9.545557986712083e-05,1.0,0.009463722817599773,394.1611265785502,9.700981140136719,9.471783638000488
calibration,22,1975,7.329458458116278e-05,1.0,0.009463722817599773,395.4722523600373,9.915081024169922,9.677445411682129
calibration,22,2000,5.6293458328582346e-05,1.0,0.009463722817599773,396.8238731306322,10.127737045288086,9.882484436035156
calibration,22,2025,4.32554807048291e-05,1.0,0.009463722817599773,398.2132656350361,10.338743209838867,10.086792945861816
calibration,22,2050,3.325644138385542e-05,1.0,0.009463722817599773,399.63818154770104,10.547967910766602,10.290258407592773
calibration,22,2075,2.5598656065994874e-05,1.0,0.009463722817599773,401.09772509894844,10.753737449645996,10.491592407226562
calibration,22,2100,0.1184181421995163,0.9716981053352356,0.0063091483898460865,398.8843419116105,7.111673355102539,7.173031330108643
calibration,22,2125,0.007873927243053913,1.0,0.012618296779692173,393.344666743315,8.126751899719238,8.12596321105957
calibration,22,2150,0.003887420753017068,1.0,0.015772869810461998,386.2538158020732,7.9648895263671875,7.932127952575684
calibration,22,2175,0.0038206411991268396,1.0,0.012618296779692173,379.21790365723353,7.576412200927734,7.526111602783203
calibration,22,2200,0.004053010605275631,1.0,0.012618296779692173,372.7315720481485,7.248228073120117,7.180666446685791
calibration,22,2225,0.004216695670038462,1.0,0.012618296779692173,366.94222053376285,6.992387294769287,6.903731822967529
calibration,22,2250,0.004339375998824835,1.0,0.015772869810461998,361.9312377758006,6.774279594421387,6.66670560836792
calibration,22,2275,0.004441420082002878,1.0,0.015772869810461998,357.80002430859116,6.5834197998046875,6.464090347290039
calibration,22,2300,0.004485065583139658,1.0,0.018927445635199547,354.68105536302767,6.428676605224609,6.305065155029297
calibration,22,2325,0.004419980105012655,1.0,0.018927445635199547,352.7123294566213,6.3264479637146,6.205430030822754
calibration,22,2350,0.004166029393672943,1.0,0.018927445635199547,351.98545773926844,6.294681072235107,6.181167125701904
calibration,22,2375,0.0036889356561005116,1.0,0.015772869810461998,352.44724344409894,6.343631267547607,6.239503860473633
calibration,22,2400,0.0030836020596325397,1.0,0.015772869810461998,353.86207676839814,6.464318752288818,6.369943141937256
calibration,22,2425,0.00247538392432034,1.0,0.012618296779692173,355.9172158227946,6.633995532989502,6.548899173736572
calibration,22,2450,0.0019397170981392264,1.0,0.012618296779692173,358.3467875525895,6.832338809967041,6.756122589111328
calibration,22,2475,0.0015007649781182408,1.0,0.012618296779692173,360.97423320782593,7.045974254608154,6.978726863861084
calibration,22,2500,0.0011543174041435122,1.0,0.012618296779692173,363.69879488734637,7.267657279968262,7.209606170654297
calibration,22,2525,0.0008855831692926586,1.0,0.012618296779692173,366.46877439467187,7.493638515472412,7.4450507164001465
calibration,22,2550,0.000678515643812716,1.0,0.012618296779692173,369.257784359739,7.722018241882324,7.683122634887695
calibration,22,2575,0.0005194178665988147,1.0,0.015772869810461998,372.04979995859344,7.951722145080566,7.922674179077148
calibration,22,2600,0.0003973498533014208,1.0,0.015772869810461998,374.83319414513613,8.182103157043457,8.16294002532959
calibration,22,2625,0.00030382422846741974,1.0,0.015772869810461998,377.59844559104346,8.412755966186523,8.403404235839844
calibration,22,2650,0.00023223680909723043,1.0,0.015772869810461998,380.3385305517377,8.643516540527344,8.64391040802002
calibration,22,2675,0.00017750578990671784,1.0,0.015772869810461998,383.04771698707845,8.874129295349121,8.884333610534668
calibration,22,2700,0.00013569295697379857,1.0,0.015772869810461998,385.7226709687417,9.104716300964355,9.124931335449219
calibration,22,2725,0.00010373509576311335,1.0,0.015772869810461998,388.3608811796576,9.335211753845215,9.365534782409668
calibration,22,2750,7.931461732368916e-05,1.0,0.015772869810461998,390.95992252250977,9.565587997436523,9.606024742126465
calibration,22,2775,6.062291140551679e-05,1.0,0.015772869810461998,393.5176797707595,9.795936584472656,9.846263885498047
calibration,22,2800,4.633506978279911e-05,1.0,0.015772869810461998,396.02906841299,10.025656700134277,10.085533142089844
calibration,22,2825,3.544485298334621e-05,1.0,0.015772869810461998,398.49044835097084,10.254437446594238,10.323386192321777
calibration,22,2850,2.712470814003609e-05,1.0,0.015772869810461998,400.90425444203856,10.482691764831543,10.560225486755371
calibration,22,2875,0.999118447303772,0.6839622855186462,0.022082019597291946,401.8165451611493,3.9546873569488525,4.120676040649414
calibration,22,2900,0.1030767560005188,0.9952830076217651,0.022082019597291946,401.2363313628212,5.388762950897217,5.548465251922607
calibration,22,2925,0.015594535507261753,1.0,0.012618296779692173,398.26471893978135,6.684168815612793,6.735043525695801
calibration,22,2950,0.010318586602807045,1.0,0.015772869810461998,393.53029062792365,6.697462558746338,6.713408946990967
calibration,22,2975,0.009330875240266323,1.0,0.015772869810461998,388.8378666902578,6.581689357757568,6.5838823318481445
calibration,22,3000,0.008160362020134926,1.0,0.015772869810461998,384.65095060942843,6.550804615020752,6.531183242797852
calibration,22,3025,0.006946041714400053,1.0,0.012618296779692173,380.97703924428606,6.5545573234558105,6.5094733238220215
calibration,22,3050,0.006058547180145979,1.0,0.009463722817599773,377.7876754226318,6.531872272491455,6.466092109680176
calibration,22,3075,0.0055139437317848206,1.0,0.012618296779692173,375.1404940105758,6.467071056365967,6.390401363372803
calibration,22,3100,0.005161811597645283,1.0,0.015772869810461998,373.16259187896054,6.380173683166504,6.30434513092041
calibration,22,3125,0.004785748198628426,1.0,0.018927445635199547,371.9920491582327,6.315906524658203,6.249161243438721
calibration,22,3150,0.004285062197595835,1.0,0.018927445635199547,371.69367527232424,6.307743549346924,6.252370834350586
calibration,22,3175,0.0036997857969254255,1.0,0.018927445635199547,372.22570615649306,6.357480525970459,6.314443588256836
calibration,22,3200,0.0030886512249708176,1.0,0.018927445635199547,373.4817045798523,6.455938339233398,6.425610065460205
calibration,22,3225,0.0025021641049534082,1.0,0.018927445635199547,375.31862666941373,6.59352970123291,6.576167583465576
calibration,22,3250,0.0019792914390563965,1.0,0.022082019597291946,377.5726656316897,6.761348724365234,6.757701396942139
calibration,22,3275,0.0015399883268401027,1.0,0.022082019597291946,380.09351300355405,6.951706409454346,6.962460994720459
calibration,22,3300,0.0011860319646075368,1.0,0.022082019597291946,382.76704129865004,7.158047676086426,7.183335304260254
calibration,22,3325,0.0009081539465114474,1.0,0.022082019597291946,385.5178575318157,7.375222206115723,7.414828777313232
calibration,22,3350,0.0006932725082151592,1.0,0.025236593559384346,388.29961518734905,7.599596977233887,7.653266906738281
calibration,22,3375,0.0005284274811856449,1.0,0.025236593559384346,391.0837952531132,7.828670024871826,7.8962016105651855
calibration,22,3400,0.00040253400220535696,1.0,0.025236593559384346,393.8525256566558,8.06074047088623,8.141758918762207
calibration,22,3425,0.00030668266117572784,1.0,0.025236593559384346,396.5951906953004,8.294758796691895,8.388480186462402
calibration,22,3450,0.363128125667572,0.9103773832321167,0.015772869810461998,398.74360211868634,4.124504089355469,4.2818708419799805
calibration,22,3475,0.030394012108445168,1.0,0.015772869810461998,399.6994045189813,5.805412769317627,5.7892632484436035
calibration,22,3500,0.010814462788403034,1.0,0.015772869810461998,397.24608800922726,6.216130256652832,6.173381328582764
calibration,22,3525,0.008978615514934063,1.0,0.015772869810461998,393.7237176736983,6.120495319366455,6.064537525177002
calibration,22,3550,0.008341694250702858,1.0,0.015772869810461998,390.49921242360324,6.033538341522217,5.965064525604248
calibration,22,3575,0.007758669555187225,1.0,0.015772869810461998,387.843200551533,5.970986366271973,5.891158103942871
calibration,22,3600,0.007352299988269806,1.0,0.018927445635199547,385.8329067211149,5.898054599761963,5.81174898147583
calibration,22,3625,0.007059190422296524,1.0,0.018927445635199547,384.57261136384,5.821865558624268,5.734516143798828
calibration,22,3650,0.006634741090238094,1.0,0.018927445635199547,384.18517628705297,5.780858039855957,5.697268486022949
calibration,22,3675,0.005959320813417435,1.0,0.022082019597291946,384.7205066201249,5.795828819274902,5.7197065353393555
calibration,22,3700,0.005100963171571493,1.0,0.025236593559384346,386.1125516521163,5.865467548370361,5.80042839050293
calibration,22,3725,0.004188981372863054,1.0,0.022082019597291946,388.2098217399655,5.983093738555908,5.930050373077393
calibration,22,3750,0.0033319999929517508,1.0,0.025236593559384346,390.8211764242698,6.138789176940918,6.096351623535156
calibration,22,3775,0.0025936332531273365,1.0,0.025236593559384346,393.7558572675352,6.3216328620910645,6.287726879119873
calibration,22,3800,0.001993213314563036,1.0,0.028391167521476746,396.86080324019804,6.521188735961914,6.49391508102417
calibration,22,3825,0.001521688187494874,1.0,0.028391167521476746,400.033797145192,6.72963285446167,6.7073798179626465
calibration,22,3850,0.001158330007456243,1.0,0.025236593559384346,403.2156458426,6.94212007522583,6.923600196838379
calibration,22,3875,0.0008807807462289929,1.0,0.025236593559384346,406.37572494749475,7.156066417694092,7.140255928039551
calibration,22,3900,0.0006694826879538596,1.0,0.025236593559384346,409.499066455043,7.37020206451416,7.356293678283691
calibration,22,3925,0.0005088587058708072,1.0,0.025236593559384346,412.5782403735535,7.583874702453613,7.571324825286865
calibration,22,3950,0.00038685841718688607,1.0,0.022082019597291946,415.6097753298699,7.796719074249268,7.785345554351807
calibration,22,3975,0.0002942472929134965,1.0,0.022082019597291946,418.5925057478136,8.008543014526367,7.998593330383301
calibration,22,4000,0.00022399364388547838,1.0,0.025236593559384346,421.527089163794,8.219205856323242,8.211339950561523
calibration,22,4025,0.00017069713794626296,1.0,0.025236593559384346,424.41583545475675,8.428898811340332,8.423980712890625
calibration,22,4050,5.362747669219971,0.4150943458080292,0.04416403919458389,427.1775151653419,8.21258544921875,8.213598251342773
calibration,22,4075,0.3279138207435608,0.948113203048706,0.009463722817599773,430.8656385534507,4.062469959259033,4.208085060119629
calibration,22,4100,0.025294402614235878,1.0,0.009463722817599773,432.43765441174344,6.119033336639404,6.243261337280273
calibration,22,4125,0.01144496351480484,1.0,0.009463722817599773,429.84093930580417,6.395204544067383,6.501374244689941
calibration,22,4150,0.009516417048871517,1.0,0.015772869810461998,426.5005404646097,6.314321994781494,6.420899391174316
calibration,22,4175,0.008127541281282902,1.0,0.015772869810461998,423.5292547135666,6.299164772033691,6.387082576751709
calibration,22,4200,0.006750107742846012,1.0,0.015772869810461998,420.9851870042396,6.319899559020996,6.37788724899292
calibration,22,4225,0.005815380718559027,1.0,0.015772869810461998,418.82272569618044,6.300605773925781,6.327306747436523
calibration,22,4250,0.0053423671051859856,1.0,0.018927445635199547,417.13270368589986,6.221837997436523,6.227473258972168
calibration,22,4275,0.0050261253491044044,1.0,0.022082019597291946,416.124296241425,6.142373561859131,6.135542392730713
calibration,22,4300,0.0046105459332466125,1.0,0.022082019597291946,415.9584257827905,6.111788272857666,6.099276065826416
calibration,22,4325,0.0040356763638556,1.0,0.022082019597291946,416.64723872203723,6.1431403160095215,6.127283573150635
calibration,22,4350,0.0033779742661863565,1.0,0.022082019597291946,418.0835163313079,6.233133792877197,6.216131210327148
calibration,22,4375,0.0027302331291139126,1.0,0.022082019597291946,420.10029046469265,6.3703131675720215,6.353466510772705
calibration,22,4400,0.0021540801972150803,1.0,0.022082019597291946,422.52543843407113,6.541502952575684,6.525026798248291
calibration,22,4425,0.0016741228755563498,1.0,0.022082019597291946,425.2152025540132,6.736694812774658,6.720521450042725
calibration,22,4450,0.001289540552534163,1.0,0.022082019597291946,428.0662084836241,6.948600769042969,6.93304967880249
calibration,22,4475,0.0009879468707367778,1.0,0.022082019597291946,431.0110344823829,7.172295570373535,7.157995223999023
calibration,22,4500,0.0007543210522271693,1.0,0.022082019597291946,434.0061179806743,7.404327392578125,7.391984939575195
calibration,22,4525,0.0005747367395088077,1.0,0.022082019597291946,437.02218047657897,7.64213228225708,7.632477760314941
calibration,22,4550,0.0004373841511551291,1.0,0.022082019597291946,440.03976080038734,7.883934020996094,7.877755165100098
calibration,22,4575,0.00033262421493418515,1.0,0.022082019597291946,443.04728368238284,8.128732681274414,8.12691879272461
calibration,22,4600,0.00025274083600379527,1.0,0.022082019597291946,446.04131538320263,8.376431465148926,8.38000774383545
calibration,22,4625,0.0001919866626849398,1.0,0.022082019597291946,449.0199948528047,8.62373161315918,8.633644104003906
calibration,22,4650,0.0001460937928641215,1.0,0.025236593559384346,451.96144887896054,8.868024826049805,8.884608268737793
calibration,22,4675,1.1265267133712769,0.6839622855186462,0.041009463369846344,454.4070754943583,3.104430913925171,3.2338836193084717
calibration,22,4700,0.07379192113876343,1.0,0.018927445635199547,459.85897780322017,6.408876419067383,6.504601955413818
calibration,22,4725,0.010670529678463936,1.0,0.015772869810461998,460.5826601636561,7.764749526977539,7.866579532623291
calibration,22,4750,0.006914847530424595,1.0,0.015772869810461998,457.59750363672543,7.669623851776123,7.74491024017334
calibration,22,4775,0.006294995546340942,1.0,0.012618296779692173,454.45694936480965,7.425860404968262,7.482039928436279
calibration,22,4800,0.005788609851151705,1.0,0.015772869810461998,451.8498984658095,7.240899085998535,7.280969142913818
calibration,22,4825,0.005289432592689991,1.0,0.015772869810461998,449.84291418427307,7.070030689239502,7.1029767990112305
calibration,22,4850,0.004829952027648687,1.0,0.018927445635199547,448.46441224957795,6.910089015960693,6.939822196960449
calibration,22,4875,0.004341150633990765,1.0,0.022082019597291946,447.8040931710584,6.796770095825195,6.822353363037109
calibration,22,4900,0.003815136617049575,1.0,0.028391167521476746,447.93732969033164,6.749405860900879,6.768729209899902
calibration,22,4925,0.003268798114731908,1.0,0.028391167521476746,448.8583282550117,6.76204776763916,6.776296138763428
calibration,22,4950,0.0027214486617594957,1.0,0.028391167521476746,450.45784282563125,6.826045989990234,6.838968753814697
calibration,22,4975,0.0022053783759474754,1.0,0.028391167521476746,452.5890536619168,6.933681011199951,6.947495937347412
calibration,22,5000,0.0017483762931078672,1.0,0.028391167521476746,455.1093506693888,7.076458930969238,7.091580390930176
calibration,22,5025,0.001363877672702074,1.0,0.028391167521476746,457.89986794906076,7.245245456695557,7.2620954513549805
calibration,22,5050,0.001052304171025753,1.0,0.025236593559384346,460.8682580203013,7.4319376945495605,7.451348304748535
calibration,22,5075,0.0008062337292358279,1.0,0.018927445635199547,463.9494060733765,7.630122661590576,7.652457237243652
calibration,22,5100,0.0006151311099529266,1.0,0.018927445635199547,467.09963027073115,7.835367202758789,7.860203742980957
calibration,22,5125,1.2054609060287476,0.6556603908538818,0.022082019597291946,469.1448281446502,2.3282527923583984,2.474830150604248
calibration,22,5150,0.04644725099205971,1.0,0.028391167521476746,479.5011115614172,6.649008750915527,6.778659820556641
calibration,22,5175,0.009050137363374233,1.0,0.028391167521476746,481.7627305658566,7.458965301513672,7.486006259918213
calibration,22,5200,0.006153497379273176,1.0,0.022082019597291946,479.50779285196126,7.307828426361084,7.294088840484619
calibration,22,5225,0.005926700308918953,1.0,0.018927445635199547,477.0017288347499,7.0727434158325195,7.046461582183838
calibration,22,5250,0.005598212126642466,1.0,0.025236593559384346,475.17100353481584,6.909601211547852,6.875140190124512
calibration,22,5275,0.005059708375483751,1.0,0.025236593559384346,474.1387442798197,6.802427291870117,6.765575408935547
calibration,22,5300,0.004453790839761496,1.0,0.025236593559384346,473.9609144682904,6.746065139770508,6.714442729949951
calibration,22,5325,0.0038179229013621807,1.0,0.025236593559384346,474.6542062079831,6.74500846862793,6.722250938415527
calibration,22,5350,0.003172321943566203,1.0,0.025236593559384346,476.1514420124869,6.794927597045898,6.782959938049316
calibration,22,5375,0.0025625473354011774,1.0,0.018927445635199547,478.28451467539264,6.8842244148254395,6.883908748626709
calibration,22,5400,0.0020284627098590136,1.0,0.015772869810461998,480.8595090528803,7.001454830169678,7.013079643249512
calibration,22,5425,0.0015831327764317393,1.0,0.012618296779692173,483.7429360192558,7.138891696929932,7.159807205200195
calibration,22,5450,0.0012260437943041325,1.0,0.012618296779692173,486.90298648222137,7.292552471160889,7.318943023681641
calibration,22,5475,0.0009426814503967762,1.0,0.012618296779692173,490.29285089606145,7.457226276397705,7.485724449157715
calibration,22,5500,0.0007236755918711424,1.0,0.012618296779692173,493.88823471070407,7.627978324890137,7.6585540771484375
calibration,22,5525,0.0005564073217101395,1.0,0.009463722817599773,497.62023798311895,7.807928085327148,7.84455680847168
calibration,22,5550,0.00042698689503595233,1.0,0.012618296779692173,501.3897726792011,7.9962310791015625,8.041011810302734
calibration,22,5575,0.0003270353772677481,1.0,0.018927445635199547,505.1402152811487,8.192225456237793,8.2462158203125
calibration,22,5600,0.00025024122442118824,1.0,0.018927445635199547,508.8415520398586,8.393638610839844,8.457592964172363
calibration,22,5625,0.0001914273452712223,1.0,0.018927445635199547,512.480418033258,8.598756790161133,8.673202514648438
calibration,22,5650,0.00014642946189269423,1.0,0.018927445635199547,516.0532891393912,8.807086944580078,8.892158508300781
calibration,22,5675,1.0871288776397705,0.650943398475647,0.028391167521476746,520.3269584977014,4.371848106384277,4.438732624053955
calibration,22,5700,0.19569441676139832,1.0,0.022082019597291946,522.6889197674448,4.160163879394531,4.33222770690918
calibration,22,5725,0.027495253831148148,1.0,0.028391167521476746,523.423489155124,5.871984958648682,5.97585916519165
calibration,22,5750,0.012665582820773125,1.0,0.031545739620923996,520.5311923047825,6.362811088562012,6.384361267089844
calibration,22,5775,0.010055405087769032,1.0,0.025236593559384346,516.9122507569758,6.397370338439941,6.359884262084961
calibration,22,5800,0.008971291594207287,1.0,0.025236593559384346,513.6200493867264,6.336101055145264,6.254383087158203
calibration,22,5825,0.008373396471142769,1.0,0.025236593559384346,510.9078162455133,6.237451076507568,6.129943370819092
calibration,22,5850,0.007933316752314568,1.0,0.022082019597291946,508.91564095718627,6.129601001739502,6.009904861450195
calibration,22,5875,0.007381920702755451,1.0,0.025236593559384346,507.81010667336386,6.049958229064941,5.92694616317749
calibration,22,5900,0.006621962878853083,1.0,0.031545739620923996,507.68010873627424,6.020699501037598,5.903869152069092
calibration,22,5925,0.005703951232135296,1.0,0.031545739620923996,508.44113855959125,6.0479655265808105,5.943570613861084
calibration,22,5950,0.004734594374895096,1.0,0.031545739620923996,509.9290216435541,6.125478744506836,6.034476280212402
calibration,22,5975,0.003813642542809248,1.0,0.025236593559384346,511.9719256126559,6.241757392883301,6.163125991821289
calibration,22,6000,0.0030027746688574553,1.0,0.022082019597291946,514.4167920813169,6.385965824127197,6.318824768066406
calibration,22,6025,0.0023267827928066254,1.0,0.022082019597291946,517.1429806994194,6.549836158752441,6.493706703186035
calibration,22,6050,0.001783740590326488,1.0,0.022082019597291946,520.0588123642782,6.727411270141602,6.681512832641602
calibration,22,6075,0.001360107446089387,1.0,0.022082019597291946,523.0913940391084,6.914159297943115,6.876567840576172
calibration,22,6100,0.0010355360573157668,1.0,0.025236593559384346,526.1768296222951,7.10740327835083,7.076354503631592
calibration,22,6125,0.0007881197379902005,1.0,0.025236593559384346,529.276392754715,7.306002616882324,7.2794694900512695
calibration,22,6150,0.0005996560212224722,1.0,0.025236593559384346,532.3713714317471,7.509084224700928,7.484348297119141
calibration,22,6175,0.00045612588291987777,1.0,0.022082019597291946,535.4513532817218,7.715981960296631,7.68975305557251
calibration,22,6200,0.0003468799404799938,1.0,0.022082019597291946,538.510548690702,7.925840854644775,7.896410942077637
calibration,22,6225,0.0002637885045260191,1.0,0.025236593559384346,541.5457929352857,8.137602806091309,8.105733871459961
calibration,22,6250,0.0002006278227781877,1.0,0.028391167521476746,544.5511176874681,8.350435256958008,8.317851066589355
calibration,22,6275,0.00616173492744565,0.9952830076217651,0.025236593559384346,547.5101415226944,8.569844245910645,8.522597312927246
calibration,22,6300,0.7163845300674438,0.7877358198165894,0.04416403919458389,553.1897920031375,3.620216131210327,3.5253612995147705
calibration,22,6325,0.0451732836663723,1.0,0.04416403919458389,556.9114737822355,6.935330390930176,6.787043571472168
calibration,22,6350,0.013454425148665905,1.0,0.04416403919458389,555.948939556175,7.353827476501465,7.1623945236206055
calibration,22,6375,0.009765100665390491,1.0,0.04416403919458389,552.9105299566259,7.171097755432129,6.966749668121338
calibration,22,6400,0.008578754961490631,1.0,0.04731861129403114,550.027508741099,6.964611053466797,6.762457370758057
calibration,22,6425,0.007582307327538729,1.0,0.04416403919458389,547.7860943469982,6.799081325531006,6.595032215118408
calibration,22,6450,0.006578496657311916,1.0,0.04416403919458389,546.3051824938258,6.681193828582764,6.478640556335449
calibration,22,6475,0.005592178553342819,1.0,0.04731861129403114,545.6109850063697,6.603015899658203,6.402906894683838
calibration,22,6500,0.004674375988543034,1.0,0.04416403919458389,545.6662908930668,6.561807155609131,6.365851402282715
calibration,22,6525,0.00385693134739995,1.0,0.04731861129403114,546.405658168929,6.56000280380249,6.370584964752197
calibration,22,6550,0.0031482866033911705,1.0,0.04731861129403114,547.7080703688523,6.600137233734131,6.418381214141846
calibration,22,6575,0.002536538988351822,1.0,0.04416403919458389,549.5360226386634,6.681280612945557,6.503350257873535
calibration,22,6600,0.002014691010117531,1.0,0.04416403919458389,551.7688134816384,6.795527458190918,6.618032932281494
calibration,22,6625,0.00157566845882684,1.0,0.04731861129403114,554.2741864659307,6.93531608581543,6.760056495666504
calibration,22,6650,0.0012157043674960732,1.0,0.04731861129403114,557.018240740902,7.094017028808594,6.922570705413818
calibration,22,6675,0.0009329864988103509,1.0,0.041009463369846344,559.9648909844568,7.261670112609863,7.095645904541016
calibration,22,6700,0.0007141314563341439,1.0,0.04416403919458389,563.0135727616914,7.436954021453857,7.276954650878906
calibration,22,6725,0.0005462906556203961,1.0,0.034700315445661545,566.10636997431,7.618612766265869,7.463772773742676
calibration,22,6750,0.0004176336224190891,1.0,0.037854891270399094,569.2139921959321,7.805466651916504,7.653703212738037
calibration,22,6775,0.00031902515911497176,1.0,0.037854891270399094,572.3159028711507,7.995909214019775,7.8461198806762695
calibration,22,6800,3.150104522705078,0.4292452931404114,0.041009463369846344,575.1110775768444,5.334122180938721,5.5342631340026855
calibration,22,6825,0.17579536139965057,0.9528301954269409,0.041009463369846344,578.9912637545763,6.353794097900391,6.2804484367370605
calibration,22,6850,0.024289466440677643,0.9952830076217651,0.037854891270399094,580.5809985028121,7.438606262207031,7.33921480178833
calibration,22,6875,0.01423109881579876,0.9905660152435303,0.041009463369846344,577.9166854727849,7.504184722900391,7.351329803466797
calibration,22,6900,0.012723909690976143,0.9952830076217651,0.041009463369846344,574.977216709409,7.331783294677734,7.185545921325684
calibration,22,6925,0.009530163370072842,1.0,0.034700315445661545,572.0742561569433,7.148970127105713,6.9979658126831055
calibration,22,6950,0.004645487759262323,1.0,0.034700315445661545,569.618163673785,7.0348639488220215,6.875384330749512
calibration,22,6975,0.0037884600460529327,1.0,0.034700315445661545,568.8627590962692,6.938450813293457,6.775519371032715
calibration,22,7000,0.0032371312845498323,1.0,0.031545739620923996,569.1970337370334,6.881774425506592,6.707592487335205
calibration,22,7025,0.0027297367341816425,1.0,0.031545739620923996,570.4375361330643,6.875503063201904,6.6908040046691895
calibration,22,7050,0.002246386604383588,1.0,0.034700315445661545,572.3589908796101,6.918094635009766,6.729184150695801
calibration,22,7075,0.0018022453878074884,1.0,0.041009463369846344,574.7808791866541,6.997032165527344,6.8058180809021
calibration,22,7100,0.0014190149959176779,1.0,0.041009463369846344,577.6016536869615,7.10255765914917,6.910661220550537
calibration,22,7125,0.0011047160951420665,1.0,0.037854891270399094,580.6605446233802,7.228154182434082,7.037491321563721
calibration,22,7150,0.0008557611145079136,1.0,0.037854891270399094,583.8510319348534,7.369009017944336,7.180150985717773
calibration,22,7175,0.000661269819829613,1.0,0.037854891270399094,587.1426342591051,7.5235915184021,7.335837364196777
calibration,22,7200,0.0005097487010061741,1.0,0.041009463369846344,590.5402448204943,7.690709590911865,7.5037665367126465
calibration,22,7225,0.0003919673035852611,1.0,0.041009463369846344,594.0282019062508,7.8689284324646,7.68290376663208
calibration,22,7250,0.0003007616614922881,1.0,0.041009463369846344,597.5766666420659,8.056057929992676,7.871429920196533
calibration,22,7275,0.0002304205554537475,1.0,0.037854891270399094,601.1564050984326,8.249571800231934,8.067327499389648
calibration,22,7300,0.00017635391850490123,1.0,0.034700315445661545,604.7412136823009,8.447081565856934,8.268110275268555
calibration,22,7325,0.0001349459489574656,1.0,0.034700315445661545,608.3107984625901,8.647221565246582,8.471576690673828
calibration,22,7350,0.00010327631025575101,1.0,0.037854891270399094,611.8501626764939,8.849198341369629,8.676533699035645
calibration,22,7375,7.902023935457692e-05,1.0,0.037854891270399094,615.3447843689277,9.052404403686523,8.882290840148926
calibration,22,7400,6.048665090929717e-05,1.0,0.037854891270399094,618.781560798613,9.256265640258789,9.088268280029297
calibration,22,7425,4.6282664698082954e-05,1.0,0.037854891270399094,622.1506063826639,9.460546493530273,9.294443130493164
calibration,22,7450,3.62128448614385e-05,1.0,0.037854891270399094,625.4407553990751,9.663633346557617,9.501522064208984
calibration,22,7475,0.33611103892326355,0.9245283007621765,0.037854891270399094,618.7399873358933,4.714786052703857,4.736817359924316
calibration,22,7500,0.01769869029521942,1.0,0.022082019597291946,619.4341047153616,7.658468246459961,7.440276145935059
calibration,22,7525,0.006423231679946184,1.0,0.022082019597291946,616.1903780998298,7.836256980895996,7.580287456512451
calibration,22,7550,0.005434699822217226,1.0,0.022082019597291946,612.0600210881479,7.589251518249512,7.325110912322998
calibration,22,7575,0.005242364946752787,1.0,0.022082019597291946,608.404267303898,7.305202484130859,7.046883583068848
calibration,22,7600,0.004958047065883875,1.0,0.022082019597291946,605.4853430471239,7.071694374084473,6.81846284866333
calibration,22,7625,0.004533848259598017,1.0,0.018927445635199547,603.4148821362717,6.895627975463867,6.640149116516113
calibration,22,7650,0.004042703192681074,1.0,0.022082019597291946,602.3259459874223,6.765008926391602,6.505271911621094
calibration,22,7675,0.003536083735525608,1.0,0.022082019597291946,602.2030591648635,6.67170524597168,6.416213035583496
calibration,22,7700,0.0030308980494737625,1.0,0.022082019597291946,602.9440661826786,6.623292446136475,6.376560211181641
calibration,22,7725,0.0025320053100585938,1.0,0.022082019597291946,604.4114131632215,6.624636650085449,6.386874198913574
calibration,22,7750,0.002053153933957219,1.0,0.022082019597291946,606.4349558339047,6.672472953796387,6.439206123352051
calibration,22,7775,0.0016305475728586316,1.0,0.025236593559384346,608.9334313549092,6.756351947784424,6.532342910766602
calibration,22,7800,0.001281448290683329,1.0,0.028391167521476746,611.803760255004,6.870420932769775,6.653745651245117
calibration,22,7825,0.0009966565994545817,1.0,0.031545739620923996,614.914330836644,7.0078277587890625,6.797050476074219
calibration,22,7850,0.000769849109929055,1.0,0.028391167521476746,618.1992077016307,7.161211013793945,6.955204486846924
calibration,22,7875,0.0005924366414546967,1.0,0.028391167521476746,621.6104994762051,7.326514720916748,7.124190807342529
calibration,22,7900,0.00045492747449316084,1.0,0.028391167521476746,625.1137294777143,7.500586032867432,7.301077842712402
calibration,22,7925,0.0003488343791104853,1.0,0.025236593559384346,628.68341413709,7.681351184844971,7.4840192794799805
calibration,22,7950,0.00026721632457338274,1.0,0.022082019597291946,632.2978139162531,7.8674116134643555,7.671652793884277
calibration,22,7975,0.00020455740741454065,1.0,0.025236593559384346,635.9366887776788,8.05756664276123,7.8628339767456055
calibration,22,8000,0.0001565432030474767,1.0,0.025236593559384346,639.5817309007314,8.250779151916504,8.056556701660156
calibration,22,8025,0.00011976231326116249,1.0,0.025236593559384346,643.2171656448139,8.446101188659668,8.25192642211914
calibration,22,8050,9.163413051282987e-05,1.0,0.018927445635199547,646.8294603652382,8.642786026000977,8.448267936706543
calibration,22,8075,7.01237513567321e-05,1.0,0.018927445635199547,650.4081949401883,8.840301513671875,8.645090103149414
calibration,22,8100,5.3675950766773894e-05,1.0,0.022082019597291946,653.9428524521771,9.038228034973145,8.841964721679688
calibration,22,8125,4.110917871003039e-05,1.0,0.022082019597291946,657.4228736479862,9.236252784729004,9.03828239440918
calibration,22,8150,3.147226743749343e-05,1.0,0.022082019597291946,660.8371281962173,9.43416976928711,9.233031272888184
calibration,22,8175,2.4098437279462814e-05,1.0,0.025236593559384346,664.1744304725142,9.631583213806152,9.426962852478027
calibration,22,8200,1.8446282410877757e-05,1.0,0.025236593559384346,667.4469765143918,9.827829360961914,9.621530532836914
calibration,22,8225,1.415990300301928e-05,1.0,0.025236593559384346,670.6640753278245,10.021739959716797,9.813581466674805
calibration,22,8250,1.0877767635975033e-05,1.0,0.025236593559384346,673.8047929155649,10.216081619262695,10.005006790161133
calibration,22,8275,8.355287718586624e-06,1.0,0.025236593559384346,676.8513938928539,10.410487174987793,10.196032524108887
calibration,22,8300,1.420340895652771,0.6084905862808228,0.05047318711876869,673.8298404706903,2.4238176345825195,2.4402120113372803
calibration,22,8325,0.1839023381471634,0.9622641801834106,0.04731861129403114,675.7207876043219,5.445266246795654,5.465096950531006
calibration,22,8350,0.021111246198415756,1.0,0.05362775921821594,675.744873408773,7.665487766265869,7.582886219024658
calibration,22,8375,0.006964538246393204,1.0,0.05047318711876869,672.4442259565584,8.052356719970703,7.898244857788086
calibration,22,8400,0.005192621611058712,1.0,0.05047318711876869,668.6212585199972,7.913707256317139,7.740939617156982
calibration,22,8425,0.004560626577585936,1.0,0.05047318711876869,665.1059513364833,7.695957183837891,7.527205467224121
calibration,22,8450,0.0041457111947238445,1.0,0.04731861129403114,662.1276358558582,7.488729953765869,7.325623512268066
calibration,22,8475,0.003806557971984148,1.0,0.04416403919458389,659.7731989303207,7.303144931793213,7.143600940704346
calibration,22,8500,0.0033919052220880985,1.0,0.05047318711876869,658.0416426570929,7.151338577270508,6.988793849945068
calibration,22,8525,0.0029642831068485975,1.0,0.04416403919458389,657.0427104420068,7.03178596496582,6.871670722961426
calibration,22,8550,0.0025851833634078503,1.0,0.041009463369846344,656.8170224415165,6.954408645629883,6.804210662841797
calibration,22,8575,0.0022099793422967196,1.0,0.04416403919458389,657.3962777876221,6.936999797821045,6.794923782348633
calibration,22,8600,0.0018419717671349645,1.0,0.04731861129403114,658.7267838872202,6.972645282745361,6.839273929595947
calibration,22,8625,0.0014976176898926497,1.0,0.04731861129403114,660.6890907692826,7.053769588470459,6.9323320388793945
calibration,22,8650,0.0011915917275473475,1.0,0.04416403919458389,663.1338366113225,7.171235084533691,7.064136981964111
calibration,22,8675,0.0009331860346719623,1.0,0.04416403919458389,665.9258942250244,7.3158793449401855,7.223613262176514
calibration,22,8700,0.0007234005024656653,1.0,0.05047318711876869,668.9592657486218,7.479012489318848,7.3997087478637695
calibration,22,8725,0.0005573026719503105,1.0,0.04731861129403114,672.1469204022757,7.654265880584717,7.585039138793945
calibration,22,8750,0.00042778777424246073,1.0,0.04416403919458389,675.425321742613,7.837977886199951,7.776541709899902
calibration,22,8775,0.0003278134681750089,1.0,0.037854891270399094,678.7501222970271,8.027511596679688,7.972221374511719
calibration,22,8800,0.0002510366612114012,1.0,0.034700315445661545,682.0927461202584,8.221273422241211,8.170888900756836
calibration,22,8825,0.00019219644309487194,1.0,0.031545739620923996,685.4326665067588,8.41843032836914,8.372132301330566
calibration,22,8850,0.00014712348638568074,1.0,0.034700315445661545,688.7532399827154,8.618216514587402,8.575486183166504
calibration,22,8875,0.00011258437734795734,1.0,0.031545739620923996,692.0419371431915,8.819936752319336,8.780450820922852
calibration,22,8900,8.61269436427392e-05,1.0,0.034700315445661545,695.2902828373351,9.022926330566406,8.986473083496094
calibration,22,8925,6.585563096450642e-05,1.0,0.034700315445661545,698.4935107829723,9.226520538330078,9.193081855773926
calibration,22,8950,5.036641960032284e-05,1.0,0.034700315445661545,701.6500400919781,9.430039405822754,9.399846076965332
calibration,22,8975,3.8518195651704445e-05,1.0,0.034700315445661545,704.7619403359657,9.633145332336426,9.60714340209961
calibration,22,9000,2.9441285732900724e-05,1.0,0.034700315445661545,707.8338959685929,9.834770202636719,9.816082000732422
calibration,22,9025,2.2540887584909797e-05,1.0,0.034700315445661545,710.8594862443709,10.033791542053223,10.019034385681152
calibration,22,9050,1.730875919747632e-05,1.0,0.031545739620923996,713.822792379168,10.23317813873291,10.220207214355469
calibration,22,9075,1.3299022612045519e-05,1.0,0.031545739620923996,716.72539602398,10.434615135192871,10.422179222106934
calibration,22,9100,1.0222125638392754e-05,1.0,0.028391167521476746,719.5648062310956,10.637459754943848,10.624739646911621
calibration,22,9125,1.2273401021957397,0.6415094137191772,0.04731861129403114,717.8601796833128,3.353817939758301,3.470228672027588
calibration,22,9150,0.15823562443256378,0.9716981053352356,0.05993690714240074,720.7978993616601,5.963929653167725,6.065492630004883
calibration,22,9175,0.020833807066082954,0.9952830076217651,0.05678233504295349,724.4987110395175,8.231363296508789,8.336487770080566
calibration,22,9200,0.011435185559093952,0.9952830076217651,0.04731861129403114,721.9641386374465,8.378365516662598,8.362070083618164
calibration,22,9225,0.01069437712430954,0.9905660152435303,0.04731861129403114,718.5339594152513,8.102727890014648,8.059743881225586
calibration,22,9250,0.010479212738573551,0.9952830076217651,0.04416403919458389,715.4909924583923,7.836392402648926,7.780829429626465
calibration,22,9275,0.011373529210686684,0.9952830076217651,0.04416403919458389,713.0838039655329,7.647330284118652,7.574075222015381
calibration,22,9300,0.009982777759432793,0.9952830076217651,0.05362775921821594,711.2887046754855,7.459688663482666,7.353291988372803
calibration,22,9325,0.009512010961771011,0.9952830076217651,0.05993690714240074,710.1167417348278,7.3420844078063965,7.22868013381958
calibration,22,9350,0.008104723878204823,1.0,0.06309147924184799,709.171956248161,7.254976749420166,7.1362738609313965
calibration,22,9375,0.06517128646373749,0.9952830076217651,0.037854891270399094,706.8329316481226,6.094489097595215,6.021097183227539
calibration,22,9400,0.013227344490587711,0.9952830076217651,0.04416403919458389,708.9005458805872,6.938477039337158,6.7762017250061035
calibration,22,9425,0.010197020135819912,0.9952830076217651,0.04416403919458389,707.9342758458969,6.917701721191406,6.7363715171813965
calibration,22,9450,0.009915946051478386,0.9952830076217651,0.041009463369846344,706.3402922291245,6.717587947845459,6.5398993492126465
calibration,22,9475,0.004572171252220869,1.0,0.04731861129403114,705.0023096057676,6.599841117858887,6.438234329223633
calibration,22,9500,0.0030322123784571886,1.0,0.05993690714240074,705.0599275971924,6.57460355758667,6.4075822830200195
calibration,22,9525,0.0024404481519013643,1.0,0.05362775921821594,705.9685003981717,6.592824459075928,6.439966201782227
calibration,22,9550,0.002054222160950303,1.0,0.05678233504295349,707.3505692094783,6.636720657348633,6.499395370483398
calibration,22,9575,0.0016779289580881596,1.0,0.05678233504295349,709.3896962950197,6.723518371582031,6.60139799118042
calibration,22,9600,0.0013311575166881084,1.0,0.05993690714240074,711.9653550500018,6.846827030181885,6.7430877685546875
calibration,22,9625,0.0010358113795518875,1.0,0.05678233504295349,714.9307917360147,6.9935302734375,6.90998649597168
calibration,22,9650,0.000802583759650588,1.0,0.05362775921821594,718.138883980117,7.1525750160217285,7.088398456573486
calibration,22,9675,0.0006191043648868799,1.0,0.05047318711876869,721.5386864460075,7.320160388946533,7.274620056152344
calibration,22,9700,0.0004748708743136376,1.0,0.05047318711876869,725.0983285604196,7.493472576141357,7.465987682342529
calibration,22,9725,0.0003630610881373286,1.0,0.05047318711876869,728.781943761235,7.670006275177002,7.65975284576416
calibration,22,9750,0.0002774978638626635,1.0,0.04731861129403114,732.5598603112126,7.849198341369629,7.855289459228516
calibration,22,9775,0.00021222518989816308,1.0,0.04416403919458389,736.4135618227634,8.030579566955566,8.05247688293457
calibration,22,9800,0.000162549753440544,1.0,0.037854891270399094,740.3314668192287,8.2135648727417,8.249822616577148
calibration,22,9825,0.00012454889656510204,1.0,0.037854891270399094,744.3006580381953,8.398752212524414,8.448779106140137
calibration,22,9850,9.540981409372762e-05,1.0,0.041009463369846344,748.2998896052019,8.585644721984863,8.649121284484863
calibration,22,9875,7.306280167540535e-05,1.0,0.041009463369846344,752.3091125123324,8.7735013961792,8.85007381439209
calibration,22,9900,5.5944783525774255e-05,1.0,0.04416403919458389,756.3105275679786,8.961676597595215,9.050907135009766
calibration,22,9925,4.285566319595091e-05,1.0,0.04416403919458389,760.2898431447462,9.150110244750977,9.251235008239746
calibration,22,9950,3.2816151360748336e-05,1.0,0.04416403919458389,764.2371074512434,9.33887004852295,9.450824737548828
calibration,22,9975,2.5151623049168848e-05,1.0,0.04731861129403114,768.141945613198,9.527772903442383,9.649375915527344
calibration,22,10000,1.927342418639455e-05,1.0,0.04731861129403114,771.9977199011967,9.716541290283203,9.846396446228027
calibration,22,10025,1.4786869542149361e-05,1.0,0.04731861129403114,775.7997030046309,9.90539836883545,10.042314529418945
calibration,22,10050,1.1339418961142655e-05,1.0,0.05047318711876869,779.5412505964857,10.094355583190918,10.237220764160156
calibration,22,10075,8.710663678357378e-06,1.0,0.04731861129403114,783.2087491534095,10.282974243164062,10.430536270141602
calibration,22,10100,6.6880625126941595e-06,1.0,0.05047318711876869,786.7985703068024,10.471870422363281,10.623044967651367
calibration,22,10125,5.1411648200883064e-06,1.0,0.05047318711876869,790.3060695745233,10.661297798156738,10.815224647521973
calibration,22,10150,3.950765403715195e-06,1.0,0.05047318711876869,793.7068374045142,10.849512100219727,11.005526542663574
calibration,22,10175,3.0347698611876694e-06,1.0,0.05362775921821594,796.9817162058167,11.035440444946289,11.192302703857422
calibration,22,10200,2.358316123718396e-06,1.0,0.05362775921821594,800.1257100858771,11.218424797058105,11.376705169677734
calibration,22,10225,0.00021453657245729119,1.0,0.05362775921821594,803.1639699998601,11.416227340698242,11.570174217224121
calibration,22,10250,0.27270492911338806,0.9433962106704712,0.06624605506658554,800.8823111565144,4.714749336242676,4.7681145668029785
calibration,22,10275,0.015435748733580112,1.0,0.06940063089132309,804.3306725883375,7.552865982055664,7.565701484680176
calibration,22,10300,0.00517757423222065,1.0,0.07570978254079819,802.1135057383057,7.909671306610107,7.9063215255737305
calibration,22,10325,0.0041836341843008995,1.0,0.08832807838916779,798.6137390761687,7.760842800140381,7.728108882904053
calibration,22,10350,0.0037471370305866003,1.0,0.08517350256443024,795.3634591119026,7.5825018882751465,7.5300774574279785
calibration,22,10375,0.0033086140174418688,1.0,0.08517350256443024,792.579309116469,7.4330363273620605,7.368834972381592
calibration,22,10400,0.0029271659441292286,1.0,0.08201892673969269,790.3053847996314,7.290698528289795,7.214694023132324
calibration,22,10425,0.0026215410325676203,1.0,0.08201892673969269,788.5951538277137,7.147963047027588,7.058915615081787
calibration,22,10450,0.002328232629224658,1.0,0.07886435091495514,787.4868357130613,7.021360397338867,6.921371936798096
calibration,22,10475,0.0020388264674693346,1.0,0.07886435091495514,787.0315344421748,6.921736240386963,6.81864595413208
calibration,22,10500,0.0017748601967468858,1.0,0.07570978254079819,787.2889934235633,6.855733394622803,6.757145404815674
calibration,22,10525,0.0015198873588815331,1.0,0.06940063089132309,788.2712099181584,6.83244514465332,6.742411136627197
calibration,22,10550,0.0012630517594516277,1.0,0.06940063089132309,789.8998663231637,6.857919216156006,6.778960704803467
calibration,22,10575,0.0010227824095636606,1.0,0.06940063089132309,792.0783976671535,6.924201011657715,6.857751846313477
calibration,22,10600,0.0008149286732077599,1.0,0.06940063089132309,794.7038101812042,7.025485515594482,6.971731662750244
calibration,22,10625,0.0006374940858222544,1.0,0.07570978254079819,797.644070314545,7.155738830566406,7.114708423614502
calibration,22,10650,0.0004913635202683508,1.0,0.07255520671606064,800.799060906011,7.3021931648254395,7.27324914932251
calibration,22,10675,0.0003801289130933583,1.0,0.07570978254079819,804.0963054634832,7.457442283630371,7.438143253326416
calibration,22,10700,0.000293579010758549,1.0,0.07886435091495514,807.5050473500183,7.6236748695373535,7.6110615730285645
calibration,22,10725,0.00022578139032702893,1.0,0.07570978254079819,810.9791843249277,7.799034118652344,7.790713310241699
calibration,22,10750,0.0001728061615722254,1.0,0.07570978254079819,814.47463744006,7.979902744293213,7.973962783813477
calibration,22,10775,0.00013189493620302528,1.0,0.07886435091495514,817.9844097636403,8.161377906799316,8.157231330871582
calibration,22,10800,0.00010102911619469523,1.0,0.08201892673969269,821.5348322765866,8.344722747802734,8.341322898864746
calibration,22,10825,7.741956505924463e-05,1.0,0.07886435091495514,825.0899849836634,8.530067443847656,8.526750564575195
calibration,22,10850,5.928625614615157e-05,1.0,0.08201892673969269,828.6416696418474,8.717386245727539,8.714509963989258
calibration,22,10875,4.539767178357579e-05,1.0,0.08201892673969269,832.175604864555,8.905837059020996,8.903751373291016
calibration,22,10900,3.4752632927848026e-05,1.0,0.08201892673969269,835.6826496401899,9.094928741455078,9.093891143798828
calibration,22,10925,2.662368024175521e-05,1.0,0.07886435091495514,839.1522886630256,9.284193992614746,9.284539222717285
calibration,22,10950,2.041037441813387e-05,1.0,0.07886435091495514,842.5767352351138,9.473753929138184,9.475717544555664
calibration,22,10975,1.5644365703337826e-05,1.0,0.08201892673969269,845.9454329767769,9.662741661071777,9.666648864746094
calibration,22,11000,1.1998992704320699e-05,1.0,0.08201892673969269,849.2505391886342,9.851487159729004,9.857535362243652
calibration,22,11025,9.212233635480516e-06,1.0,0.08201892673969269,852.4786755970086,10.038887977600098,10.047659873962402
calibration,22,11050,7.068177637847839e-06,1.0,0.08201892673969269,855.6236773994294,10.226006507873535,10.237091064453125
calibration,22,11075,5.421753485279623e-06,1.0,0.08201892673969269,858.6724399270903,10.41142749786377,10.425233840942383
calibration,22,11100,4.175125468464103e-06,1.0,0.08201892673969269,861.606037814493,10.594740867614746,10.611919403076172
calibration,22,11125,3.219768814233248e-06,1.0,0.07886435091495514,864.4182127732354,10.77487564086914,10.794794082641602
calibration,22,11150,2.480898274370702e-06,1.0,0.07570978254079819,867.1133795364675,10.955148696899414,10.978174209594727
calibration,22,11175,1.91915501090989e-06,1.0,0.07570978254079819,869.6881961949023,11.140064239501953,11.164703369140625
calibration,22,11200,0.90902179479599,0.7122641801834106,0.09148264676332474,864.3336019091173,2.9754974842071533,2.994372606277466
calibration,22,11225,0.10307811945676804,0.9905660152435303,0.09779179841279984,866.9707648944061,5.446042537689209,5.478488922119141
calibration,22,11250,0.020280592143535614,0.9952830076217651,0.10725551843643188,867.668757180468,7.415779113769531,7.439741611480713
calibration,22,11275,0.013158367946743965,1.0,0.10410095006227493,864.7941616238325,7.704380512237549,7.687366008758545
calibration,22,11300,0.008087515830993652,1.0,0.09779179841279984,861.3347198822075,7.656772613525391,7.5901079177856445
calibration,22,11325,0.004477894399315119,1.0,0.10725551843643188,858.6766665385451,7.623892307281494,7.52068567276001
calibration,22,11350,0.0037473426200449467,1.0,0.09779179841279984,856.2839790018339,7.48091459274292,7.354616165161133
calibration,22,11375,0.003455640282481909,1.0,0.09779179841279984,854.2917583660586,7.303897380828857,7.1652116775512695
calibration,22,11400,0.003245452418923378,1.0,0.10410095006227493,852.9174562161926,7.147517681121826,7.007158279418945
calibration,22,11425,0.0029677990823984146,1.0,0.10410095006227493,852.2552896070314,7.0358123779296875,6.8963470458984375
calibration,22,11450,0.0025986945256590843,1.0,0.10410095006227493,852.3058306967554,6.978557586669922,6.8374152183532715
calibration,22,11475,0.002180117415264249,1.0,0.11041009426116943,853.031317440346,6.96956205368042,6.824481964111328
calibration,22,11500,0.0017781968927010894,1.0,0.10094637423753738,854.368421958548,6.999608039855957,6.851878643035889
calibration,22,11525,0.0014379159547388554,1.0,0.10094637423753738,856.2758580786559,7.063991069793701,6.919103145599365
calibration,22,11550,0.0011471277102828026,1.0,0.09779179841279984,858.6348557235411,7.164587020874023,7.024508953094482
calibration,22,11575,0.0008967331959865987,1.0,0.10410095006227493,861.2950241992579,7.296677112579346,7.160280704498291
calibration,22,11600,0.0006904350593686104,1.0,0.10094637423753738,864.1994526546486,7.450818061828613,7.318626880645752
calibration,22,11625,0.0005295944283716381,1.0,0.10410095006227493,867.2799226407318,7.616625785827637,7.48939847946167
calibration,22,11650,0.0004060716019012034,1.0,0.10725551843643188,870.4639035976778,7.789841175079346,7.6684346199035645
calibration,22,11675,0.00031144008971750736,1.0,0.10410095006227493,873.7261130250334,7.970430374145508,7.854642868041992
calibration,22,11700,0.0002388453867752105,1.0,0.10094637423753738,877.0412216549544,8.156368255615234,8.04556941986084
calibration,22,11725,0.0001831174158724025,1.0,0.10725551843643188,880.3833937771009,8.34619426727295,8.239751815795898
calibration,22,11750,0.00014031380123924464,1.0,0.11041009426116943,883.7318636765201,8.53917407989502,8.43680191040039
calibration,22,11775,0.00010745162580860779,1.0,0.11671924591064453,887.0746529621415,8.734824180603027,8.636347770690918
calibration,22,11800,8.225238707382232e-05,1.0,0.11671924591064453,890.4032880561086,8.932432174682617,8.836684226989746
calibration,22,11825,6.294642662396654e-05,1.0,0.11671924591064453,893.7109786757395,9.131514549255371,9.037237167358398
calibration,22,11850,4.815271313418634e-05,1.0,0.11671924591064453,896.9905560024251,9.331303596496582,9.23837661743164
calibration,22,11875,3.683076647575945e-05,1.0,0.11356467008590698,900.2329125115594,9.531251907348633,9.440282821655273
calibration,22,11900,2.8178936190670356e-05,1.0,0.11356467008590698,903.4321625146641,9.73055362701416,9.642987251281738
calibration,22,11925,2.156923983420711e-05,1.0,0.11356467008590698,906.5860668125393,9.928658485412598,9.846491813659668
calibration,22,11950,1.6543466699658893e-05,1.0,0.10725551843643188,909.6954946061738,10.126059532165527,10.051039695739746
calibration,22,11975,1.267093375645345e-05,1.0,0.10725551843643188,912.7576043161312,10.323088645935059,10.257412910461426
calibration,22,12000,9.713240615383256e-06,1.0,0.10094637423753738,915.762513673056,10.518624305725098,10.463846206665039
calibration,22,12025,7.4437948569539e-06,1.0,0.10094637423753738,918.700254034012,10.713095664978027,10.668155670166016
calibration,22,12050,5.702904218196636e-06,1.0,0.10094637423753738,921.563428410704,10.90481185913086,10.869685173034668
calibration,22,12075,4.396672466100426e-06,1.0,0.10094637423753738,924.3422246916331,11.096731185913086,11.0694580078125
calibration,22,12100,3.459871777522494e-06,1.0,0.10094637423753738,927.0216193340575,11.28897762298584,11.266192436218262
calibration,22,12125,0.5006917715072632,0.9056603908538818,0.08832807838916779,916.3482889725352,3.4257137775421143,3.616673707962036
calibration,22,12150,0.053524404764175415,0.9952830076217651,0.10094637423753738,921.6829451561257,6.496429443359375,6.609280109405518
calibration,22,12175,0.016622763127088547,0.9952830076217651,0.10410095006227493,921.805789015505,7.508669376373291,7.568624973297119
calibration,22,12200,0.008039305917918682,1.0,0.10094637423753738,919.1796389296856,7.571023464202881,7.60014009475708
calibration,22,12225,0.005861516110599041,1.0,0.10410095006227493,916.660421817932,7.483023166656494,7.4946370124816895
calibration,22,12250,0.004927756264805794,1.0,0.10725551843643188,914.6059263858298,7.385146617889404,7.368015766143799
calibration,22,12275,0.004282396286725998,1.0,0.11671924591064453,913.0110875639563,7.2981276512146,7.257954120635986
calibration,22,12300,0.0037397798150777817,1.0,0.11671924591064453,911.9529813068592,7.222251892089844,7.161397457122803
calibration,22,12325,0.003235700773075223,1.0,0.12933753430843353,911.4681040188599,7.159276485443115,7.081353664398193
calibration,22,12350,0.0027479741256684065,1.0,0.12933753430843353,911.553725492759,7.113962173461914,7.025465488433838
calibration,22,12375,0.0022931157145649195,1.0,0.12933753430843353,912.1706641594075,7.09290075302124,7.000146389007568
calibration,22,12400,0.001874558161944151,1.0,0.12302839010953903,913.278201880441,7.102564811706543,7.011752128601074
calibration,22,12425,0.001500555663369596,1.0,0.12618295848369598,914.8628039568209,7.141138553619385,7.057270050048828
calibration,22,12450,0.0011898840311914682,1.0,0.12618295848369598,916.9210022079707,7.208387851715088,7.133862495422363
calibration,22,12475,0.000935623946134001,1.0,0.12302839010953903,919.370042418725,7.300632476806641,7.23499870300293
calibration,22,12500,0.000730340660084039,1.0,0.11987381428480148,922.1135843408839,7.4132795333862305,7.355352401733398
calibration,22,12525,0.0005666567012667656,1.0,0.11356467008590698,925.0677552219161,7.544602394104004,7.492596626281738
calibration,22,12550,0.00043741861009038985,1.0,0.11671924591064453,928.1583396033627,7.690818786621094,7.643601417541504
calibration,22,12575,0.00033623306080698967,1.0,0.11356467008590698,931.3269185046097,7.847802639007568,7.804299831390381
calibration,22,12600,0.00025763639132492244,1.0,0.11671924591064453,934.5242996573093,8.011613845825195,7.970362663269043
calibration,22,12625,0.00019700564735103399,1.0,0.11987381428480148,937.7137656741378,8.180044174194336,8.138371467590332
calibration,22,12650,0.00015003813314251602,1.0,0.11987381428480148,940.8688489020465,8.353170394897461,8.306517601013184
calibration,22,12675,0.00011457104847067967,1.0,0.11987381428480148,944.017806679407,8.529501914978027,8.475630760192871
calibration,22,12700,8.791867003310472e-05,1.0,0.11987381428480148,947.1879724761512,8.705766677856445,8.6477632522583
calibration,22,12725,6.740399112459272e-05,1.0,0.11987381428480148,950.3779812882436,8.884929656982422,8.823259353637695
calibration,22,12750,5.165002585272305e-05,1.0,0.12618295848369598,953.5810683531824,9.066049575805664,9.000955581665039
calibration,22,12775,3.9584239857504144e-05,1.0,0.12302839010953903,956.7860264662831,9.248465538024902,9.180296897888184
calibration,22,12800,3.0347671781782992e-05,1.0,0.11987381428480148,959.9896367350033,9.43224811553955,9.360725402832031
calibration,22,12825,2.325611058040522e-05,1.0,0.12302839010953903,963.190152286062,9.617289543151855,9.541732788085938
calibration,22,12850,1.784124287951272e-05,1.0,0.11987381428480148,966.3846981894346,9.802958488464355,9.723140716552734
calibration,22,12875,1.36920662043849e-05,1.0,0.11987381428480148,969.5707318021184,9.989620208740234,9.905341148376465
calibration,22,12900,1.0501023098186124e-05,1.0,0.11356467008590698,972.7412473822586,10.177494049072266,10.088812828063965
calibration,22,12925,8.063449968176428e-06,1.0,0.11041009426116943,975.8755789295487,10.36391830444336,10.271125793457031
calibration,22,12950,6.200542884471361e-06,1.0,0.10725551843643188,978.9663276991126,10.550652503967285,10.453487396240234
calibration,22,12975,4.757109309139196e-06,1.0,0.10725551843643188,982.0007002356114,10.736631393432617,10.635519027709961
calibration,22,13000,3.6572414501279127e-06,1.0,0.10725551843643188,984.9603688297377,10.921095848083496,10.81590747833252
calibration,22,13025,2.8255919914954575e-06,1.0,0.10410095006227493,987.8325980082406,11.10278606414795,10.992477416992188
calibration,22,13050,2.1783780539408326e-06,1.0,0.10410095006227493,990.6179816958503,11.28501033782959,11.168376922607422
calibration,22,13075,1.6863597238625516e-06,1.0,0.10410095006227493,993.287433086032,11.460906982421875,11.33816909790039
calibration,22,13100,1.3045533933109255e-06,1.0,0.10725551843643188,995.8414328706994,11.631210327148438,11.502387046813965
calibration,22,13125,1.00259433111205e-06,1.0,0.10725551843643188,998.303746723253,11.806696891784668,11.671510696411133
calibration,22,13150,7.962276526995993e-07,1.0,0.10725551843643188,1000.5891422584505,11.955400466918945,11.817641258239746
calibration,22,13175,6.168517074911506e-07,1.0,0.10725551843643188,1002.7587520791271,12.117960929870605,11.978079795837402
calibration,22,13200,4.847093464377394e-07,1.0,0.10410095006227493,1004.8544737879498,12.277901649475098,12.141854286193848
calibration,22,13225,3.801201557962486e-07,1.0,0.10725551843643188,1006.7396190163217,12.40421199798584,12.277674674987793
calibration,22,13250,0.5608439445495605,0.8584905862808228,0.11987381428480148,1000.4126411197872,4.061173439025879,4.221299648284912
calibration,22,13275,0.028183558955788612,1.0,0.11041009426116943,1000.0533294806858,8.099723815917969,8.360929489135742
calibration,22,13300,0.005310182459652424,1.0,0.12933753430843353,998.3729639029738,9.110687255859375,9.128615379333496
calibration,22,13325,0.003606522222980857,1.0,0.12302839010953903,995.2860076044042,8.84034538269043,8.808229446411133
calibration,22,13350,0.003340907860547304,1.0,0.12933753430843353,992.279698800893,8.474065780639648,8.414119720458984
calibration,22,13375,0.0031673340126872063,1.0,0.12618295848369598,989.7070422298694,8.166625022888184,8.063960075378418
calibration,22,13400,0.00292305089533329,1.0,0.12933753430843353,987.6273211056716,7.906993865966797,7.776342868804932
calibration,22,13425,0.002620176412165165,1.0,0.12933753430843353,986.0424471116786,7.681618690490723,7.53807258605957
calibration,22,13450,0.002325780689716339,1.0,0.11987381428480148,984.9649209451297,7.483608722686768,7.3352813720703125
calibration,22,13475,0.0020612997468560934,1.0,0.11671924591064453,984.4425004667031,7.32559871673584,7.181802272796631
calibration,22,13500,0.001800508238375187,1.0,0.11356467008590698,984.5334112842696,7.2206292152404785,7.088456153869629
calibration,22,13525,0.0015268727438524365,1.0,0.11671924591064453,985.2479595571058,7.169698238372803,7.048187732696533
calibration,22,13550,0.0012597127351909876,1.0,0.11987381428480148,986.5241530910791,7.167612552642822,7.050540924072266
calibration,22,13575,0.0010157598881050944,1.0,0.11671924591064453,988.2377077393398,7.203923225402832,7.088575839996338
calibration,22,13600,0.0008047732408158481,1.0,0.11671924591064453,990.3016192288558,7.268604755401611,7.155667781829834
calibration,22,13625,0.0006300118402577937,1.0,0.11671924591064453,992.637649786879,7.355109691619873,7.246140480041504
calibration,22,13650,0.0004898855113424361,1.0,0.11356467008590698,995.1703583691119,7.456676006317139,7.352843761444092
calibration,22,13675,0.00038010027492418885,1.0,0.11356467008590698,997.8442034819141,7.581335544586182,7.481429576873779
calibration,22,13700,0.00029371734126470983,1.0,0.11671924591064453,1000.6368158047067,7.722828388214111,7.627546310424805
calibration,22,13725,0.00022634923516307026,1.0,0.11987381428480148,1003.5368559025285,7.877344608306885,7.7865495681762695
calibration,22,13750,0.0001741131563903764,1.0,0.11356467008590698,1006.5366258062882,8.042204856872559,7.954614162445068
calibration,22,13775,0.00013373931869864464,1.0,0.11987381428480148,1009.6246884424953,8.21517562866211,8.129605293273926
calibration,22,13800,0.00010260510316584259,1.0,0.12302839010953903,1012.7867248117019,8.39444351196289,8.31014633178711
calibration,22,13825,7.868259126553312e-05,1.0,0.12302839010953903,1016.0072748440024,8.578622817993164,8.495126724243164
calibration,22,13850,6.029978976584971e-05,1.0,0.12302839010953903,1019.2723146491526,8.766561508178711,8.683398246765137
calibration,22,13875,4.6199893404264e-05,1.0,0.12302839010953903,1022.5687845608278,8.957311630249023,8.87398910522461
calibration,22,13900,3.540423494996503e-05,1.0,0.12302839010953903,1025.885048468082,9.150293350219727,9.066205978393555
calibration,22,13925,2.7122376195620745e-05,1.0,0.12618295848369598,1029.2108339954907,9.344918251037598,9.259349822998047
calibration,22,13950,2.0787641915376298e-05,1.0,0.12302839010953903,1032.5379057220682,9.540985107421875,9.452921867370605
calibration,22,13975,1.5937868738546968e-05,1.0,0.12302839010953903,1035.8578539483235,9.737723350524902,9.646244049072266
calibration,22,14000,1.2192413123557344e-05,1.0,0.12302839010953903,1039.1645185205832,9.934901237487793,9.837565422058105
calibration,22,14025,9.303320439357776e-06,1.0,0.12302839010953903,1042.4289716548374,10.1296968460083,10.024605751037598
calibration,22,14050,7.169951004470931e-06,1.0,0.12302839010953903,1045.6600836886519,10.325250625610352,10.214482307434082
calibration,22,14075,5.519591923075495e-06,1.0,0.12302839010953903,1048.879073350818,10.52332878112793,10.408185958862305
calibration,22,14100,4.238664132572012e-06,1.0,0.12933753430843353,1052.066557948131,10.720669746398926,10.602339744567871
calibration,22,14125,3.2641894449625397e-06,1.0,0.12933753430843353,1055.1908024689174,10.916461944580078,10.795600891113281
calibration,22,14150,2.5219464987458196e-06,1.0,0.12933753430843353,1058.254769424811,11.110816955566406,10.987615585327148
calibration,22,14175,1.942771177709801e-06,1.0,0.12933753430843353,1061.2509407638381,11.302079200744629,11.178749084472656
calibration,22,14200,1.5097951973075396e-06,1.0,0.12618295848369598,1064.1315710923454,11.487345695495605,11.363722801208496
calibration,22,14225,1.165101139122271e-06,1.0,0.12933753430843353,1066.9453436078695,11.674625396728516,11.548270225524902
calibration,22,14250,8.951938070822507e-07,1.0,0.12618295848369598,1069.6592177916632,11.862752914428711,11.739006996154785
calibration,22,14275,7.118816256479477e-07,1.0,0.12933753430843353,1072.2062563925533,12.028604507446289,11.909927368164062
calibration,22,14300,5.471254667099856e-07,1.0,0.12618295848369598,1074.7283294936058,12.221524238586426,12.096906661987305
calibration,22,14325,1.5308213233947754,0.6462264060974121,0.08201892673969269,1072.654912290357,6.107295989990234,6.157376289367676
calibration,22,14350,0.13247539103031158,0.9952830076217651,0.11356467008590698,1067.5760137611137,5.259649753570557,5.283019065856934
calibration,22,14375,0.009036927483975887,1.0,0.13564668595790863,1069.9291405739275,8.187664031982422,8.121460914611816
calibration,22,14400,0.003911621402949095,1.0,0.13564668595790863,1067.8906568880036,8.52110481262207,8.393526077270508
calibration,22,14425,0.0033456969540566206,1.0,0.13564668595790863,1065.1977309922368,8.321447372436523,8.164990425109863
calibration,22,14450,0.003063353942707181,1.0,0.13880126178264618,1062.7508228995268,8.10315990447998,7.932811260223389
calibration,22,14475,0.0027840447146445513,1.0,0.14195583760738373,1060.6821229767106,7.892777442932129,7.712039470672607
calibration,22,14500,0.002553023165091872,1.0,0.12933753430843353,1059.0431435978883,7.6700873374938965,7.4777607917785645
calibration,22,14525,0.0023543694987893105,1.0,0.13249211013317108,1057.8978899167726,7.455644130706787,7.255290985107422
calibration,22,14550,0.0021517686545848846,1.0,0.12933753430843353,1057.3395384181367,7.272280216217041,7.067020416259766
calibration,22,14575,0.001925638527609408,1.0,0.13880126178264618,1057.4412147042926,7.131923198699951,6.9251484870910645
calibration,22,14600,0.0016583229880779982,1.0,0.14195583760738373,1058.205220731066,7.0427470207214355,6.839633941650391
calibration,22,14625,0.0014030366437509656,1.0,0.14195583760738373,1059.5818971658443,6.995811939239502,6.802213191986084
calibration,22,14650,0.001162491855211556,1.0,0.14195583760738373,1061.5013020527151,6.991389274597168,6.81681489944458
calibration,22,14675,0.0009442678419873118,1.0,0.14511041343212128,1063.8497386283013,7.028070449829102,6.8755011558532715
calibration,22,14700,0.0007522412342950702,1.0,0.14195583760738373,1066.5236130218432,7.104272365570068,6.973132133483887
calibration,22,14725,0.0005889986641705036,1.0,0.14511041343212128,1069.4221954960024,7.208315849304199,7.093968391418457
calibration,22,14750,0.0004574836348183453,1.0,0.14511041343212128,1072.4717045574687,7.331918239593506,7.227825164794922
calibration,22,14775,0.00035289188963361084,1.0,0.14826498925685883,1075.6289686681528,7.472850322723389,7.374195098876953
calibration,22,14800,0.0002691343834158033,1.0,0.14826498925685883,1078.8711401665805,7.621852397918701,7.530860424041748
calibration,22,14825,0.00020549556938931346,1.0,0.14511041343212128,1082.1625276833151,7.7759785652160645,7.693088531494141
calibration,22,14850,0.00015717916539870203,1.0,0.14195583760738373,1085.4711879779618,7.933263301849365,7.854999542236328
calibration,22,14875,0.00011964510485995561,1.0,0.14195583760738373,1088.794160894869,8.09510612487793,8.019309043884277
calibration,22,14900,9.102899639401585e-05,1.0,0.12933753430843353,1092.126220192955,8.256134033203125,8.180926322937012
calibration,22,14925,6.973907147767022e-05,1.0,0.12933753430843353,1095.4566511720932,8.41324234008789,8.340893745422363
calibration,22,14950,5.34998944203835e-05,1.0,0.12933753430843353,1098.8322036629395,8.571223258972168,8.499419212341309
calibration,22,14975,4.0982071368489414e-05,1.0,0.12933753430843353,1102.2631009246409,8.731269836425781,8.6566162109375
calibration,22,15000,3.1514413421973586e-05,1.0,0.12933753430843353,1105.7453864467439,8.893482208251953,8.81600284576416
calibration,33,0,3.3999385833740234,0.05188679322600365,0.031545739620923996,1507.2357662352745,0.7172451615333557,0.7164347767829895
calibration,33,25,2.9996001720428467,0.1179245263338089,0.015772869810461998,1446.2722194115481,0.3514936566352844,0.35224196314811707
calibration,33,50,2.6431872844696045,0.24056604504585266,0.0,1406.9561917562435,0.6329909563064575,0.6671651005744934
calibration,33,75,1.9412460327148438,0.37735849618911743,0.0,1387.6231642179343,1.555620789527893,1.6509090662002563
calibration,33,100,1.1236940622329712,0.6698113083839417,0.0031545741949230433,1376.8101327091667,2.8305232524871826,2.971928596496582
calibration,33,125,0.4253148138523102,0.9716981053352356,0.009463722817599773,1370.1273305589516,4.404563903808594,4.586470603942871
calibration,33,150,0.10077420622110367,1.0,0.0063091483898460865,1357.8625636199401,6.128321647644043,6.274645805358887
calibration,33,175,0.030249185860157013,1.0,0.012618296779692173,1329.8021575126752,7.263686656951904,7.388936519622803
calibration,33,200,0.01541762612760067,1.0,0.009463722817599773,1290.8078098563417,7.775881767272949,7.875862121582031
calibration,33,225,0.009999454952776432,1.0,0.009463722817599773,1249.1787748066106,8.033167839050293,8.109546661376953
calibration,33,250,0.007012215442955494,1.0,0.012618296779692173,1208.2811975232687,8.212872505187988,8.265721321105957
calibration,33,275,0.0050284722819924355,1.0,0.012618296779692173,1169.0049465676364,8.363883018493652,8.399003982543945
calibration,33,300,0.003634645137935877,1.0,0.012618296779692173,1131.5130976618293,8.500335693359375,8.518460273742676
calibration,33,325,0.002631816314533353,1.0,0.015772869810461998,1095.7881326134502,8.6240816116333,8.62724781036377
calibration,33,350,0.0019266098970547318,1.0,0.015772869810461998,1061.754682631436,8.746550559997559,8.733545303344727
calibration,33,375,0.001420985790900886,1.0,0.015772869810461998,1029.3424473260218,8.870080947875977,8.842284202575684
calibration,33,400,0.0010512578301131725,1.0,0.018927445635199547,998.5090032798029,8.995979309082031,8.955815315246582
calibration,33,425,0.0007794141420163214,1.0,0.018927445635199547,969.1692071753029,9.123791694641113,9.074742317199707
calibration,33,450,0.0005805144901387393,1.0,0.018927445635199547,941.2276819183368,9.25220775604248,9.199455261230469
calibration,33,475,0.00043411229853518307,1.0,0.018927445635199547,914.6131813542611,9.383243560791016,9.329946517944336
calibration,33,500,0.00032520180684514344,1.0,0.022082019597291946,889.2807125332063,9.517313957214355,9.4649076461792
calibration,33,525,0.00024381613184232265,1.0,0.022082019597291946,865.1750979939194,9.655406951904297,9.604626655578613
calibration,33,550,0.00018288374121766537,1.0,0.022082019597291946,842.2372607154897,9.796832084655762,9.747574806213379
calibration,33,575,0.00013731245417147875,1.0,0.025236593559384346,820.4127384898277,9.941009521484375,9.89167308807373
calibration,33,600,0.00010321882291464135,1.0,0.022082019597291946,799.6507779045652,10.087359428405762,10.03558349609375
calibration,33,625,7.765872578602284e-05,1.0,0.022082019597291946,779.8966885236392,10.234891891479492,10.180121421813965
calibration,33,650,5.843453618581407e-05,1.0,0.025236593559384346,761.0942718218989,10.38232421875,10.325272560119629
calibration,33,675,4.393469134811312e-05,1.0,0.025236593559384346,743.1807515775038,10.528660774230957,10.470418930053711
calibration,33,700,3.298540832474828e-05,1.0,0.025236593559384346,726.0981029872329,10.673135757446289,10.614182472229004
calibration,33,725,2.48569886025507e-05,1.0,0.025236593559384346,709.8024368449403,10.812286376953125,10.754244804382324
calibration,33,750,1.8950669982586987e-05,1.0,0.025236593559384346,694.2639870176172,10.954981803894043,10.902663230895996
calibration,33,775,1.426449580321787e-05,1.0,0.025236593559384346,679.4098230254646,11.088799476623535,11.040176391601562
calibration,33,800,1.0754065442597494e-05,1.0,0.028391167521476746,665.2007549883742,11.21773624420166,11.174383163452148
calibration,33,825,8.183786121662706e-06,1.0,0.031545739620923996,651.6370706540462,11.34329891204834,11.30638599395752
calibration,33,850,6.271957772696624e-06,1.0,0.031545739620923996,638.805312450899,11.475178718566895,11.4454927444458
calibration,33,875,4.813903615286108e-06,1.0,0.034700315445661545,626.5644073686166,11.604697227478027,11.587692260742188
calibration,33,900,3.717409299497376e-06,1.0,0.031545739620923996,614.8806431420188,11.735660552978516,11.729375839233398
calibration,33,925,0.018290363252162933,0.9952830076217651,0.022082019597291946,602.6438265469673,11.790067672729492,11.650344848632812
calibration,33,950,0.0007937722257338464,1.0,0.022082019597291946,584.3080621911597,10.976944923400879,11.098118782043457
calibration,33,975,0.0003197816840838641,1.0,0.018927445635199547,565.2993269437239,10.352143287658691,10.451645851135254
calibration,33,1000,0.000280496635241434,1.0,0.022082019597291946,546.5879029809423,9.732176780700684,9.819168090820312
calibration,33,1025,0.00033313690801151097,1.0,0.022082019597291946,528.9886627854469,9.156302452087402,9.233464241027832
calibration,33,1050,0.0003982527705375105,1.0,0.028391167521476746,512.8477752928951,8.661686897277832,8.729835510253906
calibration,33,1075,0.0004542811366263777,1.0,0.028391167521476746,498.392917966774,8.273086547851562,8.333124160766602
calibration,33,1100,0.0004904973320662975,1.0,0.028391167521476746,485.78886023978777,8.002912521362305,8.05748176574707
calibration,33,1125,0.00048618766595609486,1.0,0.028391167521476746,475.1524565360473,7.8573737144470215,7.90887451171875
calibration,33,1150,0.0004407832748256624,1.0,0.028391167521476746,466.36929915146766,7.826264381408691,7.876502513885498
calibration,33,1175,0.0003734355850610882,1.0,0.028391167521476746,459.0905746620113,7.884817123413086,7.935662269592285
calibration,33,1200,0.00030337306088767946,1.0,0.028391167521476746,452.9201258418159,8.005396842956543,8.058501243591309
calibration,33,1225,0.00024078894057311118,1.0,0.028391167521476746,447.5612905379436,8.165518760681152,8.221430778503418
calibration,33,1250,0.00018852876382879913,1.0,0.028391167521476746,442.82860771377585,8.350320816040039,8.409120559692383
calibration,33,1275,0.00014635559637099504,1.0,0.028391167521476746,438.5985684634174,8.549237251281738,8.61159610748291
calibration,33,1300,0.00011305167572572827,1.0,0.028391167521476746,434.78080446171845,8.755536079406738,8.822416305541992
calibration,33,1325,8.705105574335903e-05,1.0,0.028391167521476746,431.312418156035,8.965155601501465,9.037504196166992
calibration,33,1350,6.691174348816276e-05,1.0,0.028391167521476746,428.14730441407096,9.175894737243652,9.254463195800781
calibration,33,1375,5.136117761139758e-05,1.0,0.028391167521476746,425.2498344780016,9.38664722442627,9.472087860107422
calibration,33,1400,3.941846080124378e-05,1.0,0.025236593559384346,422.5925167558511,9.59675407409668,9.68961238861084
calibration,33,1425,3.0244824301917106e-05,1.0,0.025236593559384346,420.15430131926564,9.80592155456543,9.906704902648926
calibration,33,1450,2.3208343918668106e-05,1.0,0.025236593559384346,417.91751269086404,10.013978958129883,10.122990608215332
calibration,33,1475,1.780864840839058e-05,1.0,0.025236593559384346,415.8658016712657,10.220487594604492,10.33808708190918
calibration,33,1500,1.366789911116939e-05,1.0,0.025236593559384346,413.9874010780108,10.425688743591309,10.552221298217773
calibration,33,1525,1.0507776096346788e-05,1.0,0.025236593559384346,412.27105108673254,10.629589080810547,10.765625953674316
calibration,33,1550,8.065701877058018e-06,1.0,0.028391167521476746,410.7054520494198,10.832916259765625,10.978275299072266
calibration,33,1575,6.202793883858249e-06,1.0,0.028391167521476746,409.2722001409257,11.033573150634766,11.188765525817871
calibration,33,1600,4.768919097841717e-06,1.0,0.034700315445661545,407.9635700917202,11.23244571685791,11.39759635925293
calibration,33,1625,3.6741116673510987e-06,1.0,0.031545739620923996,406.777359239169,11.430709838867188,11.60561752319336
calibration,33,1650,2.833464577634004e-06,1.0,0.028391167521476746,405.6909739776223,11.625654220581055,11.809857368469238
calibration,33,1675,2.188499593103188e-06,1.0,0.028391167521476746,404.7060417457619,11.818052291870117,12.013141632080078
calibration,33,1700,1.6931073787418427e-06,1.0,0.031545739620923996,403.8205541424649,12.00885009765625,12.215737342834473
calibration,33,1725,0.18781791627407074,0.9386792182922363,0.022082019597291946,401.6704120814349,10.68563175201416,11.054241180419922
calibration,33,1750,0.008129877969622612,1.0,0.028391167521476746,394.6883151724244,9.251334190368652,9.75308609008789
calibration,33,1775,0.0019004617352038622,1.0,0.025236593559384346,386.17345074396565,8.894783020019531,9.313726425170898
calibration,33,1800,0.0015757321380078793,1.0,0.022082019597291946,377.49292509467915,8.478948593139648,8.823772430419922
calibration,33,1825,0.0016256230883300304,1.0,0.022082019597291946,369.25834732066323,8.052739143371582,8.339570999145508
calibration,33,1850,0.0017049754969775677,1.0,0.025236593559384346,361.62895558847305,7.680542469024658,7.911320686340332
calibration,33,1875,0.001778762205503881,1.0,0.031545739620923996,354.666223956925,7.354405403137207,7.533359050750732
calibration,33,1900,0.0018594673601910472,1.0,0.028391167521476746,348.43840570708267,7.065423965454102,7.198410511016846
calibration,33,1925,0.0019401047611609101,1.0,0.028391167521476746,343.044830952351,6.813976764678955,6.908828258514404
calibration,33,1950,0.002006637630984187,1.0,0.025236593559384346,338.6048129502334,6.6025495529174805,6.669642925262451
calibration,33,1975,0.002041477942839265,1.0,0.034700315445661545,335.2563913333492,6.4422125816345215,6.493238925933838
calibration,33,2000,0.001986417919397354,1.0,0.037854891270399094,333.12643564785304,6.350739002227783,6.395461082458496
calibration,33,2025,0.001802154816687107,1.0,0.034700315445661545,332.2098454037871,6.341337203979492,6.385846138000488
calibration,33,2050,0.0015283640241250396,1.0,0.034700315445661545,332.30914035546516,6.408982753753662,6.456940174102783
calibration,33,2075,0.0012365151196718216,1.0,0.034700315445661545,333.12256672520436,6.532238006591797,6.585676670074463
calibration,33,2100,0.000973608810454607,1.0,0.034700315445661545,334.3782878878497,6.68855094909668,6.748838901519775
calibration,33,2125,0.0007561707170680165,1.0,0.034700315445661545,335.89487031006865,6.862269401550293,6.930774211883545
calibration,33,2150,0.000583590182941407,1.0,0.031545739620923996,337.56997794272,7.044516086578369,7.122304439544678
calibration,33,2175,0.0004490925057325512,1.0,0.031545739620923996,339.3499263030016,7.23084831237793,7.318717956542969
calibration,33,2200,0.0003451357188168913,1.0,0.031545739620923996,341.20566437695607,7.4191508293151855,7.5177741050720215
calibration,33,2225,0.00026507172151468694,1.0,0.031545739620923996,343.1198063256707,7.60841178894043,7.718429088592529
calibration,33,2250,0.0002035098004853353,1.0,0.031545739620923996,345.0801101836545,7.798115253448486,7.9201765060424805
calibration,33,2275,0.000156216265168041,1.0,0.031545739620923996,347.0775489792616,7.988030433654785,8.122788429260254
calibration,33,2300,0.00011991323117399588,1.0,0.031545739620923996,349.104705091069,8.178030014038086,8.326139450073242
calibration,33,2325,9.204783418681473e-05,1.0,0.025236593559384346,351.15503514603864,8.367948532104492,8.530049324035645
calibration,33,2350,7.066320540616289e-05,1.0,0.025236593559384346,353.2233444818,8.557788848876953,8.734450340270996
calibration,33,2375,5.42434245289769e-05,1.0,0.025236593559384346,355.3035226144765,8.747355461120605,8.939031600952148
calibration,33,2400,4.1647926991572604e-05,1.0,0.025236593559384346,357.3907826574032,8.936763763427734,9.143909454345703
calibration,33,2425,3.198286867700517e-05,1.0,0.025236593559384346,359.4811571264379,9.12597942352295,9.34870719909668
calibration,33,2450,2.4552235117880628e-05,1.0,0.031545739620923996,361.56869156913797,9.31495189666748,9.552931785583496
calibration,33,2475,1.0459591150283813,0.6556603908538818,0.028391167521476746,362.38093387379183,3.5295565128326416,3.8821847438812256
calibration,33,2500,0.10142961889505386,0.9952830076217651,0.028391167521476746,361.82116785401155,4.927152633666992,5.145632743835449
calibration,33,2525,0.013261200860142708,1.0,0.034700315445661545,358.5184561752543,6.073040008544922,6.280641555786133
calibration,33,2550,0.007721575442701578,1.0,0.028391167521476746,353.4351240981424,6.067136287689209,6.2462239265441895
calibration,33,2575,0.006959776394069195,1.0,0.028391167521476746,348.35012042906885,5.908541202545166,6.05998420715332
calibration,33,2600,0.006209179293364286,1.0,0.028391167521476746,343.6806458719946,5.834736347198486,5.950011253356934
calibration,33,2625,0.005414264742285013,1.0,0.028391167521476746,339.45625837910774,5.813712120056152,5.8866777420043945
calibration,33,2650,0.004907318856567144,1.0,0.031545739620923996,335.68531046483696,5.776544570922852,5.8118672370910645
calibration,33,2675,0.00468219630420208,1.0,0.031545739620923996,332.446598841901,5.703904151916504,5.712515354156494
calibration,33,2700,0.004661234561353922,1.0,0.034700315445661545,329.8816075438328,5.6016645431518555,5.597390174865723
calibration,33,2725,0.004699607379734516,1.0,0.041009463369846344,328.18407248961404,5.502260684967041,5.496384143829346
calibration,33,2750,0.004581171553581953,1.0,0.041009463369846344,327.5344999033869,5.449990749359131,5.4486236572265625
calibration,33,2775,0.004162736237049103,1.0,0.037854891270399094,327.97110681372277,5.472286224365234,5.478235721588135
calibration,33,2800,0.0035177196841686964,1.0,0.041009463369846344,329.313337788964,5.565530776977539,5.57969331741333
calibration,33,2825,0.0028253698255866766,1.0,0.04416403919458389,331.26301411801063,5.709137916564941,5.730738639831543
calibration,33,2850,0.0022054039873182774,1.0,0.04416403919458389,333.5547366343547,5.882444381713867,5.910050392150879
calibration,33,2875,0.0016973571619018912,1.0,0.04416403919458389,336.0154318142053,6.071165561676025,6.1036787033081055
calibration,33,2900,0.0012978730956092477,1.0,0.04731861129403114,338.54860259215434,6.267348289489746,6.304080486297607
calibration,33,2925,0.0009895107941702008,1.0,0.04416403919458389,341.1043840140797,6.466900825500488,6.50743293762207
calibration,33,2950,0.0007534697069786489,1.0,0.04416403919458389,343.65708054718505,6.667762279510498,6.711850643157959
calibration,33,2975,0.0005734477308578789,1.0,0.04416403919458389,346.19295230391174,6.868886470794678,6.916424751281738
calibration,33,3000,0.00043635271140374243,1.0,0.04416403919458389,348.70442457726784,7.069699764251709,7.120719909667969
calibration,33,3025,0.0003320450778119266,1.0,0.04416403919458389,351.1870610043377,7.269852161407471,7.324514865875244
calibration,33,3050,0.0002526865864638239,1.0,0.04416403919458389,353.6384338427904,7.469110488891602,7.527608394622803
calibration,33,3075,0.0001923143572639674,1.0,0.04416403919458389,356.05720739575486,7.6673264503479,7.729683876037598
calibration,33,3100,0.0001463740918552503,1.0,0.04416403919458389,358.4424910469598,7.864394187927246,7.93024206161499
calibration,33,3125,0.00011147037730552256,1.0,0.04416403919458389,360.7934066080472,8.060381889343262,8.128937721252441
calibration,33,3150,8.495428483001888e-05,1.0,0.04416403919458389,363.1094428772276,8.255240440368652,8.3257474899292
calibration,33,3175,6.477339047705755e-05,1.0,0.04416403919458389,365.39210689842616,8.448681831359863,8.520565032958984
calibration,33,3200,4.940050348523073e-05,1.0,0.04416403919458389,367.6423196509223,8.640335083007812,8.713249206542969
calibration,33,3225,3.7689438613597304e-05,1.0,0.04416403919458389,369.86185892540266,8.829965591430664,8.90372371673584
calibration,33,3250,2.8745198505930603e-05,1.0,0.04731861129403114,372.04934279114786,9.016953468322754,9.091476440429688
calibration,33,3275,2.1947686036583036e-05,1.0,0.05362775921821594,374.20627439161063,9.200958251953125,9.276403427124023
calibration,33,3300,1.6753781892475672e-05,1.0,0.05362775921821594,376.33222301465486,9.382101058959961,9.458606719970703
calibration,33,3325,1.2800271179003175e-05,1.0,0.05362775921821594,378.42750308120094,9.56020450592041,9.637845993041992
calibration,33,3350,9.78690786723746e-06,1.0,0.05678233504295349,380.4901300620307,9.735063552856445,9.813959121704102
calibration,33,3375,7.497777460230282e-06,1.0,0.05993690714240074,382.5190800496425,9.907076835632324,9.98715591430664
calibration,33,3400,5.751826847699704e-06,1.0,0.06309147924184799,384.52012645624933,10.078001976013184,10.158767700195312
calibration,33,3425,4.420290679263417e-06,1.0,0.06309147924184799,386.4836180893498,10.247050285339355,10.328472137451172
calibration,33,3450,3.4677452731557423e-06,1.0,0.05993690714240074,388.4214032958861,10.423182487487793,10.503325462341309
calibration,33,3475,2.650715487106936e-06,1.0,0.05993690714240074,390.357452979585,10.5798921585083,10.662298202514648
calibration,33,3500,2.054108335869387e-06,1.0,0.05678233504295349,392.25864966734537,10.766789436340332,10.845417976379395
calibration,33,3525,1.5845822645133012e-06,1.0,0.05678233504295349,394.0797542979717,10.925790786743164,11.007193565368652
calibration,33,3550,0.4855131208896637,0.8820754885673523,0.041009463369846344,396.3561457384154,3.989638090133667,4.2040696144104
calibration,33,3575,0.016784241423010826,1.0,0.05678233504295349,396.5212436273963,6.843563079833984,6.8829755783081055
calibration,33,3600,0.006380090024322271,1.0,0.05993690714240074,392.58281665840826,7.072228908538818,7.132203578948975
calibration,33,3625,0.005676829256117344,1.0,0.05678233504295349,387.87628423026626,6.799514293670654,6.868833541870117
calibration,33,3650,0.005337402690201998,1.0,0.05678233504295349,383.5290075422006,6.637732982635498,6.70313835144043
calibration,33,3675,0.004478469491004944,1.0,0.05678233504295349,379.686616726319,6.640625476837158,6.686966896057129
calibration,33,3700,0.003603060031309724,1.0,0.05678233504295349,376.2442660904013,6.692109107971191,6.709476470947266
calibration,33,3725,0.0030022552236914635,1.0,0.05993690714240074,373.15157638850934,6.6947550773620605,6.679132461547852
calibration,33,3750,0.002646994311362505,1.0,0.05678233504295349,370.454661623129,6.628136157989502,6.583739280700684
calibration,33,3775,0.002430400811135769,1.0,0.06309147924184799,368.250835329277,6.517218112945557,6.455750465393066
calibration,33,3800,0.002281661843881011,1.0,0.06624605506658554,366.6543414868578,6.392662048339844,6.329914569854736
calibration,33,3825,0.002138471929356456,1.0,0.06624605506658554,365.78911868065205,6.288148880004883,6.238199234008789
calibration,33,3850,0.0019404179183766246,1.0,0.05993690714240074,365.74329276997895,6.2338547706604,6.202831745147705
calibration,33,3875,0.0016833514673635364,1.0,0.05678233504295349,366.4946353543665,6.2398905754089355,6.225905895233154
calibration,33,3900,0.0014017595676705241,1.0,0.05678233504295349,367.91446881482597,6.30060338973999,6.30070686340332
calibration,33,3925,0.0011305949883535504,1.0,0.05362775921821594,369.83810450588396,6.404313087463379,6.41756534576416
calibration,33,3950,0.0008924667490646243,1.0,0.05362775921821594,372.10865229982244,6.538541793823242,6.565135955810547
calibration,33,3975,0.0006951178074814379,1.0,0.05047318711876869,374.6017689037302,6.694060325622559,6.733947277069092
calibration,33,4000,0.0005369798745959997,1.0,0.05047318711876869,377.2284696840665,6.864616394042969,6.917614459991455
calibration,33,4025,0.00041276775300502777,1.0,0.05047318711876869,379.9278811846448,7.045688152313232,7.1116719245910645
calibration,33,4050,0.0003163947258144617,1.0,0.05362775921821594,382.6596288663782,7.233857154846191,7.312800407409668
calibration,33,4075,0.00024217765894718468,1.0,0.05678233504295349,385.3980418094798,7.426636695861816,7.518533229827881
calibration,33,4100,0.00018526554049458355,1.0,0.05993690714240074,388.12787382445146,7.6224822998046875,7.7272796630859375
calibration,33,4125,0.0001417057792423293,1.0,0.05993690714240074,390.84075441675316,7.820444583892822,7.937996864318848
calibration,33,4150,0.00010838362504728138,1.0,0.05993690714240074,393.53135201751456,8.019847869873047,8.149957656860352
calibration,33,4175,8.292314305435866e-05,1.0,0.06624605506658554,396.19702644000375,8.220304489135742,8.36266040802002
calibration,33,4200,6.345615838654339e-05,1.0,0.06309147924184799,398.8358571579814,8.421492576599121,8.57579517364502
calibration,33,4225,4.859203545493074e-05,1.0,0.05993690714240074,401.4455628144159,8.622818946838379,8.78872013092041
calibration,33,4250,3.721603934536688e-05,1.0,0.05993690714240074,404.0265895319063,8.824499130249023,9.001659393310547
calibration,33,4275,2.8510188712971285e-05,1.0,0.05993690714240074,406.5771861158263,9.026008605957031,9.213922500610352
calibration,33,4300,2.185773519158829e-05,1.0,0.05993690714240074,409.0964077009492,9.227320671081543,9.425601959228516
calibration,33,4325,1.6771782611613162e-05,1.0,0.05993690714240074,411.58139151156394,9.427947044372559,9.636394500732422
calibration,33,4350,1.2870561477029696e-05,1.0,0.05993690714240074,414.03121186225565,9.627626419067383,9.845846176147461
calibration,33,4375,9.889810826280154e-06,1.0,0.05362775921821594,416.44236286705217,9.826509475708008,10.054049491882324
calibration,33,4400,7.609677140862914e-06,1.0,0.05362775921821594,418.8149553890857,10.02295207977295,10.259761810302734
calibration,33,4425,5.8429204727872275e-06,1.0,0.05362775921821594,421.1468486506079,10.219611167907715,10.465198516845703
calibration,33,4450,4.511946372076636e-06,1.0,0.05362775921821594,423.43694940157553,10.4177885055542,10.671030044555664
calibration,33,4475,9.918985366821289,0.2216981202363968,0.05362775921821594,425.54496868796224,11.283904075622559,11.051340103149414
calibration,33,4500,0.8757196068763733,0.7311320900917053,0.05678233504295349,426.87424499579686,2.75494647026062,2.878791570663452
calibration,33,4525,0.0965871810913086,0.9952830076217651,0.05047318711876869,433.1640620830133,5.524270057678223,5.73123836517334
calibration,33,4550,0.015149366110563278,1.0,0.06624605506658554,434.08697737806096,7.045132160186768,7.3643975257873535
calibration,33,4575,0.008238861337304115,1.0,0.06624605506658554,431.1484154299119,7.323308944702148,7.657613277435303
calibration,33,4600,0.006040932610630989,1.0,0.06940063089132309,427.7145422433281,7.407885551452637,7.722806453704834
calibration,33,4625,0.0044897571206092834,1.0,0.06940063089132309,424.4573645287703,7.49456262588501,7.762235641479492
calibration,33,4650,0.0035025712568312883,1.0,0.07255520671606064,421.4211120089744,7.493217945098877,7.694432735443115
calibration,33,4675,0.002990136621519923,1.0,0.07570978254079819,418.66391193271477,7.378308296203613,7.5252766609191895
calibration,33,4700,0.002696993760764599,1.0,0.07570978254079819,416.3346984768933,7.211565017700195,7.326095104217529
calibration,33,4725,0.0024540466256439686,1.0,0.06624605506658554,414.5740933908737,7.032692909240723,7.130958557128906
calibration,33,4750,0.0021912783849984407,1.0,0.05362775921821594,413.45485868409725,6.875694274902344,6.969939708709717
calibration,33,4775,0.0019132094457745552,1.0,0.05362775921821594,412.9697179336258,6.760209083557129,6.858161926269531
calibration,33,4800,0.001636900007724762,1.0,0.05678233504295349,413.07801852788305,6.691463947296143,6.794280052185059
calibration,33,4825,0.0013730593491345644,1.0,0.06309147924184799,413.73902889377575,6.671306133270264,6.7773942947387695
calibration,33,4850,0.0011308464454486966,1.0,0.06309147924184799,414.9048346697749,6.69285249710083,6.802708625793457
calibration,33,4875,0.0009163289214484394,1.0,0.06309147924184799,416.50481248063204,6.753148555755615,6.867109298706055
calibration,33,4900,0.0007299810531549156,1.0,0.05993690714240074,418.4459915061896,6.849453926086426,6.968301296234131
calibration,33,4925,0.0005726829986087978,1.0,0.05678233504295349,420.63055194019495,6.9747185707092285,7.099826812744141
calibration,33,4950,0.0004445842350833118,1.0,0.05678233504295349,422.975033139935,7.120017051696777,7.25258731842041
calibration,33,4975,0.00034292013151571155,1.0,0.05362775921821594,425.4196454730758,7.278459072113037,7.419395923614502
calibration,33,5000,0.00026352895656600595,1.0,0.05047318711876869,427.92520486122015,7.445650577545166,7.595447540283203
calibration,33,5025,0.00020210808725096285,1.0,0.05047318711876869,430.46691888213263,7.618509292602539,7.777475357055664
calibration,33,5050,0.00015485507901757956,1.0,0.05047318711876869,433.0289374907503,7.794667720794678,7.963220119476318
calibration,33,5075,1.1336051225662231,0.6792452931404114,0.05993690714240074,434.7586357509773,2.29118275642395,2.42444109916687
calibration,33,5100,0.07658344507217407,1.0,0.09148264676332474,440.85448173167634,5.363286972045898,5.544642448425293
calibration,33,5125,0.010001110844314098,1.0,0.08201892673969269,442.5964523233628,6.632309913635254,6.736469745635986
calibration,33,5150,0.0062493025325238705,1.0,0.08832807838916779,439.9522310110279,6.5674567222595215,6.610055446624756
calibration,33,5175,0.005774947348982096,1.0,0.08832807838916779,436.9126704534951,6.38602876663208,6.403171062469482
calibration,33,5200,0.005506513174623251,1.0,0.09148264676332474,434.355520101707,6.1933512687683105,6.197951793670654
calibration,33,5225,0.005201863124966621,1.0,0.09148264676332474,432.4549430041198,6.019309043884277,6.019529819488525
calibration,33,5250,0.004787173587828875,1.0,0.08517350256443024,431.3171248701638,5.88804817199707,5.894813060760498
calibration,33,5275,0.004266330040991306,1.0,0.08517350256443024,430.984398424662,5.802396297454834,5.821723461151123
calibration,33,5300,0.003695148043334484,1.0,0.08201892673969269,431.4052210342367,5.7640204429626465,5.797276496887207
calibration,33,5325,0.003103913739323616,1.0,0.08517350256443024,432.4787823775971,5.771051406860352,5.816522121429443
calibration,33,5350,0.002533355727791786,1.0,0.08201892673969269,434.0942440030446,5.819146633148193,5.873995304107666
calibration,33,5375,0.002029088791459799,1.0,0.07886435091495514,436.1385714950861,5.900763034820557,5.964943885803223
calibration,33,5400,0.0016016471199691296,1.0,0.07570978254079819,438.49892972705027,6.009316444396973,6.083977699279785
calibration,33,5425,0.0012490276712924242,1.0,0.07570978254079819,441.07303381769077,6.139162063598633,6.224483013153076
calibration,33,5450,0.0009652177104726434,1.0,0.06940063089132309,443.7939418728307,6.284884452819824,6.380678653717041
calibration,33,5475,0.0007412991835735738,1.0,0.06940063089132309,446.6146428978115,6.442189693450928,6.547923564910889
calibration,33,5500,0.000567244307603687,1.0,0.06940063089132309,449.5025632208453,6.60769510269165,6.722657203674316
calibration,33,5525,0.0004332561220508069,1.0,0.06940063089132309,452.43436038297637,6.778934955596924,6.902248859405518
calibration,33,5550,0.0003306558064650744,1.0,0.06940063089132309,455.3913805889951,6.9540228843688965,7.084830284118652
calibration,33,5575,0.0002523277362342924,1.0,0.06940063089132309,458.3588128571949,7.131461143493652,7.269084453582764
calibration,33,5600,0.0001925813703564927,1.0,0.06624605506658554,461.3268675688629,7.310208797454834,7.4541473388671875
calibration,33,5625,0.00014706341607961804,1.0,0.06624605506658554,464.2885482291733,7.489663600921631,7.63951301574707
calibration,33,5650,0.00011232415272388607,1.0,0.06624605506658554,467.23895426014633,7.66947078704834,7.824830055236816
calibration,33,5675,8.584844181314111e-05,1.0,0.06624605506658554,470.17195017141603,7.849349021911621,8.009834289550781
calibration,33,5700,6.564836803590879e-05,1.0,0.06624605506658554,473.08318344904137,8.029275894165039,8.194418907165527
calibration,33,5725,1.6655603647232056,0.49528300762176514,0.05993690714240074,476.0376362416336,3.6851110458374023,3.75830340385437
calibration,33,5750,0.2529416084289551,0.9716981053352356,0.06940063089132309,481.95158938908787,4.234054088592529,4.285768508911133
calibration,33,5775,0.018419096246361732,1.0,0.08517350256443024,484.8894748391321,6.691527843475342,6.708181858062744
calibration,33,5800,0.007489243056625128,1.0,0.08517350256443024,482.3996986370413,6.9998369216918945,6.986328125
calibration,33,5825,0.0062361485324800014,1.0,0.09463722258806229,478.749395805882,6.809630393981934,6.805487632751465
calibration,33,5850,0.005781275685876608,1.0,0.09779179841279984,475.37480793313244,6.5986433029174805,6.605460166931152
calibration,33,5875,0.005357707850635052,1.0,0.10725551843643188,472.5983371464914,6.395045280456543,6.414159297943115
calibration,33,5900,0.004857832100242376,1.0,0.11041009426116943,470.5492904609241,6.222157955169678,6.246985912322998
calibration,33,5925,0.004292745608836412,1.0,0.11356467008590698,469.2889018666478,6.093342304229736,6.1136040687561035
calibration,33,5950,0.00369147933088243,1.0,0.11671924591064453,468.74021599128235,6.0031418800354,6.018687725067139
calibration,33,5975,0.003103038063272834,1.0,0.11671924591064453,468.80339529167395,5.94943380355835,5.964127063751221
calibration,33,6000,0.002570938318967819,1.0,0.11356467008590698,469.3907359203626,5.931063175201416,5.94558572769165
calibration,33,6025,0.0021096980199217796,1.0,0.10725551843643188,470.455918695741,5.949801921844482,5.96387243270874
calibration,33,6050,0.0017116013914346695,1.0,0.09779179841279984,471.9721282637678,6.008309841156006,6.022890567779541
calibration,33,6075,0.0013668001629412174,1.0,0.10094637423753738,473.8914614419328,6.102809429168701,6.12003755569458
calibration,33,6100,0.0010739534627646208,1.0,0.09463722258806229,476.1240520477458,6.224963188171387,6.247328758239746
calibration,33,6125,0.000833823811262846,1.0,0.08832807838916779,478.56232475016867,6.367190361022949,6.3963847160339355
calibration,33,6150,0.000642739119939506,1.0,0.08832807838916779,481.1213749510381,6.523222923278809,6.560291767120361
calibration,33,6175,0.0004935546894557774,1.0,0.08517350256443024,483.7509808866562,6.688432693481445,6.734323501586914
calibration,33,6200,0.00037828009226359427,1.0,0.09148264676332474,486.42619832810055,6.859950065612793,6.915525913238525
calibration,33,6225,0.00028963215299881995,1.0,0.09148264676332474,489.1344881589913,7.035919189453125,7.101780891418457
calibration,33,6250,0.00022163632092997432,1.0,0.09463722258806229,491.86768991101417,7.2150750160217285,7.291431427001953
calibration,33,6275,0.0001695637620287016,1.0,0.09463722258806229,494.6183128752522,7.396461486816406,7.483219146728516
calibration,33,6300,0.00012972898548468947,1.0,0.09463722258806229,497.37842476530034,7.579346656799316,7.676180839538574
calibration,33,6325,9.928723011398688e-05,1.0,0.09148264676332474,500.14090050948374,7.763073444366455,7.869535446166992
calibration,33,6350,7.60265756980516e-05,1.0,0.09148264676332474,502.8979563319149,7.947474479675293,8.062973976135254
calibration,33,6375,5.822821913170628e-05,1.0,0.08832807838916779,505.64234102684435,8.132157325744629,8.256011009216309
calibration,33,6400,4.462800279725343e-05,1.0,0.08832807838916779,508.36626417472746,8.316793441772461,8.448287963867188
calibration,33,6425,7.482818126678467,0.24056604504585266,0.06309147924184799,511.14939604094684,9.0300874710083,9.260213851928711
calibration,33,6450,0.40881600975990295,0.8962264060974121,0.05993690714240074,517.3631249574595,3.960695743560791,4.0468034744262695
calibration,33,6475,0.024628261104226112,1.0,0.07886435091495514,520.6583779284605,6.742451190948486,6.975846290588379
calibration,33,6500,0.00840863399207592,1.0,0.08832807838916779,518.5740470999589,6.943274974822998,7.222363471984863
calibration,33,6525,0.006211939733475447,1.0,0.09148264676332474,514.9778149405751,6.781879425048828,7.023648738861084
calibration,33,6550,0.005449187010526657,1.0,0.09148264676332474,511.5190595428664,6.576560974121094,6.782670497894287
calibration,33,6575,0.004881571978330612,1.0,0.09148264676332474,508.5305088752272,6.379786968231201,6.5549397468566895
calibration,33,6600,0.00441300543025136,1.0,0.09463722258806229,506.06525667476126,6.195418357849121,6.3406982421875
calibration,33,6625,0.00402106111869216,1.0,0.09148264676332474,504.1997821500198,6.03388786315918,6.148599147796631
calibration,33,6650,0.0036571850068867207,1.0,0.09148264676332474,503.0268752127378,5.904737949371338,5.989602565765381
calibration,33,6675,0.0033061769790947437,1.0,0.09148264676332474,502.6484045301381,5.81473445892334,5.874354362487793
calibration,33,6700,0.0029249913059175014,1.0,0.09463722258806229,503.1008760086628,5.7731475830078125,5.812716007232666
calibration,33,6725,0.0025120729114860296,1.0,0.09463722258806229,504.3636871300154,5.78019380569458,5.8062520027160645
calibration,33,6750,0.002089425688609481,1.0,0.09779179841279984,506.31299240979325,5.83270263671875,5.8527374267578125
calibration,33,6775,0.0016869708197191358,1.0,0.10094637423753738,508.7472855062817,5.925619125366211,5.945041179656982
calibration,33,6800,0.0013316110707819462,1.0,0.09779179841279984,511.4736786837558,6.049102306365967,6.070628643035889
calibration,33,6825,0.0010356847196817398,1.0,0.09463722258806229,514.3451140835028,6.193414211273193,6.2181854248046875
calibration,33,6850,0.000798409862909466,1.0,0.08832807838916779,517.2732754191123,6.3507256507873535,6.3792405128479
calibration,33,6875,0.0006134911673143506,1.0,0.09148264676332474,520.2191560722359,6.516424655914307,6.548915386199951
calibration,33,6900,0.0004706706095021218,1.0,0.09148264676332474,523.1705485125947,6.688295841217041,6.725639820098877
calibration,33,6925,0.0003599953488446772,1.0,0.09463722258806229,526.1163865416133,6.862689971923828,6.9094624519348145
calibration,33,6950,0.0002749472332652658,1.0,0.09463722258806229,529.0996882848618,7.037792205810547,7.096097946166992
calibration,33,6975,0.00021050107898190618,1.0,0.09463722258806229,532.1089274076988,7.2147955894470215,7.278508186340332
calibration,33,7000,0.00016109000716824085,1.0,0.09463722258806229,535.1172709624276,7.3941330909729,7.462220668792725
calibration,33,7025,0.0001231935020769015,1.0,0.09463722258806229,538.1154582929702,7.574427604675293,7.646063804626465
calibration,33,7050,9.421228605788201e-05,1.0,0.09463722258806229,541.0952216429451,7.755134582519531,7.829870223999023
calibration,33,7075,7.204232679214329e-05,1.0,0.09463722258806229,544.0517279823113,7.935774326324463,8.013254165649414
calibration,33,7100,5.51115044800099e-05,1.0,0.09148264676332474,546.9805579684058,8.116086959838867,8.19598388671875
calibration,33,7125,4.216911838739179e-05,1.0,0.08832807838916779,549.877653953223,8.295999526977539,8.378129959106445
calibration,33,7150,3.227973138564266e-05,1.0,0.08832807838916779,552.7378843891039,8.47539234161377,8.559619903564453
calibration,33,7175,2.4728220523684286e-05,1.0,0.08517350256443024,555.555509831671,8.65425968170166,8.740461349487305
calibration,33,7200,1.8935488697024994e-05,1.0,0.08832807838916779,558.3259719155475,8.832361221313477,8.920528411865234
calibration,33,7225,1.4515843758999836e-05,1.0,0.08832807838916779,561.0400982909201,9.010223388671875,9.100391387939453
calibration,33,7250,1.1135865861433558e-05,1.0,0.08832807838916779,563.6892515037381,9.18572998046875,9.27798843383789
calibration,33,7275,1.2527616024017334,0.6792452931404114,0.08517350256443024,566.641980037839,2.2134528160095215,2.175199270248413
calibration,33,7300,0.1224786564707756,0.9905660152435303,0.10410095006227493,574.512607724878,5.1324968338012695,5.22765588760376
calibration,33,7325,0.013992705382406712,1.0,0.09779179841279984,574.990087742136,6.83067512512207,6.866038799285889
calibration,33,7350,0.005202829837799072,1.0,0.10410095006227493,571.685835612247,7.250423431396484,7.214519500732422
calibration,33,7375,0.003880328731611371,1.0,0.11671924591064453,567.5900300841764,7.174957275390625,7.106967449188232
calibration,33,7400,0.003410614561289549,1.0,0.11356467008590698,563.7280700717401,7.021971225738525,6.934236526489258
calibration,33,7425,0.0031498197931796312,1.0,0.11041009426116943,560.3112865305458,6.846765518188477,6.7495222091674805
calibration,33,7450,0.0029868942219763994,1.0,0.11356467008590698,557.4401560113103,6.676307678222656,6.579841613769531
calibration,33,7475,0.0028371165972203016,1.0,0.11671924591064453,555.2159694680508,6.527522563934326,6.4398512840271
calibration,33,7500,0.0026373136788606644,1.0,0.12302839010953903,553.7302050722649,6.413882255554199,6.339008331298828
calibration,33,7525,0.0023510227911174297,1.0,0.11987381428480148,553.0351686075625,6.350889682769775,6.290426731109619
calibration,33,7550,0.0020189443603157997,1.0,0.11041009426116943,553.1225338367722,6.341192722320557,6.295693397521973
calibration,33,7575,0.0016808429500088096,1.0,0.11041009426116943,553.915016075389,6.378425598144531,6.348151683807373
calibration,33,7600,0.0013646191218867898,1.0,0.11041009426116943,555.2645896940744,6.4531168937683105,6.439869403839111
calibration,33,7625,0.0010871903505176306,1.0,0.11041009426116943,557.0208052515605,6.556194305419922,6.562558650970459
calibration,33,7650,0.0008554563974030316,1.0,0.09779179841279984,559.0536017836041,6.682546138763428,6.708651065826416
calibration,33,7675,0.0006670986767858267,1.0,0.08201892673969269,561.2608628335124,6.828023433685303,6.871811389923096
calibration,33,7700,0.0005165368784219027,1.0,0.07886435091495514,563.5797903189816,6.987519264221191,7.0471720695495605
calibration,33,7725,0.000397855561459437,1.0,0.08201892673969269,565.9742557948077,7.156425476074219,7.230754375457764
calibration,33,7750,0.00030542214517481625,1.0,0.08201892673969269,568.4199499138136,7.330909729003906,7.419177532196045
calibration,33,7775,0.0002340173814445734,1.0,0.08517350256443024,570.8998653472777,7.5084428787231445,7.610368728637695
calibration,33,7800,0.0001791230170056224,1.0,0.08517350256443024,573.4017264144594,7.687550067901611,7.803248405456543
calibration,33,7825,0.00013689052138943225,1.0,0.08201892673969269,575.9168706713612,7.867281436920166,7.997524261474609
calibration,33,7850,0.00010427590314066038,1.0,0.08201892673969269,578.4417400756995,8.04659652709961,8.191526412963867
calibration,33,7875,7.93772705947049e-05,1.0,0.07886435091495514,580.9618629136548,8.225301742553711,8.383047103881836
calibration,33,7900,6.063734690542333e-05,1.0,0.07570978254079819,583.4683776100519,8.403244018554688,8.572151184082031
calibration,33,7925,4.6469922381220385e-05,1.0,0.07570978254079819,585.9662713974477,8.581533432006836,8.760672569274902
calibration,33,7950,3.568601096048951e-05,1.0,0.07886435091495514,588.4551049615328,8.76229190826416,8.951370239257812
calibration,33,7975,1.3420075178146362,0.6132075190544128,0.06940063089132309,590.1645981487536,2.118356704711914,2.1940817832946777
calibration,33,8000,0.0545634925365448,1.0,0.07570978254079819,597.7646972016563,6.518876075744629,6.551372051239014
calibration,33,8025,0.008245219476521015,1.0,0.07886435091495514,598.4288350042962,7.3678741455078125,7.409563064575195
calibration,33,8050,0.004787632264196873,1.0,0.08517350256443024,595.1065285264522,7.418132305145264,7.3905110359191895
calibration,33,8075,0.004047650843858719,1.0,0.08201892673969269,591.5454623234749,7.243990898132324,7.183967113494873
calibration,33,8100,0.0036943780723959208,1.0,0.07886435091495514,588.3629622579818,7.017678737640381,6.938808917999268
calibration,33,8125,0.0034768565092235804,1.0,0.07570978254079819,585.711222139853,6.8135223388671875,6.723023891448975
calibration,33,8150,0.0032480922527611256,1.0,0.08201892673969269,583.6881030954673,6.640639781951904,6.5432233810424805
calibration,33,8175,0.002936939476057887,1.0,0.08832807838916779,582.3045380026995,6.502727508544922,6.403264045715332
calibration,33,8200,0.0026221340522170067,1.0,0.08517350256443024,581.5609791114517,6.391885280609131,6.298565864562988
calibration,33,8225,0.002328094094991684,1.0,0.08201892673969269,581.5687435832597,6.3204426765441895,6.236928462982178
calibration,33,8250,0.0020184870809316635,1.0,0.08832807838916779,582.366471014032,6.297286033630371,6.225041389465332
calibration,33,8275,0.0016918630572035909,1.0,0.09779179841279984,583.8736289761796,6.324069499969482,6.261688232421875
calibration,33,8300,0.0013741557486355305,1.0,0.10725551843643188,585.9290319962305,6.395655155181885,6.34127950668335
calibration,33,8325,0.0010915520833805203,1.0,0.10410095006227493,588.37251629583,6.501833438873291,6.45448637008667
calibration,33,8350,0.0008546168101020157,1.0,0.11041009426116943,591.080560680944,6.633594512939453,6.592339515686035
calibration,33,8375,0.0006623938679695129,1.0,0.10725551843643188,593.9481189149592,6.782349586486816,6.746402263641357
calibration,33,8400,0.0005124734016135335,1.0,0.10725551843643188,596.8954326894564,6.94248104095459,6.912850379943848
calibration,33,8425,0.0003952944534830749,1.0,0.10410095006227493,599.9023904148664,7.1146063804626465,7.091958999633789
calibration,33,8450,0.0003037335991393775,1.0,0.10725551843643188,602.9556302200912,7.296069145202637,7.280839920043945
calibration,33,8475,0.00023277757281903177,1.0,0.11041009426116943,606.0351768158367,7.484193325042725,7.476416110992432
calibration,33,8500,0.00017817463958635926,1.0,0.10725551843643188,609.1225133591606,7.676687717437744,7.676281929016113
calibration,33,8525,0.00013632726040668786,1.0,0.11356467008590698,612.20195738126,7.872186660766602,7.878977298736572
calibration,33,8550,0.0001042993098963052,1.0,0.11356467008590698,615.260996027241,8.069894790649414,8.083612442016602
calibration,33,8575,7.981149974511936e-05,1.0,0.11671924591064453,618.289348387505,8.269253730773926,8.289665222167969
calibration,33,8600,6.108725210651755e-05,1.0,0.11987381428480148,621.2800411638392,8.469843864440918,8.496713638305664
calibration,33,8625,4.6752225898671895e-05,1.0,0.12302839010953903,624.2284006646113,8.671401977539062,8.704517364501953
calibration,33,8650,3.580636621336453e-05,1.0,0.12302839010953903,627.1291355857429,8.873361587524414,8.912435531616211
calibration,33,8675,2.742045580816921e-05,1.0,0.12302839010953903,629.9792599405682,9.075851440429688,9.120745658874512
calibration,33,8700,2.100697747664526e-05,1.0,0.12302839010953903,632.7728144771631,9.27783489227295,9.328343391418457
calibration,33,8725,1.6092522855615243e-05,1.0,0.12302839010953903,635.5086097394017,9.480415344238281,9.536038398742676
calibration,33,8750,1.2331313882896211e-05,1.0,0.11671924591064453,638.1790076436818,9.682402610778809,9.742963790893555
calibration,33,8775,9.459085049456917e-06,1.0,0.11671924591064453,640.7759095045657,9.884049415588379,9.948896408081055
calibration,33,8800,1.719589114189148,0.5896226167678833,0.09148264676332474,642.6926023026657,4.928802967071533,5.008141040802002
calibration,33,8825,0.16708427667617798,0.9764150977134705,0.10410095006227493,646.3182864078321,5.29636287689209,5.254979133605957
calibration,33,8850,0.008458325639367104,1.0,0.09779179841279984,649.0007318064024,8.158956527709961,8.074320793151855
calibration,33,8875,0.004047130700200796,1.0,0.10094637423753738,645.7977737394697,8.125398635864258,7.99859094619751
calibration,33,8900,0.0036670067347586155,1.0,0.11041009426116943,641.7999445448072,7.799936294555664,7.658603668212891
calibration,33,8925,0.0035008874256163836,1.0,0.11987381428480148,638.2534710299495,7.520387172698975,7.3788604736328125
calibration,33,8950,0.0032091953326016665,1.0,0.11671924591064453,635.3406375937334,7.307147979736328,7.167942047119141
calibration,33,8975,0.0028912231791764498,1.0,0.11987381428480148,633.0683009988189,7.124379634857178,6.988887786865234
calibration,33,9000,0.0026004891842603683,1.0,0.12302839010953903,631.4569179824607,6.973335266113281,6.841934680938721
calibration,33,9025,0.0022964777890592813,1.0,0.12618295848369598,630.5383958692389,6.859932899475098,6.730479717254639
calibration,33,9050,0.001954956678673625,1.0,0.11987381428480148,630.3123289762797,6.782416343688965,6.655803203582764
calibration,33,9075,0.0016186477150768042,1.0,0.12933753430843353,630.6749758518546,6.73743200302124,6.614850997924805
calibration,33,9100,0.001317812129855156,1.0,0.13564668595790863,631.503620282385,6.720635890960693,6.6039886474609375
calibration,33,9125,0.0010612322948873043,1.0,0.13880126178264618,632.7490051507845,6.733105182647705,6.624547958374023
calibration,33,9150,0.0008443048573099077,1.0,0.13564668595790863,634.3589114338308,6.776759624481201,6.677795886993408
calibration,33,9175,0.0006643444648943841,1.0,0.13249211013317108,636.2682725521025,6.8489789962768555,6.758863925933838
calibration,33,9200,0.0005175837432034314,1.0,0.12933753430843353,638.4004973334495,6.945169925689697,6.866589546203613
calibration,33,9225,0.0003987455856986344,1.0,0.13564668595790863,640.6784751300597,7.058844566345215,6.994609832763672
calibration,33,9250,0.0003053121326956898,1.0,0.13564668595790863,643.100240877483,7.181511402130127,7.13422966003418
calibration,33,9275,0.00023550292826257646,1.0,0.14195583760738373,645.6730700168533,7.310702323913574,7.283032417297363
calibration,33,9300,0.00018142012413591146,1.0,0.13880126178264618,648.3362574039404,7.450755596160889,7.442291259765625
calibration,33,9325,0.0001390503311995417,1.0,0.13249211013317108,651.0529554538183,7.599405288696289,7.61049747467041
calibration,33,9350,0.00010639403626555577,1.0,0.12933753430843353,653.8016651552122,7.753321170806885,7.783862113952637
calibration,33,9375,8.14509330666624e-05,1.0,0.12933753430843353,656.5646217716371,7.912334442138672,7.960558891296387
calibration,33,9400,6.236915942281485e-05,1.0,0.12618295848369598,659.3316403589577,8.076590538024902,8.14029598236084
calibration,33,9425,4.778677975991741e-05,1.0,0.12933753430843353,662.1010693435604,8.24666690826416,8.32270336151123
calibration,33,9450,3.6657082091551274e-05,1.0,0.12618295848369598,664.8769661159906,8.421928405761719,8.508524894714355
calibration,33,9475,2.8114869564888068e-05,1.0,0.13249211013317108,667.6536398292124,8.60056209564209,8.696913719177246
calibration,33,9500,2.1562516849371605e-05,1.0,0.12933753430843353,670.4167726445314,8.78138256072998,8.887348175048828
calibration,33,9525,1.6544043319299817e-05,1.0,0.12302839010953903,673.1523027316813,8.963624954223633,9.078922271728516
calibration,33,9550,1.2693994904111605e-05,1.0,0.12302839010953903,675.8463679041195,9.145970344543457,9.270758628845215
calibration,33,9575,9.739674169395585e-06,1.0,0.12302839010953903,678.4906910718172,9.329672813415527,9.463303565979004
calibration,33,9600,2.656244993209839,0.5094339847564697,0.07255520671606064,680.8495594992282,6.757227897644043,6.771512985229492
calibration,33,9625,0.15082061290740967,0.9811320900917053,0.09463722258806229,686.9023582453914,5.176394939422607,5.158716678619385
calibration,33,9650,0.008567369543015957,1.0,0.10410095006227493,688.2525010115066,7.372807025909424,7.243934631347656
calibration,33,9675,0.0044110738672316074,1.0,0.10410095006227493,684.6232832562488,7.262704849243164,7.091849327087402
calibration,33,9700,0.004144575912505388,1.0,0.11041009426116943,680.6595135238055,6.98707389831543,6.824591636657715
calibration,33,9725,0.0040390207432210445,1.0,0.11356467008590698,677.1030178814065,6.755852222442627,6.59939432144165
calibration,33,9750,0.003723687492311001,1.0,0.11041009426116943,674.1203853165589,6.58947229385376,6.438845157623291
calibration,33,9775,0.0033034407533705235,1.0,0.11356467008590698,671.7148189182104,6.460495948791504,6.317344665527344
calibration,33,9800,0.002889844123274088,1.0,0.12302839010953903,669.9215850095914,6.353926658630371,6.212953090667725
calibration,33,9825,0.0025356002151966095,1.0,0.11987381428480148,668.8074981193649,6.263641834259033,6.12699031829834
calibration,33,9850,0.0021998833399266005,1.0,0.12302839010953903,668.3975965376558,6.201467990875244,6.073243141174316
calibration,33,9875,0.0018710701260715723,1.0,0.13564668595790863,668.6928666397685,6.177494049072266,6.060986518859863
calibration,33,9900,0.001560239470563829,1.0,0.12302839010953903,669.6432996935458,6.191925525665283,6.091355800628662
calibration,33,9925,0.0012797170784324408,1.0,0.12302839010953903,671.1758660434556,6.244701862335205,6.16081428527832
calibration,33,9950,0.001030079205520451,1.0,0.12302839010953903,673.1844711978808,6.332845211029053,6.261569976806641
calibration,33,9975,0.0008134202798828483,1.0,0.12618295848369598,675.54069447995,6.447699546813965,6.386961460113525
calibration,33,10000,0.0006328807794488966,1.0,0.12302839010953903,678.127855132915,6.582237720489502,6.531065464019775
calibration,33,10025,0.0004878781910520047,1.0,0.12302839010953903,680.8626028224098,6.730374336242676,6.687470436096191
calibration,33,10050,0.0003745742724277079,1.0,0.12618295848369598,683.6999998161032,6.887539863586426,6.850605487823486
calibration,33,10075,0.00028732395730912685,1.0,0.13249211013317108,686.6142734867408,7.050948619842529,7.017364978790283
calibration,33,10100,0.00022040017938707024,1.0,0.12618295848369598,689.5855904795623,7.219045639038086,7.1871538162231445
calibration,33,10125,0.00016907665121834725,1.0,0.12302839010953903,692.5947358871412,7.391026020050049,7.3602375984191895
calibration,33,10150,0.00012968880764674395,1.0,0.11987381428480148,695.6230938781156,7.566191673278809,7.536554336547852
calibration,33,10175,9.946440695784986e-05,1.0,0.11987381428480148,698.6563102599741,7.74405574798584,7.7157087326049805
calibration,33,10200,7.626804290339351e-05,1.0,0.12302839010953903,701.6835975776638,7.923626899719238,7.896814823150635
calibration,33,10225,5.8485562476562336e-05,1.0,0.12618295848369598,704.6967082976798,8.10418701171875,8.07919979095459
calibration,33,10250,4.484437158680521e-05,1.0,0.12618295848369598,707.6900510802411,8.284976959228516,8.262073516845703
calibration,33,10275,3.440174987190403e-05,1.0,0.12302839010953903,710.660173879482,8.465721130371094,8.44511604309082
calibration,33,10300,2.6379075279692188e-05,1.0,0.12302839010953903,713.6074920060677,8.646004676818848,8.627843856811523
calibration,33,10325,2.0242807295289822e-05,1.0,0.12302839010953903,716.5321676125965,8.825270652770996,8.809639930725098
calibration,33,10350,1.5541463653789833e-05,1.0,0.12302839010953903,719.4407799135879,9.003889083862305,8.990509986877441
calibration,33,10375,1.1931516382901464e-05,1.0,0.12618295848369598,722.3315480121767,9.181890487670898,9.170212745666504
calibration,33,10400,9.180744200421032e-06,1.0,0.12618295848369598,725.1834984879326,9.358271598815918,9.347732543945312
calibration,33,10425,7.059742074488895e-06,1.0,0.12933753430843353,727.9801049371076,9.535453796386719,9.525419235229492
calibration,33,10450,5.441434495878639e-06,1.0,0.12933753430843353,730.6987509591344,9.710851669311523,9.701433181762695
calibration,33,10475,1.0377933979034424,0.7452830076217651,0.08517350256443024,727.6908135642848,2.407503366470337,2.5057272911071777
calibration,33,10500,0.07264955341815948,0.9952830076217651,0.10725551843643188,735.3681822698643,6.057362079620361,6.0605010986328125
calibration,33,10525,0.019446231424808502,0.9952830076217651,0.11671924591064453,735.5270188217869,7.160580158233643,7.1839919090271
calibration,33,10550,0.006638111546635628,1.0,0.10725551843643188,732.6751153824011,7.229927062988281,7.236451148986816
calibration,33,10575,0.003382530529052019,1.0,0.11041009426116943,729.4993638481905,7.155169486999512,7.126128196716309
calibration,33,10600,0.002826355630531907,1.0,0.11041009426116943,726.5557436390898,6.986669063568115,6.9254841804504395
calibration,33,10625,0.002588564995676279,1.0,0.11356467008590698,724.0567675114088,6.813255786895752,6.7269721031188965
calibration,33,10650,0.0023662475869059563,1.0,0.11987381428480148,722.1513500731616,6.662811756134033,6.551463603973389
calibration,33,10675,0.0021353824995458126,1.0,0.11987381428480148,720.9227290653074,6.53675651550293,6.405453205108643
calibration,33,10700,0.001897155656479299,1.0,0.11671924591064453,720.4256993888208,6.442248821258545,6.297106742858887
calibration,33,10725,0.00165094796102494,1.0,0.11671924591064453,720.6762152385172,6.384905815124512,6.233175754547119
calibration,33,10750,0.0014016471104696393,1.0,0.12618295848369598,721.6322291064644,6.366011142730713,6.212745666503906
calibration,33,10775,0.0011597099946811795,1.0,0.12618295848369598,723.2021712613771,6.381660461425781,6.229715347290039
calibration,33,10800,0.0009387179743498564,1.0,0.12302839010953903,725.2787180915852,6.426177024841309,6.278787612915039
calibration,33,10825,0.0007481562788598239,1.0,0.11987381428480148,727.7673752397579,6.496659755706787,6.355668067932129
calibration,33,10850,0.0005894325440749526,1.0,0.11671924591064453,730.5434872260735,6.589229106903076,6.4560370445251465
calibration,33,10875,0.0004601624677889049,1.0,0.11356467008590698,733.5360027906763,6.701099872589111,6.575477123260498
calibration,33,10900,0.00035648373886942863,1.0,0.11356467008590698,736.7024793766245,6.828714847564697,6.709892272949219
calibration,33,10925,0.00027465022867545485,1.0,0.10725551843643188,739.997500640867,6.967986106872559,6.854850769042969
calibration,33,10950,0.00021090685913804919,1.0,0.10725551843643188,743.3753642314956,7.115445613861084,7.006955146789551
calibration,33,10975,0.00016171620518434793,1.0,0.11041009426116943,746.7982074251086,7.268722057342529,7.164813995361328
calibration,33,11000,0.00012389903713483363,1.0,0.11356467008590698,750.2350543223063,7.426327705383301,7.327128887176514
calibration,33,11025,9.478240099269897e-05,1.0,0.10725551843643188,753.6538582608462,7.587582588195801,7.491297721862793
calibration,33,11050,7.208844181150198e-05,1.0,0.10410095006227493,757.020850038163,7.751938819885254,7.653563976287842
calibration,33,11075,5.5116561270551756e-05,1.0,0.11041009426116943,760.3707706287263,7.913027286529541,7.811490058898926
calibration,33,11100,4.2408086301293224e-05,1.0,0.11356467008590698,763.7244973594899,8.073118209838867,7.969703674316406
calibration,33,11125,3.26041663356591e-05,1.0,0.11041009426116943,767.0796355233635,8.236119270324707,8.130840301513672
calibration,33,11150,2.503972064005211e-05,1.0,0.10725551843643188,770.4128502196332,8.401688575744629,8.294114112854004
calibration,33,11175,1.923125091707334e-05,1.0,0.10410095006227493,773.704361020898,8.56868839263916,8.458518028259277
calibration,33,11200,1.476043962611584e-05,1.0,0.10410095006227493,776.9387751880374,8.736379623413086,8.623294830322266
calibration,33,11225,1.1341666322550736e-05,1.0,0.10410095006227493,780.1043151723684,8.904592514038086,8.788254737854004
calibration,33,11250,8.71572319738334e-06,1.0,0.10410095006227493,783.1896449667987,9.07242202758789,8.952597618103027
calibration,33,11275,6.7015566855843645e-06,1.0,0.10410095006227493,786.1802110432158,9.239960670471191,9.116482734680176
calibration,33,11300,5.155221970198909e-06,1.0,0.10410095006227493,789.0647689515981,9.406122207641602,9.279187202453613
calibration,33,11325,3.969883891841164e-06,1.0,0.10410095006227493,791.8325405322444,9.572127342224121,9.440680503845215
calibration,33,11350,3.0572623472835403e-06,1.0,0.10725551843643188,794.4613161100788,9.735193252563477,9.599884986877441
calibration,33,11375,2.358316123718396e-06,1.0,0.10725551843643188,796.9506477759712,9.896064758300781,9.756881713867188
calibration,33,11400,1.826936681936786e-06,1.0,0.10725551843643188,799.2930687077521,10.059086799621582,9.915528297424316
calibration,33,11425,1.4085803741181735e-06,1.0,0.10725551843643188,801.4694366737128,10.214468002319336,10.068899154663086
calibration,33,11450,1.090876594389556e-06,1.0,0.11041009426116943,803.4632763390384,10.363199234008789,10.21230411529541
calibration,33,11475,8.518961180925544e-07,1.0,0.11041009426116943,805.2929395362041,10.516976356506348,10.359729766845703
calibration,33,11500,6.66897051360138e-07,1.0,0.11041009426116943,806.9459858223978,10.659618377685547,10.50278091430664
calibration,33,11525,0.5390501618385315,0.9669811129570007,0.09463722258806229,808.4097117739223,10.906513214111328,10.71969223022461
calibration,33,11550,0.33146998286247253,0.9528301954269409,0.08201892673969269,805.9780809900741,4.697337627410889,4.5770416259765625
calibration,33,11575,0.03401204198598862,0.9952830076217651,0.10410095006227493,808.935950114919,7.6580963134765625,7.4439520835876465
calibration,33,11600,0.007669991813600063,1.0,0.10094637423753738,806.5303167814619,7.834381103515625,7.589282035827637
calibration,33,11625,0.004361560568213463,1.0,0.10094637423753738,802.9206883998963,7.69431209564209,7.416520595550537
calibration,33,11650,0.0036986919585615396,1.0,0.11041009426116943,799.2846649600017,7.457902431488037,7.183786869049072
calibration,33,11675,0.003312178421765566,1.0,0.11356467008590698,796.0839963741452,7.2387237548828125,6.976266860961914
calibration,33,11700,0.002958698198199272,1.0,0.11671924591064453,793.478677193906,7.050971031188965,6.802320957183838
calibration,33,11725,0.002622452797368169,1.0,0.12302839010953903,791.4942815162834,6.894983291625977,6.659189224243164
calibration,33,11750,0.0022868881933391094,1.0,0.12618295848369598,790.1285284068343,6.7762017250061035,6.550143718719482
calibration,33,11775,0.00196283683180809,1.0,0.12933753430843353,789.3752693346129,6.696248531341553,6.475101947784424
calibration,33,11800,0.001660274458117783,1.0,0.12302839010953903,789.1955876083313,6.652283191680908,6.433927059173584
calibration,33,11825,0.001376537955366075,1.0,0.11356467008590698,789.5493028353791,6.645518779754639,6.428221702575684
calibration,33,11850,0.0011211502132937312,1.0,0.12618295848369598,790.3971184952806,6.674676418304443,6.4594645500183105
calibration,33,11875,0.0009031328372657299,1.0,0.12302839010953903,791.6732138147966,6.735101222991943,6.523797512054443
calibration,33,11900,0.0007162074325606227,1.0,0.11987381428480148,793.3251622198658,6.821770668029785,6.614948272705078
calibration,33,11925,0.000558739120606333,1.0,0.12618295848369598,795.2842995425934,6.9296135902404785,6.72935676574707
calibration,33,11950,0.00043178099440410733,1.0,0.12302839010953903,797.536747462034,7.053243637084961,6.858055591583252
calibration,33,11975,0.00033309689024463296,1.0,0.11987381428480148,800.0727074053852,7.1842851638793945,6.991373538970947
calibration,33,12000,0.00025599688524380326,1.0,0.12302839010953903,802.8067853449471,7.323241710662842,7.130255222320557
calibration,33,12025,0.00019637032528407872,1.0,0.11987381428480148,805.7014286022168,7.4678239822387695,7.273544788360596
calibration,33,12050,0.00015054063987918198,1.0,0.11987381428480148,808.7193031394867,7.616476058959961,7.420500755310059
calibration,33,12075,0.00011540362174855545,1.0,0.11671924591064453,811.8213347268381,7.768411159515381,7.571104049682617
calibration,33,12100,8.849210280459374e-05,1.0,0.11987381428480148,814.9811698566261,7.923226833343506,7.725102424621582
calibration,33,12125,6.788020255044103e-05,1.0,0.11671924591064453,818.182001299138,8.080954551696777,7.882518768310547
calibration,33,12150,5.207395588513464e-05,1.0,0.11671924591064453,821.4113383671287,8.2416410446167,8.043534278869629
calibration,33,12175,3.9937905967235565e-05,1.0,0.10725551843643188,824.6564808687158,8.404905319213867,8.208189010620117
calibration,33,12200,3.0595627322327346e-05,1.0,0.10725551843643188,827.9051450152733,8.570283889770508,8.376161575317383
calibration,33,12225,2.3464715923182666e-05,1.0,0.11041009426116943,831.1418509449911,8.737340927124023,8.545060157775879
calibration,33,12250,1.8016115063801408e-05,1.0,0.11356467008590698,834.3557286926442,8.90479850769043,8.713935852050781
calibration,33,12275,1.3816894352203235e-05,1.0,0.11041009426116943,837.5392546089085,9.072482109069824,8.883086204528809
calibration,33,12300,1.0606171599647496e-05,1.0,0.11041009426116943,840.6865944328871,9.240103721618652,9.052711486816406
calibration,33,12325,8.153980161296204e-06,1.0,0.11041009426116943,843.7871303746751,9.407689094543457,9.2228364944458
calibration,33,12350,6.2629583226225805e-06,1.0,0.11041009426116943,846.8356373123571,9.57583236694336,9.393733978271484
calibration,33,12375,4.812777660845313e-06,1.0,0.10725551843643188,849.8053752954334,9.742244720458984,9.563610076904297
calibration,33,12400,3.7039126254967414e-06,1.0,0.10725551843643188,852.6845073642389,9.907976150512695,9.732882499694824
calibration,33,12425,2.8570809718075907e-06,1.0,0.10410095006227493,855.4540556796151,10.071889877319336,9.900442123413086
calibration,33,12450,2.2014323803887237e-06,1.0,0.09779179841279984,858.1101543814495,10.234487533569336,10.068312644958496
calibration,33,12475,1.7009797375067137e-06,1.0,0.09779179841279984,860.6254943491344,10.39207649230957,10.232950210571289
calibration,33,12500,1.313550228587701e-06,1.0,0.09779179841279984,862.9952191578429,10.54596996307373,10.394591331481934
calibration,33,12525,1.0099045084643876e-06,1.0,0.09779179841279984,865.2346522655655,10.700753211975098,10.55689811706543
calibration,33,12550,7.95665414443647e-07,1.0,0.09779179841279984,867.2998246171036,10.850126266479492,10.7091646194458
calibration,33,12575,0.21526700258255005,0.9622641801834106,0.10725551843643188,865.1094197445597,4.565291404724121,4.5958638191223145
calibration,33,12600,0.01021786779165268,1.0,0.15457412600517273,865.8864475727288,7.676784515380859,7.554198741912842
calibration,33,12625,0.003993607126176357,1.0,0.14195583760738373,862.5797814420652,7.727010250091553,7.634090900421143
calibration,33,12650,0.003521836595609784,1.0,0.14195583760738373,858.74701722526,7.418249607086182,7.3369927406311035
calibration,33,12675,0.0034533224534243345,1.0,0.14195583760738373,855.2692227384005,7.149628162384033,7.062656402587891
calibration,33,12700,0.003268050029873848,1.0,0.14195583760738373,852.2620300753304,6.950897693634033,6.845320701599121
calibration,33,12725,0.0029972484335303307,1.0,0.14511041343212128,849.7446631250436,6.782824516296387,6.6592607498168945
calibration,33,12750,0.002693232148885727,1.0,0.13564668595790863,847.7592627093433,6.63505744934082,6.497673988342285
calibration,33,12775,0.002386098261922598,1.0,0.13249211013317108,846.3665601376553,6.510909080505371,6.358358860015869
calibration,33,12800,0.00209112954325974,1.0,0.14195583760738373,845.609859953881,6.420689105987549,6.247879505157471
calibration,33,12825,0.0018085180781781673,1.0,0.14826498925685883,845.541303040953,6.36636209487915,6.172723770141602
calibration,33,12850,0.0015411559725180268,1.0,0.15141956508159637,846.1647682597198,6.345573902130127,6.135260105133057
calibration,33,12875,0.0012886038748547435,1.0,0.15457412600517273,847.4536956588292,6.358645439147949,6.136012077331543
calibration,33,12900,0.001054381369613111,1.0,0.14511041343212128,849.3319370394979,6.4025726318359375,6.172740459442139
calibration,33,12925,0.0008452446199953556,1.0,0.15141956508159637,851.6745229008269,6.4750213623046875,6.242584228515625
calibration,33,12950,0.0006661485531367362,1.0,0.15457412600517273,854.3408431907609,6.571042060852051,6.339252471923828
calibration,33,12975,0.0005175237893126905,1.0,0.16088327765464783,857.2220196703784,6.683993339538574,6.456198692321777
calibration,33,13000,0.000397786614485085,1.0,0.14826498925685883,860.24751905344,6.810216903686523,6.588109493255615
calibration,33,13025,0.0003056722925975919,1.0,0.15457412600517273,863.3669906375691,6.949991226196289,6.733709335327148
calibration,33,13050,0.00023585690360050648,1.0,0.15141956508159637,866.5549908021522,7.098178863525391,6.888428688049316
calibration,33,13075,0.0001819052267819643,1.0,0.14511041343212128,869.8065517249281,7.254239082336426,7.050882816314697
calibration,33,13100,0.000139978903462179,1.0,0.14511041343212128,873.1044998923288,7.4174418449401855,7.219902515411377
calibration,33,13125,0.00010751241643447429,1.0,0.14826498925685883,876.4297793467014,7.585793972015381,7.392970085144043
calibration,33,13150,8.24896851554513e-05,1.0,0.14826498925685883,879.7670227757875,7.757805347442627,7.568502426147461
calibration,33,13175,6.325174035737291e-05,1.0,0.15141956508159637,883.1041492615125,7.932245254516602,7.745637893676758
calibration,33,13200,4.8513695219298825e-05,1.0,0.14826498925685883,886.432928748081,8.108416557312012,7.924071788787842
calibration,33,13225,3.719962478498928e-05,1.0,0.14826498925685883,889.7455425731404,8.28575611114502,8.103257179260254
calibration,33,13250,2.8507314709713683e-05,1.0,0.15141956508159637,893.034826608474,8.463912963867188,8.282709121704102
calibration,33,13275,2.1858821128262207e-05,1.0,0.14826498925685883,896.2914990484708,8.642337799072266,8.46182918548584
calibration,33,13300,1.6755451724748127e-05,1.0,0.14826498925685883,899.506297720439,8.820698738098145,8.640432357788086
calibration,33,13325,1.2825003068428487e-05,1.0,0.14826498925685883,902.6694236367035,8.998974800109863,8.817939758300781
calibration,33,13350,9.81726680038264e-06,1.0,0.15141956508159637,905.77626597171,9.175536155700684,8.998523712158203
calibration,33,13375,7.523078238591552e-06,1.0,0.15141956508159637,908.8423810840771,9.348522186279297,9.179052352905273
calibration,33,13400,5.7917486628866754e-06,1.0,0.14826498925685883,911.8585469178374,9.519905090332031,9.354357719421387
calibration,33,13425,4.461899607122177e-06,1.0,0.14826498925685883,914.8136082381756,9.691048622131348,9.526531219482422
calibration,33,13450,3.4373804282950005e-06,1.0,0.14511041343212128,917.6908211079316,9.86310863494873,9.69838809967041
calibration,33,13475,2.647341034389683e-06,1.0,0.14511041343212128,920.4615024268708,10.033190727233887,9.868124008178711
calibration,33,13500,2.0496097477007424e-06,1.0,0.14511041343212128,923.0996812476405,10.197793960571289,10.03139877319336
calibration,33,13525,1.5783967910465435e-06,1.0,0.14511041343212128,925.6210376342033,10.36602783203125,10.196759223937988
calibration,33,13550,1.2331404377619037e-06,1.0,0.14195583760738373,927.9968215966081,10.527620315551758,10.355899810791016
calibration,33,13575,9.536736342852237e-07,1.0,0.14195583760738373,930.2062520704927,10.682389259338379,10.509160041809082
calibration,33,13600,7.354985314123041e-07,1.0,0.14195583760738373,932.312080651781,10.852620124816895,10.673552513122559
calibration,33,13625,5.780523792964232e-07,1.0,0.14195583760738373,934.2177633923018,10.998956680297852,10.820070266723633
calibration,33,13650,1.0285223722457886,0.6933962106704712,0.09779179841279984,929.2959952452023,2.8992817401885986,2.887624502182007
calibration,33,13675,0.05283040925860405,0.9905660152435303,0.12618295848369598,928.0886125901903,6.588035583496094,6.592678546905518
calibration,33,13700,0.006282579619437456,1.0,0.13249211013317108,926.3622981439212,7.824357032775879,7.732006072998047
calibration,33,13725,0.0037721549160778522,1.0,0.14511041343212128,923.2393692584948,7.706691265106201,7.591467380523682
calibration,33,13750,0.003481576917693019,1.0,0.14511041343212128,920.0779770603842,7.442083358764648,7.319280624389648
calibration,33,13775,0.0032810585107654333,1.0,0.14195583760738373,917.3231504551112,7.221749782562256,7.0804901123046875
calibration,33,13800,0.002997280564159155,1.0,0.14826498925685883,915.0668412717142,7.049300670623779,6.88937520980835
calibration,33,13825,0.0027029600460082293,1.0,0.14826498925685883,913.2971221527422,6.907835960388184,6.732210636138916
calibration,33,13850,0.0024180796463042498,1.0,0.14826498925685883,912.0395533252095,6.794050216674805,6.604977130889893
calibration,33,13875,0.002137646311894059,1.0,0.16088327765464783,911.3388600557288,6.710043430328369,6.509417533874512
calibration,33,13900,0.0018501970916986465,1.0,0.16719242930412292,911.2279043482092,6.659328937530518,6.445959091186523
calibration,33,13925,0.0015606380766257644,1.0,0.17665615677833557,911.6989428763436,6.642416000366211,6.414313793182373
calibration,33,13950,0.0012828005710616708,1.0,0.18611986935138702,912.7077942858893,6.659132957458496,6.417100429534912
calibration,33,13975,0.0010312874801456928,1.0,0.18611986935138702,914.1898016231769,6.706364631652832,6.451813697814941
calibration,33,14000,0.0008141350699588656,1.0,0.18296529352664948,916.0663631505355,6.777543544769287,6.514219760894775
calibration,33,14025,0.0006346817244775593,1.0,0.18611986935138702,918.2593185715808,6.868267059326172,6.600888252258301
calibration,33,14050,0.0004922430380247533,1.0,0.18296529352664948,920.7160482130688,6.97305965423584,6.706409931182861
calibration,33,14075,0.00037950361729599535,1.0,0.18611986935138702,923.3999894547712,7.091259002685547,6.827755928039551
calibration,33,14100,0.0002911084739025682,1.0,0.17981073260307312,926.2523480298697,7.220942974090576,6.961501598358154
calibration,33,14125,0.00022266955056693405,1.0,0.17350158095359802,929.2171276671162,7.357704162597656,7.102900505065918
calibration,33,14150,0.00017012027092278004,1.0,0.17350158095359802,932.2661349784948,7.497987270355225,7.248007297515869
calibration,33,14175,0.0001297887065447867,1.0,0.17034700512886047,935.391217440917,7.640044212341309,7.395428657531738
calibration,33,14200,9.869102359516546e-05,1.0,0.16719242930412292,938.5901061322536,7.782617092132568,7.544103622436523
calibration,33,14225,7.49224127503112e-05,1.0,0.16088327765464783,941.8529045586235,7.923849582672119,7.689395904541016
calibration,33,14250,5.7148976338794455e-05,1.0,0.16088327765464783,945.1671050266755,8.067078590393066,7.835554599761963
calibration,33,14275,4.3721454858314246e-05,1.0,0.16719242930412292,948.5218443727842,8.211024284362793,7.984637260437012
calibration,33,14300,3.3459902624599636e-05,1.0,0.16088327765464783,951.9126757723542,8.354044914245605,8.134058952331543
calibration,33,14325,2.5650899260654114e-05,1.0,0.15772870182991028,955.3080356179881,8.4975004196167,8.283622741699219
calibration,33,14350,1.969287586689461e-05,1.0,0.15457412600517273,958.6810427571575,8.642142295837402,8.435174942016602
calibration,33,14375,1.510905258328421e-05,1.0,0.15457412600517273,962.0249252830152,8.788246154785156,8.588847160339355
calibration,33,14400,1.1607628948695492e-05,1.0,0.15457412600517273,965.3265283481048,8.936314582824707,8.74448299407959
calibration,33,14425,8.915898433770053e-06,1.0,0.15141956508159637,968.5753428087501,9.085880279541016,8.901424407958984
calibration,33,14450,6.850564659544034e-06,1.0,0.15772870182991028,971.7615047197969,9.236106872558594,9.05907917022705
calibration,33,14475,5.271055215416709e-06,1.0,0.16088327765464783,974.8815308690203,9.387556076049805,9.217293739318848
calibration,33,14500,4.0542290662415326e-06,1.0,0.15772870182991028,977.9233609440563,9.538680076599121,9.374502182006836
calibration,33,14525,3.1179911275103223e-06,1.0,0.15772870182991028,980.8781247516769,9.689753532409668,9.53028678894043
calibration,33,14550,2.40273811868974e-06,1.0,0.15457412600517273,983.7371200073947,9.839604377746582,9.684027671813965
calibration,33,14575,1.8595502524476615e-06,1.0,0.15141956508159637,986.4746482871395,9.985814094543457,9.8337984085083
calibration,33,14600,1.433321585864178e-06,1.0,0.14826498925685883,989.1025398263982,10.129389762878418,9.981660842895508
calibration,33,14625,1.1094329011029913e-06,1.0,0.15141956508159637,991.5861785180326,10.267218589782715,10.12612533569336
calibration,33,14650,8.653914278511365e-07,1.0,0.15141956508159637,993.9315113055158,10.402169227600098,10.262117385864258
calibration,33,14675,6.809546562180913e-07,1.0,0.15141956508159637,996.1532792871355,10.532393455505371,10.398382186889648
calibration,33,14700,5.257577981865325e-07,1.0,0.15141956508159637,998.2475048274198,10.66734504699707,10.53921890258789
calibration,33,14725,0.834263801574707,0.7688679099082947,0.10410095006227493,995.9811635703505,2.6394412517547607,2.6638782024383545
calibration,33,14750,0.03001868911087513,1.0,0.16088327765464783,1000.8089709318134,7.122162818908691,7.067464351654053
calibration,33,14775,0.0039375461637973785,1.0,0.17034700512886047,999.7001965862513,8.051971435546875,7.904637336730957
calibration,33,14800,0.0026936838403344154,1.0,0.17665615677833557,996.5025880458015,7.7429046630859375,7.626842975616455
calibration,33,14825,0.0026794555597007275,1.0,0.17981073260307312,993.3248977962422,7.396193027496338,7.300653457641602
calibration,33,14850,0.002620272571220994,1.0,0.18927444517612457,990.5972271581913,7.13352632522583,7.050083160400391
calibration,33,14875,0.002433127025142312,1.0,0.20189274847507477,988.3689789326003,6.931967735290527,6.851963520050049
calibration,33,14900,0.0022222583647817373,1.0,0.20504732429981232,986.645495373508,6.767846584320068,6.688076972961426
calibration,33,14925,0.0019966866821050644,1.0,0.20189274847507477,985.4404228502699,6.637287139892578,6.553436756134033
calibration,33,14950,0.001759139122441411,1.0,0.19873817265033722,984.7664178480152,6.541429042816162,6.450060844421387
calibration,33,14975,0.0015163184143602848,1.0,0.20504732429981232,984.621250639482,6.481431484222412,6.381610870361328
calibration,33,15000,0.001274492358788848,1.0,0.20189274847507477,985.0027266432845,6.457287788391113,6.350848197937012
calibration,44,0,3.5205495357513428,0.05188679322600365,0.034700315445661545,1503.1910611359137,0.8784083724021912,0.880082905292511
calibration,44,25,3.032353162765503,0.14150942862033844,0.0063091483898460865,1438.6448561667899,0.3279683589935303,0.3304380476474762
calibration,44,50,2.733527421951294,0.18867924809455872,0.009463722817599773,1391.7629573276363,0.5967767834663391,0.6001889109611511
calibration,44,75,2.122968912124634,0.3207547068595886,0.009463722817599773,1366.0487979011705,1.3672136068344116,1.3746751546859741
calibration,44,100,1.3345379829406738,0.5330188870429993,0.0031545741949230433,1353.027996959199,2.5245721340179443,2.57098650932312
calibration,44,125,0.5674800276756287,0.8915094137191772,0.0063091483898460865,1350.3576424304783,4.241074085235596,4.395738124847412
calibration,44,150,0.16298319399356842,0.9858490824699402,0.009463722817599773,1343.0815516872387,6.06544303894043,6.32232666015625
calibration,44,175,0.055770717561244965,0.9858490824699402,0.0031545741949230433,1320.253839203757,7.286709308624268,7.58728551864624
calibration,44,200,0.03269752860069275,0.9905660152435303,0.0031545741949230433,1284.6576922434574,7.929513931274414,8.239944458007812
calibration,44,225,0.023149173706769943,0.9905660152435303,0.0031545741949230433,1244.5043922252212,8.251465797424316,8.55678653717041
calibration,44,250,0.015295214019715786,0.9952830076217651,0.0031545741949230433,1204.9366483752624,8.460089683532715,8.771074295043945
calibration,44,275,0.012615707702934742,0.9952830076217651,0.0031545741949230433,1166.2397721164784,8.637381553649902,8.956146240234375
calibration,44,300,0.011088348925113678,0.9905660152435303,0.0031545741949230433,1128.584561718903,8.767972946166992,9.097119331359863
calibration,44,325,0.01023799180984497,0.9952830076217651,0.0031545741949230433,1092.6778832229006,8.91092300415039,9.248915672302246
calibration,44,350,0.06769219040870667,0.9858490824699402,0.0031545741949230433,1058.4222575380104,9.092456817626953,9.416437149047852
calibration,44,375,0.0048997593112289906,1.0,0.0031545741949230433,1025.4329369972763,9.126371383666992,9.504737854003906
calibration,44,400,0.0027658669278025627,1.0,0.0031545741949230433,992.3423498202825,9.145315170288086,9.543065071105957
calibration,44,425,0.0023582992143929005,1.0,0.0063091483898460865,959.3548784626596,9.11890697479248,9.505620002746582
calibration,44,450,0.002043315675109625,1.0,0.0063091483898460865,928.7696190027817,9.145639419555664,9.521275520324707
calibration,44,475,0.0016680378466844559,1.0,0.0063091483898460865,900.8418034061688,9.260309219360352,9.632055282592773
calibration,44,500,0.0013019543839618564,1.0,0.0063091483898460865,875.0849102720556,9.436270713806152,9.808040618896484
calibration,44,525,0.0009945133933797479,1.0,0.009463722817599773,851.0166114469399,9.643412590026855,10.017085075378418
calibration,44,550,0.0007536249468103051,1.0,0.009463722817599773,828.3405434793857,9.862695693969727,10.239033699035645
calibration,44,575,0.000569686759263277,1.0,0.012618296779692173,806.8844221734968,10.085460662841797,10.464858055114746
calibration,44,600,0.00043053843546658754,1.0,0.012618296779692173,786.5468746658686,10.307626724243164,10.690043449401855
calibration,44,625,0.00032567212474532425,1.0,0.012618296779692173,767.2555787969656,10.52734661102295,10.912337303161621
calibration,44,650,0.00024669815320521593,1.0,0.012618296779692173,748.9529263234997,10.74370288848877,11.130645751953125
calibration,44,675,0.00018712178280111402,1.0,0.012618296779692173,731.5893415907848,10.956531524658203,11.344958305358887
calibration,44,700,0.0001420941116521135,1.0,0.012618296779692173,715.1189652343757,11.165946006774902,11.55562973022461
calibration,44,725,0.00010800703603308648,1.0,0.012618296779692173,699.4980246434101,11.372314453125,11.763237953186035
calibration,44,750,8.218069706344977e-05,1.0,0.012618296779692173,684.683520838812,11.576159477233887,11.968262672424316
calibration,44,775,6.259403744479641e-05,1.0,0.012618296779692173,670.6356652603303,11.778327941894531,12.171269416809082
calibration,44,800,4.774571061716415e-05,1.0,0.012618296779692173,657.3217200513566,11.9804048538208,12.372956275939941
calibration,44,825,3.642766023403965e-05,1.0,0.012618296779692173,644.7159019319859,12.184359550476074,12.574660301208496
calibration,44,850,2.7789297746494412e-05,1.0,0.012618296779692173,632.776482569532,12.389196395874023,12.776352882385254
calibration,44,875,2.1206575183896348e-05,1.0,0.015772869810461998,621.4578846555836,12.594080924987793,12.977201461791992
calibration,44,900,1.6172924006241374e-05,1.0,0.018927445635199547,610.7219735692822,12.79870319366455,13.176797866821289
calibration,44,925,1.2344243259576615e-05,1.0,0.022082019597291946,600.5320787816651,13.00285816192627,13.375085830688477
calibration,44,950,9.418597983312793e-06,1.0,0.022082019597291946,590.8476466288065,13.205094337463379,13.571281433105469
calibration,44,975,7.185136837506434e-06,1.0,0.022082019597291946,581.6382282572056,13.404435157775879,13.76500415802002
calibration,44,1000,5.470673386298586e-06,1.0,0.022082019597291946,572.8689694782386,13.598931312561035,13.954900741577148
calibration,44,1025,4.191994321445236e-06,1.0,0.028391167521476746,564.5011644705457,13.786127090454102,14.13680362701416
calibration,44,1050,3.212458068446722e-06,1.0,0.028391167521476746,556.5348196426462,13.973336219787598,14.317194938659668
calibration,44,1075,2.4679654870851664e-06,1.0,0.028391167521476746,548.9046835261387,14.145713806152344,14.4857759475708
calibration,44,1100,1.9039724747926812e-06,1.0,0.034700315445661545,541.6458190375696,14.319230079650879,14.6546630859375
calibration,44,1125,1.4721208572154865e-06,1.0,0.034700315445661545,534.694833198684,14.47728443145752,14.807968139648438
calibration,44,1150,1.1358613392076222e-06,1.0,0.034700315445661545,528.0469682758585,14.628915786743164,14.952814102172852
calibration,44,1175,8.828230875224108e-07,1.0,0.034700315445661545,521.7003456868358,14.771815299987793,15.088589668273926
calibration,44,1200,6.899516620251234e-07,1.0,0.031545739620923996,515.627364844564,14.903764724731445,15.217107772827148
calibration,44,1225,5.336301001079846e-07,1.0,0.031545739620923996,509.7712775125133,15.023092269897461,15.324893951416016
calibration,44,1250,4.273540241683804e-07,1.0,0.034700315445661545,504.1529687892714,15.132098197937012,15.423996925354004
calibration,44,1275,0.06448154896497726,0.9764150977134705,0.025236593559384346,496.0982578554063,14.899189949035645,14.96654987335205
calibration,44,1300,0.002245630370453,1.0,0.022082019597291946,482.75036198646336,13.306743621826172,13.447012901306152
calibration,44,1325,0.0005995567771606147,1.0,0.022082019597291946,469.037275760889,12.499635696411133,12.606950759887695
calibration,44,1350,0.000529763288795948,1.0,0.022082019597291946,455.51269582491796,11.669182777404785,11.766669273376465
calibration,44,1375,0.0005961949937045574,1.0,0.022082019597291946,442.70318082652875,10.90259838104248,10.99549388885498
calibration,44,1400,0.0006934335688129067,1.0,0.022082019597291946,430.7500869087565,10.201109886169434,10.29184341430664
calibration,44,1425,0.0008077246020548046,1.0,0.025236593559384346,419.76260857001904,9.581905364990234,9.669499397277832
calibration,44,1450,0.0009162854985333979,1.0,0.028391167521476746,409.87048405833957,9.058248519897461,9.143275260925293
calibration,44,1475,0.0009927898645401,1.0,0.028391167521476746,401.2297949227709,8.63882827758789,8.722304344177246
calibration,44,1500,0.0010203105630353093,1.0,0.028391167521476746,393.9662643586363,8.330029487609863,8.410136222839355
calibration,44,1525,0.0010091975564137101,1.0,0.034700315445661545,388.16668056226536,8.139288902282715,8.21357250213623
calibration,44,1550,0.000947585969697684,1.0,0.041009463369846344,383.87864537569584,8.066664695739746,8.135689735412598
calibration,44,1575,0.0008345303940586746,1.0,0.041009463369846344,380.98813266226216,8.100301742553711,8.165596008300781
calibration,44,1600,0.0006945529021322727,1.0,0.037854891270399094,379.2105976442863,8.21634292602539,8.27890682220459
calibration,44,1625,0.0005553385126404464,1.0,0.037854891270399094,378.1985033510582,8.386907577514648,8.447519302368164
calibration,44,1650,0.00043419463327154517,1.0,0.037854891270399094,377.6621063790569,8.586651802062988,8.645840644836426
calibration,44,1675,0.00033595558488741517,1.0,0.037854891270399094,377.41954123306414,8.799779891967773,8.857263565063477
calibration,44,1700,0.0002587611088529229,1.0,0.037854891270399094,377.3738871025413,9.018781661987305,9.074145317077637
calibration,44,1725,0.00019884607172571123,1.0,0.037854891270399094,377.4750263166866,9.240192413330078,9.293020248413086
calibration,44,1750,0.0001526063133496791,1.0,0.037854891270399094,377.69418039170756,9.462125778198242,9.51192855834961
calibration,44,1775,0.00011703538621077314,1.0,0.034700315445661545,378.0122979742197,9.683380126953125,9.729598045349121
calibration,44,1800,8.972668001661077e-05,1.0,0.034700315445661545,378.4156496007155,9.90312671661377,9.945199966430664
calibration,44,1825,6.877278065076098e-05,1.0,0.034700315445661545,378.89425962127524,10.120720863342285,10.158042907714844
calibration,44,1850,5.2722974942298606e-05,1.0,0.031545739620923996,379.4396447040854,10.33553409576416,10.367610931396484
calibration,44,1875,4.042661748826504e-05,1.0,0.031545739620923996,380.04684558843223,10.547337532043457,10.573650360107422
calibration,44,1900,3.1011215469334275e-05,1.0,0.031545739620923996,380.709402827515,10.755783081054688,10.776028633117676
calibration,44,1925,2.3798183974577114e-05,1.0,0.031545739620923996,381.42365791101395,10.960461616516113,10.974336624145508
calibration,44,1950,1.826691732276231e-05,1.0,0.034700315445661545,382.18720703149154,11.161495208740234,11.168781280517578
calibration,44,1975,1.403732403559843e-05,1.0,0.034700315445661545,382.9992205783399,11.359153747558594,11.359747886657715
calibration,44,2000,1.0795673006214201e-05,1.0,0.034700315445661545,383.8560825621927,11.55319881439209,11.547046661376953
calibration,44,2025,9.319068340118974e-06,1.0,0.031545739620923996,384.7627947894951,11.731645584106445,11.726893424987793
calibration,44,2050,0.030612751841545105,1.0,0.018927445635199547,381.4179332227257,8.066967010498047,8.240469932556152
calibration,44,2075,0.003908966202288866,1.0,0.025236593559384346,375.8077281228457,8.656486511230469,8.757438659667969
calibration,44,2100,0.0023548700846731663,1.0,0.025236593559384346,368.9162761154477,8.43554401397705,8.511670112609863
calibration,44,2125,0.0023084431886672974,1.0,0.025236593559384346,362.13966390811163,8.050118446350098,8.116230964660645
calibration,44,2150,0.002390063600614667,1.0,0.022082019597291946,355.9066718186852,7.722780704498291,7.780602931976318
calibration,44,2175,0.0024531432427465916,1.0,0.025236593559384346,350.3343607740484,7.445797920227051,7.495489597320557
calibration,44,2200,0.0025409443769603968,1.0,0.025236593559384346,345.5021113493661,7.190565586090088,7.235996723175049
calibration,44,2225,0.002624529181048274,1.0,0.028391167521476746,341.5345480123363,6.968975067138672,7.013731002807617
calibration,44,2250,0.002669953741133213,1.0,0.028391167521476746,338.5818905663864,6.800656318664551,6.848568916320801
calibration,44,2275,0.002634923905134201,1.0,0.025236593559384346,336.79451913802643,6.698369979858398,6.754765510559082
calibration,44,2300,0.002456426387652755,1.0,0.028391167521476746,336.24328422510763,6.676666259765625,6.743646621704102
calibration,44,2325,0.002137373900040984,1.0,0.028391167521476746,336.81647998822694,6.735942840576172,6.812816143035889
calibration,44,2350,0.0017593279480934143,1.0,0.028391167521476746,338.236517796714,6.8603129386901855,6.9456610679626465
calibration,44,2375,0.0013986955164000392,1.0,0.028391167521476746,340.1999915143662,7.026693820953369,7.120367527008057
calibration,44,2400,0.0010910730343312025,1.0,0.031545739620923996,342.47818543742426,7.217253684997559,7.31982946395874
calibration,44,2425,0.0008428751025348902,1.0,0.031545739620923996,344.93019110037903,7.4210405349731445,7.533463001251221
calibration,44,2450,0.0006479932926595211,1.0,0.031545739620923996,347.4766402364036,7.63176155090332,7.754971981048584
calibration,44,2475,0.0004969489527866244,1.0,0.031545739620923996,350.07358054700535,7.846175193786621,7.980912208557129
calibration,44,2500,0.0003806311287917197,1.0,0.031545739620923996,352.69572750609206,8.06269645690918,8.209524154663086
calibration,44,2525,0.00029135134536772966,1.0,0.031545739620923996,355.32713967994687,8.280485153198242,8.439852714538574
calibration,44,2550,0.00022293793153949082,1.0,0.031545739620923996,357.9567864124765,8.49911117553711,8.671393394470215
calibration,44,2575,0.00017056841170415282,1.0,0.034700315445661545,360.5766315718943,8.71828842163086,8.903837203979492
calibration,44,2600,0.00013051686983089894,1.0,0.034700315445661545,363.18067427391253,8.937956809997559,9.137114524841309
calibration,44,2625,9.987118392018601e-05,1.0,0.034700315445661545,365.7642239054979,9.157953262329102,9.371055603027344
calibration,44,2650,7.645263394806534e-05,1.0,0.034700315445661545,368.32302100093193,9.378217697143555,9.605616569519043
calibration,44,2675,5.8540201280266047e-05,1.0,0.034700315445661545,370.85472222749735,9.598711013793945,9.840780258178711
calibration,44,2700,4.484612145461142e-05,1.0,0.034700315445661545,373.3571999361722,9.819414138793945,10.076434135437012
calibration,44,2725,3.443552850512788e-05,1.0,0.034700315445661545,375.8300512474484,10.040661811828613,10.313032150268555
calibration,44,2750,0.41202419996261597,0.9056603908538818,0.025236593559384346,375.85929070592476,4.427355766296387,4.6798996925354
calibration,44,2775,0.029939616098999977,1.0,0.022082019597291946,374.96344444196484,6.576905250549316,6.701186180114746
calibration,44,2800,0.009373007342219353,1.0,0.025236593559384346,371.0464305172433,6.939670085906982,7.048184394836426
calibration,44,2825,0.007728961296379566,1.0,0.015772869810461998,366.3386143074495,6.742024898529053,6.839312553405762
calibration,44,2850,0.007258499041199684,1.0,0.018927445635199547,361.96960788999394,6.571996688842773,6.659237861633301
calibration,44,2875,0.006449835374951363,1.0,0.018927445635199547,358.15688139642754,6.495809078216553,6.569302082061768
calibration,44,2900,0.005589758977293968,1.0,0.018927445635199547,354.8770215012428,6.457557678222656,6.514474391937256
calibration,44,2925,0.004894140642136335,1.0,0.025236593559384346,352.11274875176076,6.414952278137207,6.455626010894775
calibration,44,2950,0.004457377828657627,1.0,0.025236593559384346,349.9145599837475,6.346481800079346,6.380185127258301
calibration,44,2975,0.00421929731965065,1.0,0.025236593559384346,348.43917404624335,6.262495040893555,6.301350116729736
calibration,44,3000,0.003995243925601244,1.0,0.025236593559384346,347.90361241471385,6.201415538787842,6.251283645629883
calibration,44,3025,0.003625444835051894,1.0,0.025236593559384346,348.43468810401555,6.20268440246582,6.263282775878906
calibration,44,3050,0.0030958473216742277,1.0,0.025236593559384346,349.94227543245904,6.280060291290283,6.350081920623779
calibration,44,3075,0.0025089813861995935,1.0,0.025236593559384346,352.16038539767226,6.41929292678833,6.498446464538574
calibration,44,3100,0.0019676792435348034,1.0,0.025236593559384346,354.79223072184647,6.598834991455078,6.686690330505371
calibration,44,3125,0.0015180042246356606,1.0,0.025236593559384346,357.6207049473199,6.80109167098999,6.897070407867432
calibration,44,3150,0.001162769622169435,1.0,0.025236593559384346,360.52563328747806,7.01513147354126,7.1185431480407715
calibration,44,3175,0.0008881022222340107,1.0,0.025236593559384346,363.44926897568735,7.235161304473877,7.345179080963135
calibration,44,3200,0.0006775638903491199,1.0,0.025236593559384346,366.3639921282534,7.4583210945129395,7.574078559875488
calibration,44,3225,0.0005167466588318348,1.0,0.022082019597291946,369.255784948177,7.683144569396973,7.803837776184082
calibration,44,3250,0.00039409392047673464,1.0,0.022082019597291946,372.11691270089494,7.90881872177124,8.03376579284668
calibration,44,3275,0.0003006173938047141,1.0,0.022082019597291946,374.94301715873905,8.13484001159668,8.263476371765137
calibration,44,3300,0.00022940142662264407,1.0,0.022082019597291946,377.7316950028268,8.360966682434082,8.492839813232422
calibration,44,3325,0.0001751400122884661,1.0,0.022082019597291946,380.4819277619892,8.587029457092285,8.72178840637207
calibration,44,3350,0.00013377598952502012,1.0,0.022082019597291946,383.1935380343727,8.812982559204102,8.9503173828125
calibration,44,3375,0.0001022252399707213,1.0,0.018927445635199547,385.86682066112667,9.038735389709473,9.178428649902344
calibration,44,3400,7.818884478183463e-05,1.0,0.018927445635199547,388.50161980168326,9.264130592346191,9.406020164489746
calibration,44,3425,5.9826656070072204e-05,1.0,0.018927445635199547,391.0994730434058,9.489161491394043,9.633129119873047
calibration,44,3450,4.5827848225599155e-05,1.0,0.018927445635199547,393.6616175601124,9.714007377624512,9.859997749328613
calibration,44,3475,3.51051967300009e-05,1.0,0.018927445635199547,396.188582905816,9.938488006591797,10.086515426635742
calibration,44,3500,2.692338966880925e-05,1.0,0.018927445635199547,398.68151693528273,10.162453651428223,10.312723159790039
calibration,44,3525,2.064822729153093e-05,1.0,0.018927445635199547,401.1416101142077,10.386069297790527,10.538704872131348
calibration,44,3550,1.585635618539527e-05,1.0,0.018927445635199547,403.5672773947306,10.608777046203613,10.763815879821777
calibration,44,3575,1.2190177585580386e-05,1.0,0.018927445635199547,405.9612235718603,10.831339836120605,10.989076614379883
calibration,44,3600,1.0489280223846436,0.650943398475647,0.025236593559384346,407.65741472411514,2.9753286838531494,3.1828179359436035
calibration,44,3625,0.08382748812437057,1.0,0.034700315445661545,411.26947321547374,6.050195693969727,6.274123191833496
calibration,44,3650,0.016789335757493973,1.0,0.034700315445661545,410.4438693297724,7.294649600982666,7.516777992248535
calibration,44,3675,0.010104200802743435,1.0,0.034700315445661545,406.9144235982161,7.346769332885742,7.550588130950928
calibration,44,3700,0.008264197036623955,1.0,0.034700315445661545,403.1782801417456,7.254830360412598,7.447196006774902
calibration,44,3725,0.006684166844934225,1.0,0.034700315445661545,399.8251810744763,7.245060443878174,7.415543079376221
calibration,44,3750,0.005371539853513241,1.0,0.031545739620923996,396.87407458751744,7.2552361488342285,7.399638652801514
calibration,44,3775,0.004467998631298542,1.0,0.031545739620923996,394.29578044326877,7.218850135803223,7.340232849121094
calibration,44,3800,0.003853369737043977,1.0,0.031545739620923996,392.13433485160186,7.1331024169921875,7.238646030426025
calibration,44,3825,0.0033780629746615887,1.0,0.034700315445661545,390.4749813302319,7.029334545135498,7.124746322631836
calibration,44,3850,0.002953381510451436,1.0,0.025236593559384346,389.40035685574856,6.936025142669678,7.024473667144775
calibration,44,3875,0.002575363963842392,1.0,0.025236593559384346,388.9842327811893,6.869175910949707,6.955265045166016
calibration,44,3900,0.0022401846945285797,1.0,0.025236593559384346,389.28772997620024,6.8409104347229,6.929943084716797
calibration,44,3925,0.001913001062348485,1.0,0.022082019597291946,390.3300358805382,6.863229274749756,6.960328102111816
calibration,44,3950,0.001585126854479313,1.0,0.028391167521476746,392.0435012476111,6.940542221069336,7.048508167266846
calibration,44,3975,0.0012759545352309942,1.0,0.028391167521476746,394.2822904216075,7.0645833015441895,7.185006618499756
calibration,44,4000,0.0010050492128357291,1.0,0.028391167521476746,396.88053965877714,7.223569869995117,7.3575968742370605
calibration,44,4025,0.0007807982619851828,1.0,0.022082019597291946,399.69704517423736,7.406764984130859,7.555179595947266
calibration,44,4050,0.0006017204141244292,1.0,0.022082019597291946,402.6330431233974,7.606020927429199,7.769410133361816
calibration,44,4075,0.0004616154474206269,1.0,0.022082019597291946,405.6264188554752,7.815967559814453,7.994758605957031
calibration,44,4100,0.0003532124392222613,1.0,0.022082019597291946,408.6396981076183,8.033157348632812,8.227663040161133
calibration,44,4125,0.00026985007571056485,1.0,0.022082019597291946,411.6503096009787,8.25529956817627,8.465801239013672
calibration,44,4150,0.00020597536058630794,1.0,0.022082019597291946,414.6437715921264,8.480806350708008,8.707626342773438
calibration,44,4175,0.0001571755128679797,1.0,0.022082019597291946,417.61028849683055,8.708513259887695,8.951976776123047
calibration,44,4200,0.00011993344378424808,1.0,0.022082019597291946,420.5437030141703,8.93775463104248,9.198136329650879
calibration,44,4225,9.153135033557191e-05,1.0,0.018927445635199547,423.43973867769415,9.167919158935547,9.445457458496094
calibration,44,4250,6.988764653215185e-05,1.0,0.018927445635199547,426.2956169572497,9.398589134216309,9.693492889404297
calibration,44,4275,5.339484414434992e-05,1.0,0.018927445635199547,429.10942543451745,9.628533363342285,9.941126823425293
calibration,44,4300,1.1553301811218262,0.6462264060974121,0.025236593559384346,429.65513470380233,2.778144359588623,2.971406936645508
calibration,44,4325,0.124882273375988,0.9952830076217651,0.009463722817599773,432.67039321906844,5.35830020904541,5.480303764343262
calibration,44,4350,0.019826024770736694,1.0,0.018927445635199547,432.85677630845737,6.865121364593506,6.9560866355896
calibration,44,4375,0.012192729860544205,1.0,0.018927445635199547,429.9203966616503,6.945716381072998,7.015276908874512
calibration,44,4400,0.010390616953372955,1.0,0.015772869810461998,426.7497306599935,6.847381114959717,6.902707099914551
calibration,44,4425,0.008956714533269405,1.0,0.022082019597291946,424.0579805606438,6.76270866394043,6.805061340332031
calibration,44,4450,0.007753462065011263,1.0,0.025236593559384346,421.9793215090753,6.679287910461426,6.709904193878174
calibration,44,4475,0.006812828127294779,1.0,0.025236593559384346,420.52364863505017,6.592406272888184,6.616539001464844
calibration,44,4500,0.005972692277282476,1.0,0.022082019597291946,419.699104865268,6.520074367523193,6.541758060455322
calibration,44,4525,0.005142844282090664,1.0,0.028391167521476746,419.5314202267073,6.475634574890137,6.496026039123535
calibration,44,4550,0.004338010214269161,1.0,0.031545739620923996,420.1120379496907,6.468839168548584,6.486934661865234
calibration,44,4575,0.0036144449841231108,1.0,0.028391167521476746,421.39661801486864,6.497558116912842,6.513627529144287
calibration,44,4600,0.0029660500586032867,1.0,0.028391167521476746,423.202778975755,6.562227725982666,6.580914497375488
calibration,44,4625,0.0023982280399650335,1.0,0.025236593559384346,425.43417908301353,6.661069393157959,6.685954570770264
calibration,44,4650,0.001910315128043294,1.0,0.028391167521476746,428.0106805284091,6.790985107421875,6.826586723327637
calibration,44,4675,0.001498786499723792,1.0,0.031545739620923996,430.853717239193,6.948315620422363,6.998724937438965
calibration,44,4700,0.0011621288722380996,1.0,0.028391167521476746,433.88330937804955,7.127206325531006,7.194553852081299
calibration,44,4725,0.0008943691500462592,1.0,0.028391167521476746,437.0185696515816,7.320950984954834,7.40538215637207
calibration,44,4750,0.000685367442201823,1.0,0.034700315445661545,440.1889197732199,7.524493217468262,7.625678062438965
calibration,44,4775,0.0005240771570242941,1.0,0.034700315445661545,443.35741504516267,7.734455585479736,7.85228157043457
calibration,44,4800,0.00040036672726273537,1.0,0.031545739620923996,446.50711129754154,7.948819637298584,8.0833158493042
calibration,44,4825,0.0003057453432120383,1.0,0.031545739620923996,449.62978465176394,8.16639518737793,8.317625045776367
calibration,44,4850,0.00023347615206148475,1.0,0.031545739620923996,452.72034613718387,8.386580467224121,8.554617881774902
calibration,44,4875,0.00017967226449400187,1.0,0.028391167521476746,455.7748218181836,8.599790573120117,8.7852144241333
calibration,44,4900,0.5955454707145691,0.8632075190544128,0.025236593559384346,457.7249143021169,3.1522090435028076,3.1751139163970947
calibration,44,4925,0.04752860963344574,1.0,0.025236593559384346,463.3476868090179,6.03964376449585,6.159411430358887
calibration,44,4950,0.011943313293159008,1.0,0.022082019597291946,462.76381871037603,7.09509801864624,7.13631534576416
calibration,44,4975,0.00834732037037611,1.0,0.028391167521476746,459.6764094583954,7.088789463043213,7.116329193115234
calibration,44,5000,0.007361528929322958,1.0,0.028391167521476746,456.57925035028074,6.947960376739502,6.968468189239502
calibration,44,5025,0.006601456552743912,1.0,0.025236593559384346,454.03545613525193,6.805754661560059,6.829025745391846
calibration,44,5050,0.00592177314683795,1.0,0.018927445635199547,452.2321396768521,6.689986705780029,6.715041637420654
calibration,44,5075,0.00525551987811923,1.0,0.015772869810461998,451.2104536412178,6.603784561157227,6.632781028747559
calibration,44,5100,0.004579744767397642,1.0,0.018927445635199547,450.99943573355404,6.565732955932617,6.600196838378906
calibration,44,5125,0.0038940527010709047,1.0,0.018927445635199547,451.5455304934449,6.580536842346191,6.623309135437012
calibration,44,5150,0.0032253051176667213,1.0,0.028391167521476746,452.7444629053327,6.641191005706787,6.696385383605957
calibration,44,5175,0.0026067558210343122,1.0,0.028391167521476746,454.49227853986946,6.739224910736084,6.811868190765381
calibration,44,5200,0.002077189739793539,1.0,0.031545739620923996,456.7394203991843,6.866542816162109,6.957101821899414
calibration,44,5225,0.0016365897608920932,1.0,0.034700315445661545,459.35172588267244,7.0196709632873535,7.128874778747559
calibration,44,5250,0.0012771663023158908,1.0,0.034700315445661545,462.2360922784401,7.192587852478027,7.3233184814453125
calibration,44,5275,0.0009891082299873233,1.0,0.034700315445661545,465.32896385209006,7.384581565856934,7.535945892333984
calibration,44,5300,0.0007614371133968234,1.0,0.041009463369846344,468.5556582146983,7.592637062072754,7.763816833496094
calibration,44,5325,0.0005836840136907995,1.0,0.041009463369846344,471.86024266465625,7.811544418334961,8.001556396484375
calibration,44,5350,0.0004460702184587717,1.0,0.037854891270399094,475.20946714451344,8.037461280822754,8.244956970214844
calibration,44,5375,0.00034026146749965847,1.0,0.034700315445661545,478.5903020160004,8.26822566986084,8.492029190063477
calibration,44,5400,0.00025944452499970794,1.0,0.037854891270399094,481.9865199831965,8.502191543579102,8.742316246032715
calibration,44,5425,5.63051700592041,0.3820754587650299,0.041009463369846344,485.0266142973834,8.467795372009277,8.630158424377441
calibration,44,5450,0.5727680921554565,0.8962264060974121,0.028391167521476746,486.7126591674226,3.710657835006714,3.8652546405792236
calibration,44,5475,0.061226170510053635,0.9952830076217651,0.015772869810461998,493.79047179926647,6.462167739868164,6.697319507598877
calibration,44,5500,0.01203133910894394,1.0,0.018927445635199547,493.4585065624248,7.231248378753662,7.350472927093506
calibration,44,5525,0.008091626688838005,1.0,0.022082019597291946,490.7639205114069,7.114461421966553,7.206258296966553
calibration,44,5550,0.007369801867753267,1.0,0.018927445635199547,487.94649848164113,6.9021525382995605,6.987849235534668
calibration,44,5575,0.006757277995347977,1.0,0.025236593559384346,485.8415905728804,6.736710071563721,6.809695720672607
calibration,44,5600,0.006032890174537897,1.0,0.031545739620923996,484.5982106655364,6.6247639656066895,6.684743881225586
calibration,44,5625,0.005285739433020353,1.0,0.037854891270399094,484.184958160289,6.559894561767578,6.607691287994385
calibration,44,5650,0.0045495303347706795,1.0,0.041009463369846344,484.58302584027075,6.542147159576416,6.580593585968018
calibration,44,5675,0.0038272992242127657,1.0,0.041009463369846344,485.7397761676313,6.57389497756958,6.606028079986572
calibration,44,5700,0.003132142359390855,1.0,0.041009463369846344,487.5222007634135,6.651913166046143,6.680478572845459
calibration,44,5725,0.0025042006745934486,1.0,0.041009463369846344,489.7697229317747,6.767266750335693,6.7944207191467285
calibration,44,5750,0.0019697679672390223,1.0,0.037854891270399094,492.3448990502016,6.910120964050293,6.93635368347168
calibration,44,5775,0.0015331959584727883,1.0,0.037854891270399094,495.1493364023624,7.073939323425293,7.0994157791137695
calibration,44,5800,0.0011848780559375882,1.0,0.037854891270399094,498.09481984780905,7.2542405128479,7.280319690704346
calibration,44,5825,0.000909065711311996,1.0,0.037854891270399094,501.1415059518667,7.445432186126709,7.473496913909912
calibration,44,5850,0.0006959339370951056,1.0,0.037854891270399094,504.35557194510733,7.642488956451416,7.675833702087402
calibration,44,5875,0.0005331330467015505,1.0,0.034700315445661545,507.65794973103755,7.843508243560791,7.885647773742676
calibration,44,5900,1.1425349712371826,0.698113203048706,0.04731861129403114,509.25312848799194,2.836566209793091,2.9158782958984375
calibration,44,5925,0.0859626978635788,1.0,0.041009463369846344,515.5563839499729,5.875998020172119,5.7849202156066895
calibration,44,5950,0.015219003893435001,1.0,0.037854891270399094,518.2332538298307,6.816280841827393,6.744814395904541
calibration,44,5975,0.009488203562796116,1.0,0.04416403919458389,515.618316215221,6.738426685333252,6.618379592895508
calibration,44,6000,0.008434174582362175,1.0,0.04416403919458389,512.4790369929091,6.548809051513672,6.442862510681152
calibration,44,6025,0.007796945981681347,1.0,0.037854891270399094,510.1786796865608,6.393938064575195,6.3125715255737305
calibration,44,6050,0.007027363404631615,1.0,0.04416403919458389,508.85139402153436,6.307009696960449,6.247725963592529
calibration,44,6075,0.006130123510956764,1.0,0.04416403919458389,508.63979647184215,6.283833980560303,6.240712642669678
calibration,44,6100,0.00517825735732913,1.0,0.04416403919458389,509.4826821080551,6.319535732269287,6.282071590423584
calibration,44,6125,0.004245242569595575,1.0,0.037854891270399094,511.16136111155953,6.404412746429443,6.368666172027588
calibration,44,6150,0.0033941054716706276,1.0,0.037854891270399094,513.5049584218525,6.526252269744873,6.489719867706299
calibration,44,6175,0.002662230283021927,1.0,0.034700315445661545,516.3981254271146,6.672726631164551,6.634169578552246
calibration,44,6200,0.0020582510624080896,1.0,0.034700315445661545,519.6810432817236,6.836638927459717,6.79681921005249
calibration,44,6225,0.0015781541587784886,1.0,0.034700315445661545,523.2088960776247,7.010659217834473,6.9726996421813965
calibration,44,6250,0.001207720604725182,1.0,0.031545739620923996,526.903186301751,7.190913677215576,7.157588005065918
calibration,44,6275,0.0009257382480427623,1.0,0.025236593559384346,530.6938465588208,7.375469207763672,7.34998083114624
calibration,44,6300,0.000709693122189492,1.0,0.025236593559384346,534.4949043775216,7.5663838386535645,7.550539016723633
calibration,44,6325,0.0005435834173113108,1.0,0.025236593559384346,538.254435654689,7.763289451599121,7.757791996002197
calibration,44,6350,0.00041604123543947935,1.0,0.025236593559384346,541.9638633403918,7.96522331237793,7.970240592956543
calibration,44,6375,0.5441092848777771,0.8867924809455872,0.037854891270399094,532.864872116802,3.6164088249206543,3.796473741531372
calibration,44,6400,0.050257034599781036,0.9952830076217651,0.05362775921821594,535.8168225420073,6.612132549285889,6.5932841300964355
calibration,44,6425,0.022806555032730103,0.9952830076217651,0.04731861129403114,534.5127186593714,6.810600280761719,6.710752964019775
calibration,44,6450,0.015825314447283745,0.9952830076217651,0.04731861129403114,531.8054837873873,6.805971145629883,6.695143222808838
calibration,44,6475,0.008302412927150726,1.0,0.05678233504295349,529.5974875023472,6.744715690612793,6.638784885406494
calibration,44,6500,0.006444270256906748,1.0,0.05362775921821594,527.7771720565067,6.689777374267578,6.577279090881348
calibration,44,6525,0.005377346184104681,1.0,0.05678233504295349,526.4516747025338,6.647831439971924,6.523316860198975
calibration,44,6550,0.0046089147217571735,1.0,0.05993690714240074,526.0062870343946,6.627117156982422,6.496246814727783
calibration,44,6575,0.0038878400810062885,1.0,0.05678233504295349,526.4790239620711,6.654706001281738,6.520364284515381
calibration,44,6600,0.003192502073943615,1.0,0.05047318711876869,527.7281084469165,6.729074478149414,6.597490310668945
calibration,44,6625,0.0025569212157279253,1.0,0.05047318711876869,529.615692488564,6.842067718505859,6.718585968017578
calibration,44,6650,0.002009643940255046,1.0,0.05362775921821594,532.0090350577578,6.984241008758545,6.871880531311035
calibration,44,6675,0.001559208845719695,1.0,0.05362775921821594,534.7840082035517,7.1464738845825195,7.046212673187256
calibration,44,6700,0.001199243008159101,1.0,0.05047318711876869,537.8263012220477,7.321316242218018,7.233483791351318
calibration,44,6725,0.0009174171136692166,1.0,0.05047318711876869,541.0392523447816,7.50340461730957,7.42816686630249
calibration,44,6750,0.0007000777986831963,1.0,0.05362775921821594,544.3512570589198,7.689194202423096,7.6265549659729
calibration,44,6775,0.000533945276401937,1.0,0.04731861129403114,547.7155029357015,7.876888275146484,7.826698303222656
calibration,44,6800,0.0004073723976034671,1.0,0.04731861129403114,551.104873328088,8.066047668457031,8.028108596801758
calibration,44,6825,0.0003109330718871206,1.0,0.04731861129403114,554.5056048388901,8.256946563720703,8.230951309204102
calibration,44,6850,0.00023743140627630055,1.0,0.04731861129403114,557.9105884616016,8.449970245361328,8.435362815856934
calibration,44,6875,0.00018138733867090195,1.0,0.04416403919458389,561.3139870748986,8.64525318145752,8.641199111938477
calibration,44,6900,0.00013864791253581643,1.0,0.041009463369846344,564.7102199451209,8.842622756958008,8.848184585571289
calibration,44,6925,0.00010601483518257737,1.0,0.041009463369846344,568.0963648971583,9.042046546936035,9.056462287902832
calibration,44,6950,8.107913163257763e-05,1.0,0.041009463369846344,571.4694404502154,9.242963790893555,9.265937805175781
calibration,44,6975,6.203958037076518e-05,1.0,0.041009463369846344,574.8244822427438,9.444886207580566,9.476326942443848
calibration,44,7000,4.7479163185926154e-05,1.0,0.037854891270399094,578.1534761362973,9.64724349975586,9.68714427947998
calibration,44,7025,3.633711094153114e-05,1.0,0.037854891270399094,581.4463535404661,9.84952163696289,9.897815704345703
calibration,44,7050,2.7819653041660786e-05,1.0,0.037854891270399094,584.6947707989877,10.051397323608398,10.107949256896973
calibration,44,7075,2.1298224964994006e-05,1.0,0.037854891270399094,587.8907928715498,10.252543449401855,10.3170804977417
calibration,44,7100,1.6321928342222236e-05,1.0,0.037854891270399094,591.0197627430426,10.452127456665039,10.524253845214844
calibration,44,7125,1.2519118172349408e-05,1.0,0.041009463369846344,594.074296796918,10.651057243347168,10.730400085449219
calibration,44,7150,1.1016051757906098e-05,1.0,0.041009463369846344,597.0468182969395,10.868145942687988,10.952939987182617
calibration,44,7175,1.1272908449172974,0.6084905862808228,0.05047318711876869,595.0303050805537,2.8289058208465576,2.840348482131958
calibration,44,7200,0.21973374485969543,0.9669811129570007,0.031545739620923996,599.9659097558521,5.520857334136963,5.606697082519531
calibration,44,7225,0.032021693885326385,0.9905660152435303,0.04416403919458389,601.5177355031149,7.78090238571167,7.775591850280762
calibration,44,7250,0.016673356294631958,0.9905660152435303,0.04416403919458389,598.7201783922438,8.074297904968262,8.002555847167969
calibration,44,7275,0.013877201825380325,0.9952830076217651,0.037854891270399094,594.853266786166,7.908557891845703,7.815376281738281
calibration,44,7300,0.012257959693670273,1.0,0.041009463369846344,590.9610888361584,7.708759784698486,7.59476375579834
calibration,44,7325,0.005949195474386215,1.0,0.04416403919458389,587.2557082997828,7.509054183959961,7.392091751098633
calibration,44,7350,0.004679085686802864,1.0,0.04731861129403114,584.6140367294637,7.291975498199463,7.185000896453857
calibration,44,7375,0.004248263314366341,1.0,0.04416403919458389,582.5566183883271,7.092123508453369,6.996015548706055
calibration,44,7400,0.0039026199374347925,1.0,0.041009463369846344,581.2751755102034,6.943894386291504,6.849238395690918
calibration,44,7425,0.0034779671113938093,1.0,0.037854891270399094,580.8469581991833,6.872333526611328,6.774487495422363
calibration,44,7450,0.00296202814206481,1.0,0.037854891270399094,581.2242460772893,6.8694586753845215,6.765518665313721
calibration,44,7475,0.00240260548889637,1.0,0.041009463369846344,582.2388559198109,6.921109676361084,6.812248706817627
calibration,44,7500,0.0018969783559441566,1.0,0.041009463369846344,583.6840876869861,7.00912618637085,6.900923728942871
calibration,44,7525,0.0014939919346943498,1.0,0.04731861129403114,585.4532356765072,7.1237473487854,7.015557289123535
calibration,44,7550,0.0011703153140842915,1.0,0.04731861129403114,587.4927393476614,7.2616143226623535,7.151957988739014
calibration,44,7575,0.0009098522714339197,1.0,0.05047318711876869,589.7654624579311,7.419826030731201,7.30614709854126
calibration,44,7600,0.0007037289906293154,1.0,0.04731861129403114,592.2107196413347,7.594179630279541,7.475114822387695
calibration,44,7625,0.0005421558162197471,1.0,0.04731861129403114,594.7728846222544,7.781318664550781,7.655459403991699
calibration,44,7650,0.00041633390355855227,1.0,0.05047318711876869,597.4228944939276,7.977545738220215,7.844073295593262
calibration,44,7675,0.0003191398282069713,1.0,0.05047318711876869,600.1403177216973,8.179464340209961,8.038131713867188
calibration,44,7700,0.0002444530837237835,1.0,0.05678233504295349,602.910146805906,8.385528564453125,8.236432075500488
calibration,44,7725,0.00018712229211814702,1.0,0.05678233504295349,605.7221431633025,8.594961166381836,8.438606262207031
calibration,44,7750,0.0001431425625924021,1.0,0.05993690714240074,608.5670305353563,8.806976318359375,8.644323348999023
calibration,44,7775,0.00010942914377665147,1.0,0.05678233504295349,611.4334820957408,9.020712852478027,8.853235244750977
calibration,44,7800,8.365248504560441e-05,1.0,0.05362775921821594,614.3103596040454,9.235295295715332,9.064934730529785
calibration,44,7825,6.396080425474793e-05,1.0,0.05362775921821594,617.1912674977511,9.4501953125,9.278909683227539
calibration,44,7850,4.8886515287449583e-05,1.0,0.05362775921821594,620.0738652011676,9.665343284606934,9.494532585144043
calibration,44,7875,3.735088830580935e-05,1.0,0.05047318711876869,622.9525795844261,9.880125999450684,9.71058464050293
calibration,44,7900,2.855511411326006e-05,1.0,0.04731861129403114,625.8202603236754,10.094239234924316,9.92609691619873
calibration,44,7925,2.1847017706022598e-05,1.0,0.04731861129403114,628.6674409529792,10.306902885437012,10.139466285705566
calibration,44,7950,1.672340658842586e-05,1.0,0.04731861129403114,631.4816951378959,10.518043518066406,10.350486755371094
calibration,44,7975,1.2805324331566226e-05,1.0,0.04731861129403114,634.2534573920775,10.728141784667969,10.558847427368164
calibration,44,8000,0.15728409588336945,0.9716981053352356,0.05678233504295349,636.9519016285398,10.966816902160645,10.767894744873047
calibration,44,8025,0.7132096886634827,0.8066037893295288,0.025236593559384346,627.9035657111109,3.7978038787841797,3.799532890319824
calibration,44,8050,0.0703868716955185,1.0,0.04416403919458389,629.807521716906,6.525344371795654,6.642085552215576
calibration,44,8075,0.014376206323504448,1.0,0.05678233504295349,628.8562199188182,7.674931526184082,7.7696614265441895
calibration,44,8100,0.008672544732689857,1.0,0.05678233504295349,625.9211810612835,7.692124366760254,7.767831325531006
calibration,44,8125,0.007208948489278555,1.0,0.05678233504295349,622.848462459742,7.542747974395752,7.605691909790039
calibration,44,8150,0.006376562640070915,1.0,0.05678233504295349,620.2040974041015,7.3795366287231445,7.434534072875977
calibration,44,8175,0.005736314691603184,1.0,0.05362775921821594,618.1431580784731,7.238117218017578,7.284663677215576
calibration,44,8200,0.005136940628290176,1.0,0.05993690714240074,616.7264433233922,7.130142688751221,7.168344020843506
calibration,44,8225,0.004490241874009371,1.0,0.06309147924184799,615.9777700834834,7.067610740661621,7.097012042999268
calibration,44,8250,0.0037675185594707727,1.0,0.06940063089132309,615.8638099249205,7.055562973022461,7.079564094543457
calibration,44,8275,0.0030386082362383604,1.0,0.07255520671606064,616.2594695869291,7.077398777008057,7.101279258728027
calibration,44,8300,0.0024000774137675762,1.0,0.07570978254079819,617.068708276382,7.127496719360352,7.148291110992432
calibration,44,8325,0.0018803045386448503,1.0,0.06940063089132309,618.3295326010159,7.196976661682129,7.206799030303955
calibration,44,8350,0.001493812189437449,1.0,0.06624605506658554,620.0270592201689,7.2843475341796875,7.290594577789307
calibration,44,8375,0.0011798149207606912,1.0,0.06624605506658554,622.1633758055051,7.395146369934082,7.403382778167725
calibration,44,8400,0.0009218768100254238,1.0,0.06940063089132309,624.6577803238233,7.529491424560547,7.545624256134033
calibration,44,8425,0.0007125081028789282,1.0,0.06940063089132309,627.3785523746106,7.682806968688965,7.708278179168701
calibration,44,8450,0.0005460888496600091,1.0,0.06940063089132309,630.2179489854136,7.848114490509033,7.883071422576904
calibration,44,8475,0.00041689115460030735,1.0,0.06624605506658554,633.1018514435801,8.02026081085205,8.06397533416748
calibration,44,8500,0.0003180975036229938,1.0,0.06940063089132309,636.0005462299814,8.197004318237305,8.248403549194336
calibration,44,8525,0.0002428122388664633,1.0,0.06624605506658554,638.9152546935268,8.37779426574707,8.435800552368164
calibration,44,8550,0.00018538243602961302,1.0,0.06940063089132309,641.8510396251678,8.562187194824219,8.62572193145752
calibration,44,8575,0.00014154288510326296,1.0,0.06940063089132309,644.807204459166,8.749481201171875,8.817604064941406
calibration,44,8600,0.0001080813817679882,1.0,0.06940063089132309,647.780169854703,8.938863754272461,9.010900497436523
calibration,44,8625,8.2491991634015e-05,1.0,0.06940063089132309,650.7651462302481,9.129544258117676,9.204766273498535
calibration,44,8650,6.291837053140625e-05,1.0,0.06940063089132309,653.7539559288151,9.320699691772461,9.398089408874512
calibration,44,8675,4.7973393520805985e-05,1.0,0.06940063089132309,656.7328893244239,9.51125431060791,9.590054512023926
calibration,44,8700,3.662725066533312e-05,1.0,0.06940063089132309,659.6925684392659,9.699885368347168,9.780464172363281
calibration,44,8725,2.804007090162486e-05,1.0,0.06940063089132309,662.6339335094647,9.886957168579102,9.9697265625
calibration,44,8750,2.1487159756361507e-05,1.0,0.06940063089132309,665.5617398285594,10.074148178100586,10.159368515014648
calibration,44,8775,1.5794998407363892,0.5896226167678833,0.08201892673969269,665.506165662834,6.101132869720459,6.388979434967041
calibration,44,8800,0.19249823689460754,0.9575471878051758,0.07255520671606064,663.5449266209883,5.065789699554443,5.063479423522949
calibration,44,8825,0.015628375113010406,1.0,0.09779179841279984,664.4894428565217,7.1471476554870605,7.109682559967041
calibration,44,8850,0.00806466955691576,1.0,0.11671924591064453,661.806190568292,7.327946662902832,7.278618335723877
calibration,44,8875,0.007114197127521038,1.0,0.12302839010953903,658.6742151283858,7.191500186920166,7.129639625549316
calibration,44,8900,0.006588486954569817,1.0,0.12618295848369598,655.9909661434999,7.045689105987549,6.992684841156006
calibration,44,8925,0.005887907464057207,1.0,0.12933753430843353,653.808710428804,6.93613338470459,6.883368015289307
calibration,44,8950,0.00522815203294158,1.0,0.11671924591064453,652.0851474859018,6.826361179351807,6.77083158493042
calibration,44,8975,0.004628785885870457,1.0,0.11987381428480148,650.9109727962021,6.728179931640625,6.673503875732422
calibration,44,9000,0.004031679127365351,1.0,0.11671924591064453,650.3851318504253,6.665605068206787,6.611178874969482
calibration,44,9025,0.003429173491895199,1.0,0.11041009426116943,650.5294799786159,6.648197174072266,6.593997955322266
calibration,44,9050,0.002841879380866885,1.0,0.11041009426116943,651.3342402211965,6.678144931793213,6.626830101013184
calibration,44,9075,0.002296881750226021,1.0,0.10725551843643188,652.7308934482621,6.752429485321045,6.7046709060668945
calibration,44,9100,0.0018183173378929496,1.0,0.11041009426116943,654.5626321151252,6.861081600189209,6.817031383514404
calibration,44,9125,0.0014157830737531185,1.0,0.10725551843643188,656.7014041402427,6.993077754974365,6.956361293792725
calibration,44,9150,0.0010882728965952992,1.0,0.11041009426116943,659.0945525785384,7.1385273933410645,7.113761901855469
calibration,44,9175,0.0008310857228934765,1.0,0.10725551843643188,661.7803015447042,7.290737152099609,7.280137062072754
calibration,44,9200,0.0006333614001050591,1.0,0.10725551843643188,664.7684308199831,7.449406147003174,7.4551191329956055
calibration,44,9225,0.00048419972881674767,1.0,0.10725551843643188,667.979574160185,7.614828109741211,7.634092807769775
calibration,44,9250,0.00037111021811142564,1.0,0.11041009426116943,671.3311049168879,7.786214828491211,7.817320346832275
calibration,44,9275,0.0002842606045305729,1.0,0.10725551843643188,674.7923848537514,7.963711261749268,8.006409645080566
calibration,44,9300,0.00021752528846263885,1.0,0.10410095006227493,678.3307944338717,8.146531105041504,8.200689315795898
calibration,44,9325,0.00016639802197460085,1.0,0.10094637423753738,681.9130921624056,8.333388328552246,8.398688316345215
calibration,44,9350,0.0001272055524168536,1.0,0.10094637423753738,685.5119167088719,8.523043632507324,8.59884262084961
calibration,44,9375,9.711339953355491e-05,1.0,0.10094637423753738,689.1061332484547,8.713900566101074,8.799458503723145
calibration,44,9400,7.401886250590906e-05,1.0,0.10094637423753738,692.6881159812069,8.904191970825195,8.998297691345215
calibration,44,9425,5.641632742481306e-05,1.0,0.10094637423753738,696.2544998471368,9.09325885772705,9.194862365722656
calibration,44,9450,4.3090578401461244e-05,1.0,0.10094637423753738,699.806704186149,9.282272338867188,9.389852523803711
calibration,44,9475,3.302637196611613e-05,1.0,0.10094637423753738,703.3327660769154,9.472054481506348,9.58538818359375
calibration,44,9500,2.5353996534249745e-05,1.0,0.10094637423753738,706.8200023226153,9.663530349731445,9.78369426727295
calibration,44,9525,1.9467952370177954e-05,1.0,0.10410095006227493,710.2575783226888,9.856868743896484,9.984794616699219
calibration,44,9550,1.0098768472671509,0.698113203048706,0.08832807838916779,702.8729248330739,3.0281341075897217,2.9699771404266357
calibration,44,9575,0.08551870286464691,0.9952830076217651,0.11356467008590698,703.950092041314,6.41552209854126,6.2766242027282715
calibration,44,9600,0.015700437128543854,1.0,0.09463722258806229,704.3578843496227,7.653504848480225,7.636162757873535
calibration,44,9625,0.008414926007390022,1.0,0.11041009426116943,702.2824006064985,7.639562129974365,7.6100850105285645
calibration,44,9650,0.007034942973405123,1.0,0.11671924591064453,700.070339742551,7.466856479644775,7.429266452789307
calibration,44,9675,0.006180290132761002,1.0,0.11671924591064453,698.2973236295248,7.309605598449707,7.268940448760986
calibration,44,9700,0.005327191203832626,1.0,0.11041009426116943,697.1135102180556,7.194551467895508,7.14880895614624
calibration,44,9725,0.004494587425142527,1.0,0.11987381428480148,696.5935121065949,7.121117115020752,7.069099426269531
calibration,44,9750,0.003731071949005127,1.0,0.12618295848369598,696.691258862476,7.078958034515381,7.024196624755859
calibration,44,9775,0.003084949217736721,1.0,0.13249211013317108,697.3332943497221,7.069458484649658,7.014607906341553
calibration,44,9800,0.002526253229007125,1.0,0.13249211013317108,698.4953029410875,7.104288101196289,7.052916049957275
calibration,44,9825,0.0020204191096127033,1.0,0.12933753430843353,700.1169430302755,7.180525302886963,7.136518478393555
calibration,44,9850,0.0015886819455772638,1.0,0.12618295848369598,702.0981707279535,7.283890724182129,7.247087478637695
calibration,44,9875,0.0012338875094428658,1.0,0.12933753430843353,704.3498479326628,7.400330543518066,7.373037815093994
calibration,44,9900,0.0009560236358083785,1.0,0.12933753430843353,706.8859803869219,7.531077861785889,7.519237995147705
calibration,44,9925,0.0007407221128232777,1.0,0.12933753430843353,709.7045260243333,7.677879333496094,7.686516761779785
calibration,44,9950,0.000571324082557112,1.0,0.12618295848369598,712.7643088866707,7.840048789978027,7.870805263519287
calibration,44,9975,0.0004383873601909727,1.0,0.11987381428480148,715.9962897514259,8.014044761657715,8.067166328430176
calibration,44,10000,0.00033544839243404567,1.0,0.12302839010953903,719.3364914958493,8.196660995483398,8.271061897277832
calibration,44,10025,0.00025627569993957877,1.0,0.12302839010953903,722.7504865051612,8.38542366027832,8.47927474975586
calibration,44,10050,0.0001955174666363746,1.0,0.12302839010953903,726.2166972009065,8.577743530273438,8.689757347106934
calibration,44,10075,0.000148553735925816,1.0,0.12618295848369598,729.7052612935895,8.770660400390625,8.899291038513184
calibration,44,10100,0.00011329658445902169,1.0,0.12618295848369598,733.1728966257299,8.959734916687012,9.102137565612793
calibration,44,10125,8.674782293383032e-05,1.0,0.12618295848369598,736.6561966863633,9.150829315185547,9.305721282958984
calibration,44,10150,6.637549086008221e-05,1.0,0.11671924591064453,740.1593291358835,9.34660816192627,9.510856628417969
calibration,44,10175,5.071883060736582e-05,1.0,0.11356467008590698,743.6661225947806,9.544333457946777,9.715922355651855
calibration,44,10200,3.870592263410799e-05,1.0,0.11987381428480148,747.1631672247564,9.74170207977295,9.920158386230469
calibration,44,10225,2.954583032988012e-05,1.0,0.11987381428480148,750.6253625890225,9.938153266906738,10.122424125671387
calibration,44,10250,2.2480138795799576e-05,1.0,0.12302839010953903,754.0483899006935,10.129911422729492,10.320266723632812
calibration,44,10275,1.7174917957163416e-05,1.0,0.12933753430843353,757.4085731209129,10.318708419799805,10.51501750946045
calibration,44,10300,1.31550677906489e-05,1.0,0.12618295848369598,760.7028434827173,10.505269050598145,10.705276489257812
calibration,44,10325,1.0077046681544743e-05,1.0,0.12302839010953903,763.9341704515956,10.692733764648438,10.895771026611328
calibration,44,10350,7.716508662269916e-06,1.0,0.12618295848369598,767.0885664734673,10.880187034606934,11.087520599365234
calibration,44,10375,5.899147708987584e-06,1.0,0.12618295848369598,770.1452005012308,11.066413879394531,11.280412673950195
calibration,44,10400,4.473707576835295e-06,1.0,0.12618295848369598,773.0687075652887,11.246574401855469,11.468465805053711
calibration,44,10425,3.4480635804357007e-06,1.0,0.12618295848369598,775.8386768502977,11.419499397277832,11.647492408752441
calibration,44,10450,2.6687089302868117e-06,1.0,0.12618295848369598,778.5150774254745,11.590031623840332,11.824738502502441
calibration,44,10475,2.0664788280555513e-06,1.0,0.12933753430843353,781.0988789822901,11.758169174194336,12.00124740600586
calibration,44,10500,1.5918921008051257e-06,1.0,0.12933753430843353,783.5738708621517,11.928747177124023,12.17980670928955
calibration,44,10525,1.2337026191744371e-06,1.0,0.12933753430843353,785.9365527434799,12.105338096618652,12.360063552856445
calibration,44,10550,9.598591077519814e-07,1.0,0.12933753430843353,788.1469279120032,12.269452095031738,12.52958869934082
calibration,44,10575,7.585531989207084e-07,1.0,0.12933753430843353,790.1915396628513,12.422776222229004,12.683902740478516
calibration,44,10600,5.848000910191331e-07,1.0,0.13249211013317108,792.1250170908603,12.576112747192383,12.837162017822266
calibration,44,10625,4.6165473577275407e-07,1.0,0.12933753430843353,793.8349511027086,12.718034744262695,12.974387168884277
calibration,44,10650,3.699986166338931e-07,1.0,0.13249211013317108,795.4607079949294,12.858980178833008,13.114021301269531
calibration,44,10675,2.89588570012711e-07,1.0,0.13249211013317108,796.8829277780326,12.954205513000488,13.24129867553711
calibration,44,10700,1.5709275007247925,0.49056604504585266,0.06940063089132309,795.8933359961471,2.591275930404663,2.6120009422302246
calibration,44,10725,0.190687894821167,0.9716981053352356,0.08832807838916779,798.1707882044547,5.99805212020874,5.938851833343506
calibration,44,10750,0.018528679385781288,1.0,0.09463722258806229,797.8019653011323,8.483342170715332,8.481287002563477
calibration,44,10775,0.007933655753731728,1.0,0.10410095006227493,794.6406166496326,8.786306381225586,8.74935245513916
calibration,44,10800,0.006240162532776594,1.0,0.10725551843643188,791.058049430948,8.622588157653809,8.5590181350708
calibration,44,10825,0.005453526973724365,1.0,0.11356467008590698,787.736417644908,8.40860652923584,8.338685989379883
calibration,44,10850,0.004792078863829374,1.0,0.11671924591064453,784.8402009012178,8.202415466308594,8.125117301940918
calibration,44,10875,0.004226305987685919,1.0,0.12302839010953903,782.4220707691496,7.99814510345459,7.9081549644470215
calibration,44,10900,0.003682737937197089,1.0,0.11987381428480148,780.5829526479015,7.815796375274658,7.707638740539551
calibration,44,10925,0.003157124388962984,1.0,0.11987381428480148,779.3961671369901,7.652727127075195,7.530379772186279
calibration,44,10950,0.002711572451516986,1.0,0.12302839010953903,778.8492102042799,7.51414155960083,7.379191875457764
calibration,44,10975,0.002324349945411086,1.0,0.12933753430843353,778.8884242499788,7.411336898803711,7.263759613037109
calibration,44,11000,0.001954847015440464,1.0,0.12933753430843353,779.4722898657691,7.355207920074463,7.196619033813477
calibration,44,11025,0.0015968625666573644,1.0,0.13880126178264618,780.5214429239498,7.347620010375977,7.177357196807861
calibration,44,11050,0.0012544355122372508,1.0,0.14826498925685883,781.915795758428,7.385037899017334,7.203779220581055
calibration,44,11075,0.0009814826771616936,1.0,0.14826498925685883,783.5873907691082,7.446109771728516,7.26242733001709
calibration,44,11100,0.000773877021856606,1.0,0.15772870182991028,785.4433021276728,7.521503448486328,7.335826396942139
calibration,44,11125,0.0006089718663133681,1.0,0.15457412600517273,787.5014800538594,7.622376918792725,7.437377452850342
calibration,44,11150,0.00047463984810747206,1.0,0.15457412600517273,789.7262565652079,7.743886947631836,7.562626361846924
calibration,44,11175,0.00036585648194886744,1.0,0.15772870182991028,792.0479929090421,7.884019374847412,7.708510398864746
calibration,44,11200,0.00028015379211865366,1.0,0.16088327765464783,794.4040085058416,8.038436889648438,7.869030952453613
calibration,44,11225,0.00021435506641864777,1.0,0.16088327765464783,796.7849910895542,8.202401161193848,8.036372184753418
calibration,44,11250,0.00016407146176788956,1.0,0.16403785347938538,799.2086115386501,8.37260627746582,8.206195831298828
calibration,44,11275,0.00012559661990962923,1.0,0.16403785347938538,801.6897173563248,8.547906875610352,8.377341270446777
calibration,44,11300,9.613205475034192e-05,1.0,0.16088327765464783,804.2319243038091,8.727743148803711,8.550350189208984
calibration,44,11325,7.355711568379775e-05,1.0,0.15772870182991028,806.8275240522585,8.911090850830078,8.72481632232666
calibration,44,11350,5.626724669127725e-05,1.0,0.15772870182991028,809.464665148617,9.096611022949219,8.900032997131348
calibration,44,11375,4.306129994802177e-05,1.0,0.15772870182991028,812.133478716322,9.283429145812988,9.075945854187012
calibration,44,11400,3.296168870292604e-05,1.0,0.16088327765464783,814.8238549054253,9.47055721282959,9.252223014831543
calibration,44,11425,2.5245466531487182e-05,1.0,0.16088327765464783,817.5264396403038,9.65798568725586,9.428593635559082
calibration,44,11450,1.9344239262863994e-05,1.0,0.16088327765464783,820.230955900376,9.846061706542969,9.605486869812012
calibration,44,11475,1.4823400306340773e-05,1.0,0.15772870182991028,822.9264635477501,10.034552574157715,9.782463073730469
calibration,44,11500,1.1375957001291681e-05,1.0,0.16088327765464783,825.6021466239753,10.223220825195312,9.959390640258789
calibration,44,11525,8.72583950695116e-06,1.0,0.15772870182991028,828.2445337200672,10.411361694335938,10.135482788085938
calibration,44,11550,6.6953680288861506e-06,1.0,0.16403785347938538,830.8465891005468,10.600046157836914,10.311781883239746
calibration,44,11575,5.151846380613279e-06,1.0,0.16088327765464783,833.4004982539437,10.788668632507324,10.488195419311523
calibration,44,11600,3.947390268876916e-06,1.0,0.16088327765464783,835.8983814496854,10.977777481079102,10.664473533630371
calibration,44,11625,3.0454534680757206e-06,1.0,0.16403785347938538,838.3135606579331,11.162729263305664,10.836827278137207
calibration,44,11650,2.345944949411205e-06,1.0,0.16719242930412292,840.6505020824558,11.34191608428955,11.006757736206055
calibration,44,11675,1.7982586086873198e-06,1.0,0.17034700512886047,842.8837404832893,11.519530296325684,11.173358917236328
calibration,44,11700,1.400145492880256e-06,1.0,0.17034700512886047,845.0234941142215,11.694587707519531,11.335713386535645
calibration,44,11725,1.0903142992901849e-06,1.0,0.17034700512886047,847.0469793523553,11.85937213897705,11.496487617492676
calibration,44,11750,8.507714142069744e-07,1.0,0.17350158095359802,848.9306069450793,12.01871395111084,11.648473739624023
calibration,44,11775,6.646477572758158e-07,1.0,0.17350158095359802,850.7282359914374,12.190579414367676,11.807344436645508
calibration,44,11800,5.139493737260636e-07,1.0,0.17350158095359802,852.3959111409918,12.341819763183594,11.954453468322754
calibration,44,11825,4.0711094584366947e-07,1.0,0.17350158095359802,853.8916530103172,12.46709156036377,12.079614639282227
calibration,44,11850,1.0639488697052002,0.698113203048706,0.11041009426116943,849.0232707501721,6.316864013671875,6.348085403442383
calibration,44,11875,0.06756609678268433,1.0,0.12302839010953903,844.6170354948368,5.93489408493042,5.681346893310547
calibration,44,11900,0.0069715348072350025,1.0,0.12933753430843353,844.9133278514532,7.887645721435547,7.523527145385742
calibration,44,11925,0.004017974715679884,1.0,0.12933753430843353,842.1014818642224,8.052607536315918,7.672791957855225
calibration,44,11950,0.0034983751829713583,1.0,0.12933753430843353,839.0312232571763,7.919754981994629,7.542266368865967
calibration,44,11975,0.0030799342785030603,1.0,0.13249211013317108,836.2532038176104,7.826946258544922,7.454656600952148
calibration,44,12000,0.002681428799405694,1.0,0.13564668595790863,833.8403772310049,7.747920989990234,7.389645576477051
calibration,44,12025,0.002393078524619341,1.0,0.14826498925685883,831.8051419507491,7.634199619293213,7.299771785736084
calibration,44,12050,0.002184812445193529,1.0,0.15457412600517273,830.2163994938605,7.489537239074707,7.183820724487305
calibration,44,12075,0.0020004753023386,1.0,0.15772870182991028,829.1719977852723,7.342458724975586,7.064686298370361
calibration,44,12100,0.0018214856972917914,1.0,0.16403785347938538,828.7793616577806,7.222320079803467,6.965653896331787
calibration,44,12125,0.00162679108325392,1.0,0.16719242930412292,829.0889593798818,7.149666786193848,6.908856391906738
calibration,44,12150,0.0014056608779355884,1.0,0.17350158095359802,830.0839053525345,7.130765438079834,6.901934623718262
calibration,44,12175,0.0011718038003891706,1.0,0.17034700512886047,831.6783609447424,7.162609577178955,6.9432573318481445
calibration,44,12200,0.0009454993414692581,1.0,0.17981073260307312,833.7494522811135,7.236319065093994,7.025585174560547
calibration,44,12225,0.0007434918661601841,1.0,0.18611986935138702,836.1600517762523,7.340897083282471,7.139021396636963
calibration,44,12250,0.0005759853520430624,1.0,0.18611986935138702,838.8006060270076,7.463170051574707,7.271407604217529
calibration,44,12275,0.0004438656906131655,1.0,0.19242902100086212,841.6067147784203,7.596185207366943,7.415252208709717
calibration,44,12300,0.00034080565092153847,1.0,0.19242902100086212,844.5389994480106,7.737381935119629,7.567399978637695
calibration,44,12325,0.0002608268696349114,1.0,0.18927444517612457,847.5717154621833,7.8844757080078125,7.726542949676514
calibration,44,12350,0.00019882664491888136,1.0,0.18296529352664948,850.682745987771,8.03353500366211,7.891251564025879
calibration,44,12375,0.0001514553150627762,1.0,0.18296529352664948,853.8460868960074,8.182908058166504,8.057053565979004
calibration,44,12400,0.00011580534919630736,1.0,0.18296529352664948,857.0288497376602,8.334077835083008,8.223128318786621
calibration,44,12425,8.84782275534235e-05,1.0,0.18296529352664948,860.2244913216847,8.48622989654541,8.390559196472168
calibration,44,12450,6.76149211358279e-05,1.0,0.18296529352664948,863.4223317944115,8.642099380493164,8.560750961303711
calibration,44,12475,5.1727660320466384e-05,1.0,0.18296529352664948,866.6212656671279,8.801519393920898,8.732436180114746
calibration,44,12500,3.962081245845184e-05,1.0,0.18296529352664948,869.8282041668739,8.964370727539062,8.905522346496582
calibration,44,12525,3.0358924050233327e-05,1.0,0.18296529352664948,873.0460912114687,9.130688667297363,9.079669952392578
calibration,44,12550,2.32606143981684e-05,1.0,0.18611986935138702,876.267838539335,9.300031661987305,9.25465202331543
calibration,44,12575,1.782156505214516e-05,1.0,0.18927444517612457,879.482085963005,9.471207618713379,9.430191993713379
calibration,44,12600,1.365495609206846e-05,1.0,0.18927444517612457,882.6725979254015,9.642929077148438,9.60544490814209
calibration,44,12625,1.047234491124982e-05,1.0,0.18927444517612457,885.8319740249476,9.81550407409668,9.780723571777344
calibration,44,12650,8.029149284993764e-06,1.0,0.18611986935138702,888.9509197140704,9.98701286315918,9.954998016357422
calibration,44,12675,6.167366791487439e-06,1.0,0.18611986935138702,892.0228345740285,10.156933784484863,10.127490043640137
calibration,44,12700,4.735741640615743e-06,1.0,0.18611986935138702,895.0441825269372,10.3274507522583,10.300583839416504
calibration,44,12725,3.636998599176877e-06,1.0,0.18296529352664948,898.0015735724559,10.494479179382324,10.470809936523438
calibration,44,12750,2.804786845445051e-06,1.0,0.18296529352664948,900.8885261914945,10.657852172851562,10.638638496398926
calibration,44,12775,2.1581345208687708e-06,1.0,0.18611986935138702,903.7023385177556,10.822677612304688,10.806500434875488
calibration,44,12800,1.6734264818296651e-06,1.0,0.18296529352664948,906.4064630453656,10.977592468261719,10.964459419250488
calibration,44,12825,1.2933072639498278e-06,1.0,0.18296529352664948,909.0486373415807,11.138751983642578,11.127237319946289
calibration,44,12850,1.0009074458139366e-06,1.0,0.18296529352664948,911.5828778817914,11.2958345413208,11.287357330322266
calibration,44,12875,7.697992145949684e-07,1.0,0.18296529352664948,914.005580155187,11.451006889343262,11.445388793945312
calibration,44,12900,5.97733162521763e-07,1.0,0.18611986935138702,916.2714567299863,11.588913917541504,11.585887908935547
calibration,44,12925,4.785239866578195e-07,1.0,0.18927444517612457,918.4365266349429,11.732604026794434,11.726303100585938
calibration,44,12950,0.9833929538726807,0.900943398475647,0.16403785347938538,920.5099405333339,11.81131362915039,11.844381332397461
calibration,44,12975,0.23915039002895355,0.9716981053352356,0.13249211013317108,913.836762595968,5.031869888305664,4.8676438331604
calibration,44,13000,0.013108726590871811,1.0,0.11987381428480148,915.3892493598627,7.993962287902832,7.800130844116211
calibration,44,13025,0.004618515260517597,1.0,0.13249211013317108,913.2805469761521,8.364663124084473,8.156758308410645
calibration,44,13050,0.003950754180550575,1.0,0.12933753430843353,910.3639998135933,8.123127937316895,7.912545680999756
calibration,44,13075,0.003760877065360546,1.0,0.14195583760738373,907.7293474164769,7.880916595458984,7.668697357177734
calibration,44,13100,0.0034962978679686785,1.0,0.14511041343212128,905.5909223622277,7.684808254241943,7.475879192352295
calibration,44,13125,0.0031544764060527086,1.0,0.14826498925685883,903.9561270284793,7.521618843078613,7.319542407989502
calibration,44,13150,0.002755907829850912,1.0,0.15772870182991028,902.8155320892794,7.378146648406982,7.189801216125488
calibration,44,13175,0.0023746411316096783,1.0,0.15772870182991028,902.1781312100306,7.254457473754883,7.084097862243652
calibration,44,13200,0.0020294347777962685,1.0,0.15772870182991028,902.0668907696306,7.160486698150635,7.005728721618652
calibration,44,13225,0.001720527303405106,1.0,0.16403785347938538,902.4984375111657,7.101973533630371,6.961406707763672
calibration,44,13250,0.0014337680768221617,1.0,0.16719242930412292,903.4512505729521,7.087407112121582,6.958721160888672
calibration,44,13275,0.0011677253060042858,1.0,0.17034700512886047,904.8807835977589,7.114810943603516,6.996243476867676
calibration,44,13300,0.0009294855990447104,1.0,0.17034700512886047,906.7258461111751,7.175474166870117,7.065655708312988
calibration,44,13325,0.0007325822953134775,1.0,0.17350158095359802,908.9009746938315,7.260617256164551,7.158099174499512
calibration,44,13350,0.000574827310629189,1.0,0.17665615677833557,911.3387198778777,7.370473861694336,7.275720119476318
calibration,44,13375,0.00044747069478034973,1.0,0.17981073260307312,913.999294190108,7.499640941619873,7.413248538970947
calibration,44,13400,0.0003468736249487847,1.0,0.18296529352664948,916.8337292623943,7.640717029571533,7.561476230621338
calibration,44,13425,0.00026780678308568895,1.0,0.18296529352664948,919.7962688831286,7.792568683624268,7.720082759857178
calibration,44,13450,0.00020607102487701923,1.0,0.18296529352664948,922.8415352263685,7.952089786529541,7.885773181915283
calibration,44,13475,0.00015820706903468817,1.0,0.18296529352664948,925.9371832133766,8.117388725280762,8.056313514709473
calibration,44,13500,0.0001213105206261389,1.0,0.18611986935138702,929.0611007094975,8.287022590637207,8.23015022277832
calibration,44,13525,9.295415657106787e-05,1.0,0.18296529352664948,932.1998523891042,8.459952354431152,8.406319618225098
calibration,44,13550,7.121895032469183e-05,1.0,0.18296529352664948,935.3449260728264,8.635178565979004,8.583791732788086
calibration,44,13575,5.459184103528969e-05,1.0,0.18611986935138702,938.4907377900537,8.812270164489746,8.762105941772461
calibration,44,13600,4.183392957202159e-05,1.0,0.18611986935138702,941.6332661716461,8.991106986999512,8.941094398498535
calibration,44,13625,3.206658220733516e-05,1.0,0.18927444517612457,944.7665054506213,9.171192169189453,9.120363235473633
calibration,44,13650,2.4578621378168464e-05,1.0,0.19242902100086212,947.8846340166556,9.351978302001953,9.299699783325195
calibration,44,13675,1.884550329123158e-05,1.0,0.19242902100086212,950.9842270199329,9.533463478088379,9.479255676269531
calibration,44,13700,1.4447793546423782e-05,1.0,0.19242902100086212,954.059078935096,9.714603424072266,9.65838623046875
calibration,44,13725,1.1079067917307839e-05,1.0,0.19558359682559967,957.1065697147039,9.895362854003906,9.837202072143555
calibration,44,13750,8.484615136694629e-06,1.0,0.19873817265033722,960.129304416402,10.074460983276367,10.014932632446289
calibration,44,13775,6.506998943223152e-06,1.0,0.20189274847507477,963.1306187934135,10.252812385559082,10.192309379577637
calibration,44,13800,4.9899035730049945e-06,1.0,0.20189274847507477,966.1058393507583,10.428498268127441,10.367005348205566
calibration,44,13825,3.835492407233687e-06,1.0,0.20189274847507477,969.0331172863798,10.601624488830566,10.538789749145508
calibration,44,13850,2.948174369521439e-06,1.0,0.20189274847507477,971.9088373576279,10.773819923400879,10.709449768066406
calibration,44,13875,2.28634053200949e-06,1.0,0.20189274847507477,974.7130832575677,10.941095352172852,10.875985145568848
calibration,44,13900,1.7560859078002977e-06,1.0,0.19873817265033722,977.4553370643409,11.108701705932617,11.041613578796387
calibration,44,13925,1.3630333342007361e-06,1.0,0.19873817265033722,980.0985100224198,11.271220207214355,11.20573616027832
calibration,44,13950,1.0554513210081495e-06,1.0,0.19558359682559967,982.6588562547634,11.430678367614746,11.369837760925293
calibration,44,13975,8.181576731658424e-07,1.0,0.20189274847507477,985.0911458997657,11.584625244140625,11.52286434173584
calibration,44,14000,6.410308515114593e-07,1.0,0.20504732429981232,987.4036348961619,11.730386734008789,11.669747352600098
calibration,44,14025,4.982047698831593e-07,1.0,0.20504732429981232,989.6351745157028,11.870734214782715,11.809976577758789
calibration,44,14050,3.908040184796846e-07,1.0,0.20189274847507477,991.7168565472377,12.008302688598633,11.951108932495117
calibration,44,14075,3.1151859047895414e-07,1.0,0.19873817265033722,993.6287945465481,12.122990608215332,12.072820663452148
calibration,44,14100,2.536008878450957e-07,1.0,0.19873817265033722,995.3965236114555,12.208090782165527,12.173961639404297
calibration,44,14125,2.114277748432869e-07,1.0,0.19873817265033722,997.0311132252646,12.262711524963379,12.244662284851074
calibration,44,14150,0.35262295603752136,0.948113203048706,0.12302839010953903,989.7267721829342,4.46556282043457,4.344446182250977
calibration,44,14175,0.022800495848059654,1.0,0.12302839010953903,992.2148077309778,7.20718240737915,6.987959861755371
calibration,44,14200,0.004933150950819254,1.0,0.14511041343212128,990.888841053875,8.17686939239502,7.9803972244262695
calibration,44,14225,0.003470759140327573,1.0,0.14826498925685883,988.0987710190989,8.142343521118164,7.973021507263184
calibration,44,14250,0.0030948955100029707,1.0,0.15772870182991028,985.3402549422764,7.978569984436035,7.817300319671631
calibration,44,14275,0.0028033049311488867,1.0,0.16719242930412292,982.8881236097069,7.820939540863037,7.6748504638671875
calibration,44,14300,0.002565461676567793,1.0,0.17034700512886047,980.7847152468887,7.653284072875977,7.5203094482421875
calibration,44,14325,0.0023801946081221104,1.0,0.17034700512886047,979.0754597793011,7.4698076248168945,7.3475141525268555
calibration,44,14350,0.002208745339885354,1.0,0.18296529352664948,977.8263951721208,7.292644500732422,7.177229404449463
calibration,44,14375,0.0020156200043857098,1.0,0.18296529352664948,977.128873026786,7.149047374725342,7.034328460693359
calibration,44,14400,0.001787831075489521,1.0,0.17981073260307312,977.0418296150553,7.051025390625,6.932668209075928
calibration,44,14425,0.0015343637205660343,1.0,0.18611986935138702,977.5752754217224,7.000000953674316,6.879146099090576
calibration,44,14450,0.0012784604914486408,1.0,0.18611986935138702,978.7028630094168,6.994131565093994,6.87201452255249
calibration,44,14475,0.001035106717608869,1.0,0.18611986935138702,980.3635920780757,7.029294967651367,6.90663480758667
calibration,44,14500,0.000815248058643192,1.0,0.19558359682559967,982.4209991527753,7.092842102050781,6.974818229675293
calibration,44,14525,0.0006347494199872017,1.0,0.19873817265033722,984.715487872013,7.17559814453125,7.064492702484131
calibration,44,14550,0.0004916638717986643,1.0,0.19242902100086212,987.1926764020207,7.273843765258789,7.168985843658447
calibration,44,14575,0.000381519173970446,1.0,0.19558359682559967,989.8353114352618,7.3896331787109375,7.288936614990234
calibration,44,14600,0.000295433186693117,1.0,0.19558359682559967,992.6312619488274,7.521988868713379,7.423537731170654
calibration,44,14625,0.00022793626703787595,1.0,0.19558359682559967,995.5503767424188,7.668817043304443,7.572295188903809
calibration,44,14650,0.00017532949277665466,1.0,0.20189274847507477,998.55419851706,7.8262248039245605,7.731960296630859
calibration,44,14675,0.000134615387651138,1.0,0.20504732429981232,1001.6127147826471,7.990253448486328,7.8990559577941895
calibration,44,14700,0.00010328969801776111,1.0,0.20820190012454987,1004.7078267685176,8.158361434936523,8.071014404296875
calibration,44,14725,7.922338409116492e-05,1.0,0.20189274847507477,1007.8294081275072,8.329388618469238,8.246358871459961
calibration,44,14750,6.0748443502234295e-05,1.0,0.20189274847507477,1010.9696017192368,8.502827644348145,8.424226760864258
calibration,44,14775,4.6579978516092524e-05,1.0,0.20189274847507477,1014.1206395253387,8.678298950195312,8.604042053222656
calibration,44,14800,3.5715729609364644e-05,1.0,0.20189274847507477,1017.2755826185274,8.855525016784668,8.785195350646973
calibration,44,14825,2.7392839911044575e-05,1.0,0.19873817265033722,1020.4301856417403,9.034662246704102,8.967700958251953
calibration,44,14850,2.101481004501693e-05,1.0,0.20189274847507477,1023.5805848615778,9.215362548828125,9.151054382324219
calibration,44,14875,1.6114428945002146e-05,1.0,0.20189274847507477,1026.719008028102,9.396697998046875,9.334657669067383
calibration,44,14900,1.2374036487017293e-05,1.0,0.20189274847507477,1029.8428414038133,9.578470230102539,9.51832103729248
calibration,44,14925,9.495628546574153e-06,1.0,0.19558359682559967,1032.9492708751782,9.760772705078125,9.701815605163574
calibration,44,14950,7.293095222848933e-06,1.0,0.19873817265033722,1036.0328321210905,9.942505836486816,9.88451862335205
calibration,44,14975,5.606749709841097e-06,1.0,0.19873817265033722,1039.0831572195473,10.122593879699707,10.065605163574219
calibration,44,15000,4.309514679334825e-06,1.0,0.19873817265033722,1042.1056981109716,10.303061485290527,10.246504783630371
